{
  "att": 113.66184137381072,
  "p": 6.172991231456895e-16,
  "ci_lo": 86.11087331332006,
  "ci_hi": 141.21280943430136,
  "r2": 0.5625136696494268,
  "parallel_trends_p": 0.9343598264800689,
  "att_psm": 98.9925114959212,
  "p_psm": 1.4404324403331576e-15,
  "matched_n": 920
}