platform_shop_id,source,visibility_score,review_count,avg_rating,blog_mention_30d,sns_mention_30d,raw
ba_10015935,naver_place,1.0,1,,14,2,"{""found_in_local"": true, ""local_rank"": 1, ""first_title"": ""굽네치킨 창원봉곡사림점"", ""address_input"": ""경상남도 창원시 의창구 사림로 53""}"
ba_10016162,naver_place,1.0,1,,10,3,"{""found_in_local"": true, ""local_rank"": 1, ""first_title"": ""굽네치킨 신월사파점"", ""address_input"": ""경상남도 창원시 성산구 신사로45번길 33""}"
ba_10019194,naver_place,1.0,1,,35,7,"{""found_in_local"": true, ""local_rank"": 1, ""first_title"": ""굽네치킨 신탄진점"", ""address_input"": ""대전광역시 대덕구 덕암로 255""}"
ba_10019807,naver_place,1.0,1,,32,18,"{""found_in_local"": true, ""local_rank"": 1, ""first_title"": ""굽네치킨 부산덕천점"", ""address_input"": ""부산광역시 북구 만덕대로102번가길 46""}"
ba_10020109,naver_place,1.0,1,,13,7,"{""found_in_local"": true, ""local_rank"": 1, ""first_title"": ""굽네치킨 부산동삼점"", ""address_input"": ""부산광역시 영도구 동삼로 79""}"
ba_10022124,naver_place,1.0,1,,28,2,"{""found_in_local"": true, ""local_rank"": 1, ""first_title"": ""굽네치킨 삼산2동점"", ""address_input"": ""인천광역시 부평구 체육관로 27""}"
ba_10024499,naver_place,1.0,1,,13,3,"{""found_in_local"": true, ""local_rank"": 1, ""first_title"": ""굽네치킨 보령동대점"", ""address_input"": ""충청남도 보령시 명천로3길 33""}"
ba_10040420,naver_place,1.0,1,,28,2,"{""found_in_local"": true, ""local_rank"": 1, ""first_title"": ""굽네치킨 김해진영점"", ""address_input"": ""경상남도 김해시 진영읍 장등로 30""}"
ba_10040590,naver_place,1.0,1,,10,5,"{""found_in_local"": true, ""local_rank"": 1, ""first_title"": ""굽네치킨 삼숭고읍점"", ""address_input"": ""경기도 양주시 삼숭로 157""}"
ba_10040621,naver_place,1.0,1,,11,3,"{""found_in_local"": true, ""local_rank"": 1, ""first_title"": ""굽네치킨 울산성안점"", ""address_input"": ""울산광역시 중구 백양로 14""}"
ba_10040679,naver_place,1.0,1,,4,3,"{""found_in_local"": true, ""local_rank"": 1, ""first_title"": ""굽네치킨 진주칠암망경점"", ""address_input"": ""경상남도 진주시 진주대로 830""}"
ba_10040685,naver_place,1.0,1,,56,5,"{""found_in_local"": true, ""local_rank"": 1, ""first_title"": ""굽네치킨 창원팔용점"", ""address_input"": ""경상남도 창원시 의창구 의창대로132번길 25""}"
ba_10041246,naver_place,1.0,1,,11,2,"{""found_in_local"": true, ""local_rank"": 1, ""first_title"": ""굽네치킨 수색증산점"", ""address_input"": ""서울특별시 은평구 증산서길 98""}"
ba_10204887,naver_place,1.0,1,,11,1,"{""found_in_local"": true, ""local_rank"": 1, ""first_title"": ""굽네치킨 대구매호점"", ""address_input"": ""대구광역시 수성구 달구벌대로637길 22-3""}"
ba_10401021,naver_place,1.0,1,,141,104,"{""found_in_local"": true, ""local_rank"": 1, ""first_title"": ""굽네치킨 가산점"", ""address_input"": ""서울특별시 금천구 시흥대로149길 48""}"
ba_10416959,naver_place,1.0,1,,16,8,"{""found_in_local"": true, ""local_rank"": 1, ""first_title"": ""굽네치킨 은행동점"", ""address_input"": ""경기도 성남시 중원구 산성대로552번길 11""}"
ba_10418082,naver_place,1.0,1,,7,6,"{""found_in_local"": true, ""local_rank"": 1, ""first_title"": ""굽네치킨 여수관문점"", ""address_input"": ""전라남도 여수시 충무로 58-19""}"
ba_10432360,naver_place,1.0,1,,6,3,"{""found_in_local"": true, ""local_rank"": 1, ""first_title"": ""굽네치킨 영주휴천점"", ""address_input"": ""경상북도 영주시 지천로 136""}"
ba_10469515,naver_place,1.0,4,,11,2,"{""found_in_local"": true, ""local_rank"": 1, ""first_title"": ""굽네치킨 성서계명대점"", ""address_input"": ""대구광역시 달서구 서당로9안길 5""}"
ba_10476209,naver_place,1.0,1,,19,13,"{""found_in_local"": true, ""local_rank"": 1, ""first_title"": ""굽네치킨 경남사천점"", ""address_input"": ""경상남도 사천시 정동면 진삼로 1378""}"
ba_10497667,naver_place,1.0,1,,17,8,"{""found_in_local"": true, ""local_rank"": 1, ""first_title"": ""굽네치킨 온의퇴계점"", ""address_input"": ""강원특별자치도 춘천시 터미널길 18""}"
ba_10499851,naver_place,1.0,3,,98,13,"{""found_in_local"": true, ""local_rank"": 1, ""first_title"": ""굽네치킨 부산대신점"", ""address_input"": ""부산광역시 서구 구덕로339번길 31""}"
ba_10501929,naver_place,1.0,1,,41,14,"{""found_in_local"": true, ""local_rank"": 1, ""first_title"": ""굽네치킨 포항양덕점"", ""address_input"": ""경상북도 포항시 북구 신덕로 205""}"
ba_10509105,naver_place,1.0,1,,5,1,"{""found_in_local"": true, ""local_rank"": 1, ""first_title"": ""굽네치킨 강저지구점"", ""address_input"": ""충청북도 제천시 청풍호로7안길 15""}"
ba_10571616,naver_place,1.0,1,,17,1,"{""found_in_local"": true, ""local_rank"": 1, ""first_title"": ""굽네치킨 답십리1동점"", ""address_input"": ""서울특별시 동대문구 전농로 71""}"
ba_10580903,naver_place,1.0,1,,18,2,"{""found_in_local"": true, ""local_rank"": 1, ""first_title"": ""굽네치킨 길음1동점"", ""address_input"": ""서울특별시 성북구 서경로 60""}"
ba_10583009,naver_place,1.0,1,,46,14,"{""found_in_local"": true, ""local_rank"": 1, ""first_title"": ""굽네치킨 광주용봉점"", ""address_input"": ""광주광역시 북구 저불로69번길 18""}"
ba_10597203,naver_place,1.0,1,,68,34,"{""found_in_local"": true, ""local_rank"": 1, ""first_title"": ""굽네치킨 광주상무점"", ""address_input"": ""광주광역시 서구 상무공원로 112""}"
ba_10604883,naver_place,1.0,1,,38,11,"{""found_in_local"": true, ""local_rank"": 1, ""first_title"": ""굽네치킨 거제고현점"", ""address_input"": ""경상남도 거제시 고현로11길 14""}"
ba_10605803,naver_place,1.0,1,,106,67,"{""found_in_local"": true, ""local_rank"": 1, ""first_title"": ""굽네치킨 구월점"", ""address_input"": ""인천광역시 남동구 용천로 22""}"
ba_10620671,naver_place,1.0,1,,17,1,"{""found_in_local"": true, ""local_rank"": 1, ""first_title"": ""굽네치킨 광주백운점"", ""address_input"": ""광주광역시 남구 백운로 29""}"
ba_10627648,naver_place,1.0,1,,16,1,"{""found_in_local"": true, ""local_rank"": 1, ""first_title"": ""굽네치킨 상주냉림무양점"", ""address_input"": ""경상북도 상주시 냉림2길 31-3""}"
ba_10636815,naver_place,1.0,1,,9,3,"{""found_in_local"": true, ""local_rank"": 1, ""first_title"": ""굽네치킨 완도점"", ""address_input"": ""전라남도 완도군 완도읍 개포로145번길 27""}"
ba_10636817,naver_place,1.0,1,,26,16,"{""found_in_local"": true, ""local_rank"": 1, ""first_title"": ""굽네치킨 양산물금점"", ""address_input"": ""경상남도 양산시 물금읍 버들길 36""}"
ba_10638951,naver_place,1.0,1,,7,4,"{""found_in_local"": true, ""local_rank"": 1, ""first_title"": ""굽네치킨 영천동부점"", ""address_input"": ""경상북도 영천시 창신1길 42""}"
ba_10657170,naver_place,1.0,1,,31,11,"{""found_in_local"": true, ""local_rank"": 1, ""first_title"": ""굽네치킨 가좌1호점"", ""address_input"": ""인천광역시 서구 장고개로337번길 16""}"
ba_10685624,naver_place,1.0,1,,30,18,"{""found_in_local"": true, ""local_rank"": 1, ""first_title"": ""굽네치킨 광주문흥점"", ""address_input"": ""광주광역시 북구 천지인로173번길 28""}"
ba_10698232,naver_place,1.0,1,,18,1,"{""found_in_local"": true, ""local_rank"": 1, ""first_title"": ""굽네치킨 대구연경점"", ""address_input"": ""대구광역시 동구 동화천로 372""}"
ba_10698315,naver_place,1.0,1,,16,4,"{""found_in_local"": true, ""local_rank"": 1, ""first_title"": ""굽네치킨 풍기점"", ""address_input"": ""경상북도 영주시 풍기읍 기주로 89""}"
ba_10705443,naver_place,1.0,1,,0,2,"{""found_in_local"": true, ""local_rank"": 1, ""first_title"": ""굽네치킨 거제연초점"", ""address_input"": ""경상남도 거제시 연초면 거제북로 48""}"
ba_10706208,naver_place,1.0,1,,15,4,"{""found_in_local"": true, ""local_rank"": 1, ""first_title"": ""굽네치킨 부산우동점"", ""address_input"": ""부산광역시 해운대구 해운대로 663""}"
ba_10739524,naver_place,1.0,1,,7,2,"{""found_in_local"": true, ""local_rank"": 1, ""first_title"": ""굽네치킨 강원횡성점"", ""address_input"": ""강원특별자치도 횡성군 횡성읍 대동로 15-1""}"
ba_10739556,naver_place,1.0,1,,19,4,"{""found_in_local"": true, ""local_rank"": 1, ""first_title"": ""굽네치킨 양산석산점"", ""address_input"": ""경상남도 양산시 동면 금오12길 4-5""}"
ba_10750970,naver_place,1.0,1,,36,6,"{""found_in_local"": true, ""local_rank"": 1, ""first_title"": ""굽네치킨 청주강서지구점"", ""address_input"": ""충청북도 청주시 흥덕구 서현북로 24""}"
ba_10759478,naver_place,1.0,1,,19,7,"{""found_in_local"": true, ""local_rank"": 1, ""first_title"": ""굽네치킨 울산남목점"", ""address_input"": ""울산광역시 동구 미포3길 35""}"
ba_10768614,naver_place,0.0,0,,4,3,"{""found_in_local"": false, ""local_rank"": null, ""first_title"": null, ""address_input"": ""경상남도 창원시 성산구 신사로45번길 33""}"
ba_10771255,naver_place,1.0,1,,19,3,"{""found_in_local"": true, ""local_rank"": 1, ""first_title"": ""굽네치킨 제천하소점"", ""address_input"": ""충청북도 제천시 용두대로15가길 13""}"
ba_10774000,naver_place,1.0,1,,85,25,"{""found_in_local"": true, ""local_rank"": 1, ""first_title"": ""굽네치킨 울산삼산점"", ""address_input"": ""울산광역시 남구 돋질로 334""}"
ba_10774794,naver_place,1.0,1,,9,1,"{""found_in_local"": true, ""local_rank"": 1, ""first_title"": ""굽네치킨 광주송정점"", ""address_input"": ""경기도 광주시 이배재로 108""}"
ba_10776500,naver_place,1.0,2,,61,41,"{""found_in_local"": true, ""local_rank"": 1, ""first_title"": ""굽네치킨 가양점"", ""address_input"": ""서울특별시 강서구 양천로 443-36""}"
ba_10798649,naver_place,1.0,1,,43,6,"{""found_in_local"": true, ""local_rank"": 1, ""first_title"": ""굽네치킨 암사3동점"", ""address_input"": ""서울특별시 강동구 암사길 88""}"
ba_10800862,naver_place,1.0,1,,108,72,"{""found_in_local"": true, ""local_rank"": 1, ""first_title"": ""굽네치킨 송파점"", ""address_input"": ""서울특별시 송파구 송이로 29-1""}"
ba_10821092,naver_place,1.0,1,,23,11,"{""found_in_local"": true, ""local_rank"": 1, ""first_title"": ""굽네치킨 주안3호점"", ""address_input"": ""인천광역시 미추홀구 인하로 230""}"
ba_10840065,naver_place,1.0,1,,38,7,"{""found_in_local"": true, ""local_rank"": 1, ""first_title"": ""굽네치킨 천안백석점"", ""address_input"": ""충청남도 천안시 서북구 백석3로 134""}"
ba_10841421,naver_place,1.0,5,,93,55,"{""found_in_local"": true, ""local_rank"": 1, ""first_title"": ""굽네치킨 인계동수원점"", ""address_input"": ""경기도 수원시 팔달구 세지로152번길 28""}"
ba_10841883,naver_place,1.0,1,,9,1,"{""found_in_local"": true, ""local_rank"": 1, ""first_title"": ""굽네치킨 선부3동점"", ""address_input"": ""경기도 안산시 단원구 달미로 96-1""}"
ba_10872945,naver_place,1.0,1,,33,6,"{""found_in_local"": true, ""local_rank"": 1, ""first_title"": ""굽네치킨 대구대현점"", ""address_input"": ""대구광역시 북구 대현로 106""}"
ba_12014214,naver_place,1.0,1,,24,10,"{""found_in_local"": true, ""local_rank"": 1, ""first_title"": ""굽네치킨 대전가오점"", ""address_input"": ""대전광역시 동구 신기로101번길 30-10""}"
ba_12015187,naver_place,0.5,5,,5,2,"{""found_in_local"": true, ""local_rank"": 2, ""first_title"": ""피자굽네"", ""address_input"": ""서울특별시 성북구 서경로 60""}"
ba_12016615,naver_place,0.5,5,,41,17,"{""found_in_local"": true, ""local_rank"": 2, ""first_title"": ""굽네치킨 울산달동점"", ""address_input"": ""울산광역시 남구 돋질로 334""}"
ba_12018905,naver_place,1.0,1,,0,2,"{""found_in_local"": true, ""local_rank"": 1, ""first_title"": ""굽네치킨 거제연초점"", ""address_input"": ""경상남도 거제시 연초면 거제북로 48""}"
ba_12019541,naver_place,1.0,1,,8,1,"{""found_in_local"": true, ""local_rank"": 1, ""first_title"": ""굽네치킨 양산석산점"", ""address_input"": ""경상남도 양산시 동면 금오12길 4-5""}"
ba_12020564,naver_place,1.0,1,,30,7,"{""found_in_local"": true, ""local_rank"": 1, ""first_title"": ""굽네치킨 거제고현점"", ""address_input"": ""경상남도 거제시 고현로11길 14""}"
ba_12029686,naver_place,0.0,0,,1392,783,"{""found_in_local"": false, ""local_rank"": null, ""first_title"": null, ""address_input"": ""전라남도 나주시 상야3길 8""}"
ba_13003575,naver_place,1.0,1,,1,3,"{""found_in_local"": true, ""local_rank"": 1, ""first_title"": ""굽네치킨 여수관문점"", ""address_input"": ""전라남도 여수시 충무로 58-19""}"
ba_13052096,naver_place,1.0,1,,30,4,"{""found_in_local"": true, ""local_rank"": 1, ""first_title"": ""굽네치킨 구로5동점"", ""address_input"": ""서울특별시 구로구 구로중앙로28길 31""}"
ba_13056957,naver_place,1.0,3,,30,14,"{""found_in_local"": true, ""local_rank"": 1, ""first_title"": ""굽네치킨 인천석남점"", ""address_input"": ""인천광역시 서구 석남로 78""}"
ba_13062668,naver_place,1.0,1,,8,5,"{""found_in_local"": true, ""local_rank"": 1, ""first_title"": ""굽네치킨 포항흥해점"", ""address_input"": ""경상북도 포항시 북구 흥해읍 초곡지구로58번길 2""}"
ba_13076527,naver_place,1.0,1,,35,6,"{""found_in_local"": true, ""local_rank"": 1, ""first_title"": ""굽네치킨 창2동점"", ""address_input"": ""서울특별시 도봉구 도봉로110다길 51""}"
ba_13081281,naver_place,1.0,1,,137,32,"{""found_in_local"": true, ""local_rank"": 1, ""first_title"": ""굽네치킨 하늘도시1호점"", ""address_input"": ""인천광역시 중구 자연대로 40""}"
ba_13085339,naver_place,1.0,1,,26,26,"{""found_in_local"": true, ""local_rank"": 1, ""first_title"": ""굽네치킨 등촌3동점"", ""address_input"": ""서울특별시 강서구 양천로 443-36""}"
ba_13103901,naver_place,0.0,0,,212,581,"{""found_in_local"": false, ""local_rank"": null, ""first_title"": null, ""address_input"": ""전라남도 나주시 상야3길 8""}"
ba_13168465,naver_place,1.0,1,,13,3,"{""found_in_local"": true, ""local_rank"": 1, ""first_title"": ""본죽&amp;비빔밥 울산약사점"", ""address_input"": ""울산광역시 중구 번영로 487""}"
ba_13181486,naver_place,1.0,1,,67,5,"{""found_in_local"": true, ""local_rank"": 1, ""first_title"": ""본죽&amp;비빔밥 천안두정점"", ""address_input"": ""충청남도 천안시 서북구 서부대로 688""}"
ba_13181699,naver_place,1.0,1,,13,4,"{""found_in_local"": true, ""local_rank"": 1, ""first_title"": ""본죽 김포양곡점"", ""address_input"": ""경기도 김포시 양촌읍 양곡2로 30""}"
ba_13181719,naver_place,1.0,1,,13,0,"{""found_in_local"": true, ""local_rank"": 1, ""first_title"": ""본죽&amp;비빔밥 칠곡석적점"", ""address_input"": ""경상북도 칠곡군 석적읍 유학로 3""}"
ba_13181957,naver_place,1.0,1,,58,6,"{""found_in_local"": true, ""local_rank"": 1, ""first_title"": ""본죽&amp;비빔밥cafe 천안신불당북부점"", ""address_input"": ""충청남도 천안시 서북구 불당25로 192""}"
ba_13182018,naver_place,1.0,1,,47,8,"{""found_in_local"": true, ""local_rank"": 1, ""first_title"": ""본죽&amp;비빔밥cafe 순천중앙점"", ""address_input"": ""전라남도 순천시 중앙로 73""}"
ba_13182129,naver_place,1.0,1,,3,4,"{""found_in_local"": true, ""local_rank"": 1, ""first_title"": ""본죽 천안순천향병원점"", ""address_input"": ""충청남도 천안시 동남구 순천향3길 41""}"
ba_13186079,naver_place,1.0,1,,11,7,"{""found_in_local"": true, ""local_rank"": 1, ""first_title"": ""본죽 오산궐동점"", ""address_input"": ""경기도 오산시 궐리사로 53""}"
ba_13188150,naver_place,1.0,1,,36,9,"{""found_in_local"": true, ""local_rank"": 1, ""first_title"": ""본죽&amp;비빔밥 제주법원점"", ""address_input"": ""제주특별자치도 제주시 중앙로 320-1""}"
ba_13189796,naver_place,1.0,1,,22,1,"{""found_in_local"": true, ""local_rank"": 1, ""first_title"": ""본죽&amp;비빔밥 아산탕정점"", ""address_input"": ""충청남도 아산시 탕정면 탕정면로 37""}"
ba_13189894,naver_place,0.0,0,,2246,438,"{""found_in_local"": false, ""local_rank"": null, ""first_title"": null, ""address_input"": ""경상남도 양산시 물금읍 화합2길 8""}"
ba_13193158,naver_place,1.0,1,,15,0,"{""found_in_local"": true, ""local_rank"": 1, ""first_title"": ""본 죽&amp;비빔밥 인천당하점"", ""address_input"": ""인천광역시 서구 청마로167번길 16""}"
ba_13199208,naver_place,1.0,1,,4,1,"{""found_in_local"": true, ""local_rank"": 1, ""first_title"": ""본죽 울주덕신점"", ""address_input"": ""울산광역시 울주군 온산읍 덕신로 269""}"
ba_13199335,naver_place,0.5,4,,27,4,"{""found_in_local"": true, ""local_rank"": 2, ""first_title"": ""본죽&amp;비빔밥cafe 울산월드점"", ""address_input"": ""울산광역시 북구 매곡1로 46""}"
ba_13199394,naver_place,1.0,1,,18,1,"{""found_in_local"": true, ""local_rank"": 1, ""first_title"": ""본죽&amp;비빔밥cafe 울산야음점"", ""address_input"": ""울산광역시 남구 수암로149번길 9""}"
ba_13199864,naver_place,1.0,3,,8,2,"{""found_in_local"": true, ""local_rank"": 1, ""first_title"": ""본죽&amp;비빔밥 울산서부명덕점"", ""address_input"": ""울산광역시 동구 방어진순환도로 1120""}"
ba_13200219,naver_place,1.0,1,,8,1,"{""found_in_local"": true, ""local_rank"": 1, ""first_title"": ""본죽&amp;비빔밥cafe 안성당왕점"", ""address_input"": ""경기도 안성시 고수2로 18""}"
ba_13200236,naver_place,1.0,1,,4791,2,"{""found_in_local"": true, ""local_rank"": 1, ""first_title"": ""본죽 남양주진접롯데시네마점 (지역화폐 사용가능)"", ""address_input"": ""경기도 남양주시 진접읍 해밀예당1로 30-9""}"
ba_13203399,naver_place,1.0,1,,6,1,"{""found_in_local"": true, ""local_rank"": 1, ""first_title"": ""본죽&amp;비빔밥cafe 제주강정점"", ""address_input"": ""제주특별자치도 서귀포시 대청로25번길 4""}"
ba_13207953,naver_place,1.0,1,,3,2,"{""found_in_local"": true, ""local_rank"": 1, ""first_title"": ""본 죽&amp;비빔밥 자양동점"", ""address_input"": ""서울특별시 광진구 뚝섬로 642""}"
ba_13219045,naver_place,1.0,1,,27,14,"{""found_in_local"": true, ""local_rank"": 1, ""first_title"": ""본죽 구리인창아름마을점"", ""address_input"": ""경기도 구리시 동구릉로85번길 9""}"
ba_13219094,naver_place,1.0,1,,9,3,"{""found_in_local"": true, ""local_rank"": 1, ""first_title"": ""본죽&amp;비빔밥 남양주덕소점"", ""address_input"": ""경기도 남양주시 와부읍 덕소로97번길 13""}"
ba_13219734,naver_place,1.0,1,,17,2,"{""found_in_local"": true, ""local_rank"": 1, ""first_title"": ""본죽 구리토평점"", ""address_input"": ""경기도 구리시 장자대로 74""}"
ba_13219951,naver_place,1.0,1,,18,3,"{""found_in_local"": true, ""local_rank"": 1, ""first_title"": ""본죽&amp;비빔밥 순천연향점"", ""address_input"": ""전라남도 순천시 연향번영길 122""}"
ba_13221638,naver_place,1.0,1,,12,1,"{""found_in_local"": true, ""local_rank"": 1, ""first_title"": ""본죽&amp;비빔밥cafe 이천마장점"", ""address_input"": ""경기도 이천시 마장면 오천로 49""}"
ba_13221865,naver_place,1.0,1,,12,1,"{""found_in_local"": true, ""local_rank"": 1, ""first_title"": ""본죽 처인구청점"", ""address_input"": ""경기도 용인시 처인구 금령로 43""}"
ba_13221975,naver_place,1.0,2,,24,2,"{""found_in_local"": true, ""local_rank"": 1, ""first_title"": ""본죽&amp;비빔밥cafe 용인마평점"", ""address_input"": ""경기도 용인시 처인구 금령로 147""}"
ba_13222051,naver_place,1.0,5,,39,21,"{""found_in_local"": true, ""local_rank"": 1, ""first_title"": ""본죽&amp;비빔밥 이천갈산점"", ""address_input"": ""경기도 이천시 서희로59번길 3-2""}"
ba_13222170,naver_place,1.0,1,,8,0,"{""found_in_local"": true, ""local_rank"": 1, ""first_title"": ""본죽&amp;비빔밥 전북김제점"", ""address_input"": ""전북특별자치도 김제시 동서로 244-1""}"
ba_13222803,naver_place,1.0,1,,29,19,"{""found_in_local"": true, ""local_rank"": 1, ""first_title"": ""본죽 오금점"", ""address_input"": ""서울특별시 송파구 중대로23길 20""}"
ba_13223141,naver_place,1.0,1,,33,11,"{""found_in_local"": true, ""local_rank"": 1, ""first_title"": ""본죽 일산탄현점"", ""address_input"": ""경기도 고양시 일산서구 일현로 56""}"
ba_13223329,naver_place,1.0,1,,10,2,"{""found_in_local"": true, ""local_rank"": 1, ""first_title"": ""본죽&amp;비빔밥 양주덕정점"", ""address_input"": ""경기도 양주시 회정로 135""}"
ba_13223367,naver_place,1.0,1,,135,24,"{""found_in_local"": true, ""local_rank"": 1, ""first_title"": ""본죽 성수역점"", ""address_input"": ""서울특별시 성동구 아차산로7길 15""}"
ba_13223504,naver_place,1.0,1,,125,30,"{""found_in_local"": true, ""local_rank"": 1, ""first_title"": ""본죽&amp;비빔밥cafe 문정법조단지점"", ""address_input"": ""서울특별시 송파구 송파대로 167""}"
ba_13223520,naver_place,1.0,1,,21,0,"{""found_in_local"": true, ""local_rank"": 1, ""first_title"": ""본죽 신림고시촌점"", ""address_input"": ""서울특별시 관악구 대학길 30""}"
ba_13223538,naver_place,1.0,2,,7,0,"{""found_in_local"": true, ""local_rank"": 1, ""first_title"": ""본죽&amp;비빔밥cafe 인천신포동점"", ""address_input"": ""인천광역시 중구 신포로 18-1""}"
ba_13223654,naver_place,1.0,1,,151,44,"{""found_in_local"": true, ""local_rank"": 1, ""first_title"": ""본죽&amp;비빔밥 고양행신역점"", ""address_input"": ""경기도 고양시 덕양구 충경로 38""}"
ba_13223711,naver_place,1.0,5,,40,9,"{""found_in_local"": true, ""local_rank"": 1, ""first_title"": ""본죽&amp;비빔밥cafe 중앙대점"", ""address_input"": ""서울특별시 동작구 흑석로 91""}"
ba_13223885,naver_place,1.0,1,,67,2,"{""found_in_local"": true, ""local_rank"": 1, ""first_title"": ""본죽&amp;비빔밥 관악우체국점"", ""address_input"": ""서울특별시 관악구 남부순환로 1637""}"
ba_13224027,naver_place,1.0,1,,25,0,"{""found_in_local"": true, ""local_rank"": 1, ""first_title"": ""본죽 삼전동점"", ""address_input"": ""서울특별시 송파구 백제고분로 202""}"
ba_13224710,naver_place,1.0,1,,6,0,"{""found_in_local"": true, ""local_rank"": 1, ""first_title"": ""본죽 안양관양동점"", ""address_input"": ""경기도 안양시 동안구 관평로 327""}"
ba_13224790,naver_place,1.0,1,,26,7,"{""found_in_local"": true, ""local_rank"": 1, ""first_title"": ""본죽&amp;비빔밥cafe 안양덕천래미안점"", ""address_input"": ""경기도 안양시 만안구 태평로60번길 42""}"
ba_13224802,naver_place,1.0,1,,11,3,"{""found_in_local"": true, ""local_rank"": 1, ""first_title"": ""본죽&amp;비빔밥 안양박달점"", ""address_input"": ""경기도 안양시 만안구 박달로 529""}"
ba_13224833,naver_place,1.0,1,,13,9,"{""found_in_local"": true, ""local_rank"": 1, ""first_title"": ""본죽 명학역점"", ""address_input"": ""경기도 안양시 만안구 안양로 145""}"
ba_13224844,naver_place,0.3333,5,,105,40,"{""found_in_local"": true, ""local_rank"": 3, ""first_title"": ""본죽&amp;비빔밥cafe 범계로데오점"", ""address_input"": ""경기도 안양시 동안구 관평로170번길 33""}"
ba_13225746,naver_place,1.0,1,,81,82,"{""found_in_local"": true, ""local_rank"": 1, ""first_title"": ""본죽 고양점"", ""address_input"": ""경기도 고양시 덕양구 혜음로 21""}"
ba_13225754,naver_place,1.0,5,,1593,4,"{""found_in_local"": true, ""local_rank"": 1, ""first_title"": ""본죽&amp;비빔밥cafe 일산라페스타점"", ""address_input"": ""경기도 고양시 일산동구 무궁화로 37""}"
ba_13225842,naver_place,1.0,1,,50,7,"{""found_in_local"": true, ""local_rank"": 1, ""first_title"": ""본죽 동인천점"", ""address_input"": ""인천광역시 중구 우현로83번길 1""}"
ba_13225939,naver_place,1.0,1,,10,5,"{""found_in_local"": true, ""local_rank"": 1, ""first_title"": ""본 죽&amp;비빔밥 경남거제옥포점"", ""address_input"": ""경상남도 거제시 옥포대첩로 45""}"
ba_13226530,naver_place,1.0,1,,73,9,"{""found_in_local"": true, ""local_rank"": 1, ""first_title"": ""본죽&amp;비빔밥cafe 목동사거리점"", ""address_input"": ""서울특별시 양천구 등촌로 32""}"
ba_13226546,naver_place,1.0,1,,473,6,"{""found_in_local"": true, ""local_rank"": 1, ""first_title"": ""본 죽&amp;비빔밥 부산대학병원점"", ""address_input"": ""부산광역시 서구 까치고개로 212-1""}"
ba_13226567,naver_place,1.0,1,,65,16,"{""found_in_local"": true, ""local_rank"": 1, ""first_title"": ""본죽 신정점"", ""address_input"": ""서울특별시 양천구 은행정로 16""}"
ba_13226580,naver_place,1.0,1,,132,77,"{""found_in_local"": true, ""local_rank"": 1, ""first_title"": ""본죽 등촌역점"", ""address_input"": ""서울특별시 양천구 등촌로 206""}"
ba_13226670,naver_place,1.0,5,,29,8,"{""found_in_local"": true, ""local_rank"": 1, ""first_title"": ""본 죽&amp;비빔밥 부산영도점"", ""address_input"": ""부산광역시 영도구 태종로 127-1""}"
ba_13226843,naver_place,1.0,1,,26,7,"{""found_in_local"": true, ""local_rank"": 1, ""first_title"": ""본죽 부산가야점"", ""address_input"": ""부산광역시 부산진구 가야대로 613""}"
ba_13226851,naver_place,1.0,1,,219,83,"{""found_in_local"": true, ""local_rank"": 1, ""first_title"": ""본죽 부산진역점"", ""address_input"": ""부산광역시 동구 좌천남로 25""}"
ba_13226860,naver_place,0.5,4,,172,38,"{""found_in_local"": true, ""local_rank"": 2, ""first_title"": ""본 죽&amp;비빔밥 부산서면영광도서점"", ""address_input"": ""부산광역시 부산진구 동천로 74""}"
ba_13226947,naver_place,1.0,1,,175,28,"{""found_in_local"": true, ""local_rank"": 1, ""first_title"": ""본죽&amp;비빔밥cafe 부산법조타운점"", ""address_input"": ""부산광역시 연제구 법원남로10번길 7""}"
ba_13227070,naver_place,1.0,1,,19,1,"{""found_in_local"": true, ""local_rank"": 1, ""first_title"": ""본죽&amp;비빔밥 부산신호점"", ""address_input"": ""부산광역시 강서구 신호이로27번길 3""}"
ba_13227516,naver_place,1.0,1,,39,25,"{""found_in_local"": true, ""local_rank"": 1, ""first_title"": ""본죽&amp;비빔밥 부산동래점"", ""address_input"": ""부산광역시 동래구 충렬대로 211""}"
ba_13227543,naver_place,0.0,1,,13,4,"{""found_in_local"": false, ""local_rank"": null, ""first_title"": ""본죽&amp;비빔밥cafe 부산부경대경성대점"", ""address_input"": ""부산광역시 남구 용소로 46-1""}"
ba_13227659,naver_place,0.0,5,,21,5,"{""found_in_local"": false, ""local_rank"": null, ""first_title"": ""본죽&amp;비빔밥cafe 괴정점"", ""address_input"": ""부산광역시 사하구 낙동대로 231""}"
ba_13227696,naver_place,1.0,1,,17,2,"{""found_in_local"": true, ""local_rank"": 1, ""first_title"": ""본 죽&amp;비빔밥 부산온천장점"", ""address_input"": ""부산광역시 동래구 중앙대로 1523""}"
ba_13228166,naver_place,1.0,2,,11,1,"{""found_in_local"": true, ""local_rank"": 1, ""first_title"": ""본죽&amp;비빔밥 제천하소점"", ""address_input"": ""충청북도 제천시 하소로 42""}"
ba_13228453,naver_place,1.0,1,,201,42,"{""found_in_local"": true, ""local_rank"": 1, ""first_title"": ""본죽&amp;비빔밥cafe 부산명지국제중앙점"", ""address_input"": ""부산광역시 강서구 명지국제8로 240""}"
ba_13228520,naver_place,1.0,1,,137,19,"{""found_in_local"": true, ""local_rank"": 1, ""first_title"": ""본죽&amp;비빔밥cafe 성남모란시장점"", ""address_input"": ""경기도 성남시 중원구 성남대로 1133""}"
ba_13228647,naver_place,1.0,1,,30,2,"{""found_in_local"": true, ""local_rank"": 1, ""first_title"": ""본죽 대전용운점"", ""address_input"": ""대전광역시 동구 계족로140번길 191""}"
ba_13228668,naver_place,1.0,1,,245,42,"{""found_in_local"": true, ""local_rank"": 1, ""first_title"": ""본죽&amp;비빔밥cafe 대전유성온천역점"", ""address_input"": ""대전광역시 유성구 계룡로 92""}"
ba_13228675,naver_place,1.0,1,,2,0,"{""found_in_local"": true, ""local_rank"": 1, ""first_title"": ""본 죽&amp;비빔밥 대전전민동점"", ""address_input"": ""대전광역시 유성구 엑스포로 475""}"
ba_13228677,naver_place,1.0,1,,23,3,"{""found_in_local"": true, ""local_rank"": 1, ""first_title"": ""본죽 청주봉명점"", ""address_input"": ""충청북도 청주시 흥덕구 백봉로223번길 2""}"
ba_13228869,naver_place,1.0,1,,21,5,"{""found_in_local"": true, ""local_rank"": 1, ""first_title"": ""본 죽&amp;비빔밥 대전판암점"", ""address_input"": ""대전광역시 동구 옥천로 168""}"
ba_13228874,naver_place,1.0,1,,10,0,"{""found_in_local"": true, ""local_rank"": 1, ""first_title"": ""본죽&amp;비빔밥cafe 청주성안길점"", ""address_input"": ""충청북도 청주시 상당구 상당로 77-4""}"
ba_13228878,naver_place,1.0,1,,9,1,"{""found_in_local"": true, ""local_rank"": 1, ""first_title"": ""본죽 도마사거리점"", ""address_input"": ""대전광역시 서구 도산로 42""}"
ba_13228909,naver_place,1.0,1,,10,2,"{""found_in_local"": true, ""local_rank"": 1, ""first_title"": ""본죽&amp;비빔밥 청주사창점"", ""address_input"": ""충청북도 청주시 서원구 사직대로 125-1""}"
ba_13228939,naver_place,1.0,1,,99,22,"{""found_in_local"": true, ""local_rank"": 1, ""first_title"": ""본죽 산성역점"", ""address_input"": ""경기도 성남시 수정구 수정로 340""}"
ba_13228945,naver_place,1.0,1,,9,2,"{""found_in_local"": true, ""local_rank"": 1, ""first_title"": ""본죽&amp;비빔밥 대전진잠점"", ""address_input"": ""대전광역시 유성구 원내로 37""}"
ba_13228978,naver_place,1.0,1,,63,90,"{""found_in_local"": true, ""local_rank"": 1, ""first_title"": ""본죽&amp;비빔밥cafe 인천연희연세병원점"", ""address_input"": ""인천광역시 서구 서곶로369번길 22""}"
ba_13228993,naver_place,1.0,1,,37,5,"{""found_in_local"": true, ""local_rank"": 1, ""first_title"": ""본죽&amp;비빔밥 동탄솔빛나루점"", ""address_input"": ""경기도 화성시 동탄솔빛로 58""}"
ba_13229107,naver_place,1.0,1,,24,8,"{""found_in_local"": true, ""local_rank"": 1, ""first_title"": ""본 죽&amp;비빔밥 대덕테크노밸리점"", ""address_input"": ""대전광역시 유성구 테크노4로 119""}"
ba_13229152,naver_place,1.0,2,,11,2,"{""found_in_local"": true, ""local_rank"": 1, ""first_title"": ""본죽&amp;비빔밥cafe 부산엄궁점"", ""address_input"": ""부산광역시 사상구 엄궁북로 24""}"
ba_13229173,naver_place,1.0,1,,49,6,"{""found_in_local"": true, ""local_rank"": 1, ""first_title"": ""본죽&amp;비빔밥 대구칠곡점"", ""address_input"": ""대구광역시 북구 학정로 429""}"
ba_13229184,naver_place,1.0,1,,16,3,"{""found_in_local"": true, ""local_rank"": 1, ""first_title"": ""본죽 대구산격점"", ""address_input"": ""대구광역시 북구 동북로 163""}"
ba_13229527,naver_place,1.0,4,,16,5,"{""found_in_local"": true, ""local_rank"": 1, ""first_title"": ""본죽&amp;비빔밥 카페 상주점"", ""address_input"": ""경상북도 상주시 상산로 246""}"
ba_13229560,naver_place,1.0,1,,37,16,"{""found_in_local"": true, ""local_rank"": 1, ""first_title"": ""본죽 양천구청점"", ""address_input"": ""서울특별시 양천구 목동동로 55""}"
ba_13229747,naver_place,1.0,1,,11,1,"{""found_in_local"": true, ""local_rank"": 1, ""first_title"": ""본죽 창원중앙동점"", ""address_input"": ""경상남도 창원시 성산구 용지로133번길 13""}"
ba_13229858,naver_place,1.0,1,,14,1,"{""found_in_local"": true, ""local_rank"": 1, ""first_title"": ""본죽 창원반송점"", ""address_input"": ""경상남도 창원시 성산구 반송로 148-16""}"
ba_13229960,naver_place,1.0,1,,2,1,"{""found_in_local"": true, ""local_rank"": 1, ""first_title"": ""본죽 창원소답점"", ""address_input"": ""경상남도 창원시 의창구 읍성로 64""}"
ba_13229975,naver_place,1.0,1,,11,3,"{""found_in_local"": true, ""local_rank"": 1, ""first_title"": ""본죽&amp;비빔밥 구성언남점"", ""address_input"": ""경기도 용인시 기흥구 구성로 93""}"
ba_13230007,naver_place,1.0,1,,10,3,"{""found_in_local"": true, ""local_rank"": 1, ""first_title"": ""본죽 죽전벽산타운점"", ""address_input"": ""경기도 용인시 수지구 용구대로2801번길 7""}"
ba_13230502,naver_place,1.0,1,,41,23,"{""found_in_local"": true, ""local_rank"": 1, ""first_title"": ""본죽 화성봉담점"", ""address_input"": ""경기도 화성시 봉담읍 동화길 91""}"
ba_13230793,naver_place,1.0,1,,781,293,"{""found_in_local"": true, ""local_rank"": 1, ""first_title"": ""본죽&amp;비빔밥 구로디지털역점"", ""address_input"": ""서울특별시 구로구 시흥대로 557""}"
ba_13230813,naver_place,1.0,1,,80,18,"{""found_in_local"": true, ""local_rank"": 1, ""first_title"": ""본죽&amp;비빔밥cafe 용인물푸레마을점"", ""address_input"": ""경기도 용인시 기흥구 구성3로28번길 32""}"
ba_13230824,naver_place,1.0,1,,94,7,"{""found_in_local"": true, ""local_rank"": 1, ""first_title"": ""본죽&amp;비빔밥 가산테라타워점"", ""address_input"": ""서울특별시 금천구 디지털로10길 78""}"
ba_13230834,naver_place,0.3333,5,,80,15,"{""found_in_local"": true, ""local_rank"": 3, ""first_title"": ""본 죽&amp;비빔밥 송도달빛축제공원역점"", ""address_input"": ""인천광역시 연수구 컨벤시아대로 69""}"
ba_13230838,naver_place,1.0,1,,86,9,"{""found_in_local"": true, ""local_rank"": 1, ""first_title"": ""본죽&amp;비빔밥 시흥사거리점"", ""address_input"": ""서울특별시 금천구 금하로 619""}"
ba_13230846,naver_place,1.0,5,,27,2,"{""found_in_local"": true, ""local_rank"": 1, ""first_title"": ""본죽&amp;비빔밥cafe 수원탑동점"", ""address_input"": ""경기도 수원시 권선구 탑동로 61""}"
ba_13230879,naver_place,1.0,1,,210,3,"{""found_in_local"": true, ""local_rank"": 1, ""first_title"": ""본죽&amp;비빔밥 강남성심병원점"", ""address_input"": ""서울특별시 영등포구 시흥대로 681""}"
ba_13230903,naver_place,1.0,1,,11,6,"{""found_in_local"": true, ""local_rank"": 1, ""first_title"": ""본죽 시흥시화병원점"", ""address_input"": ""경기도 시흥시 정왕대로 64""}"
ba_13230921,naver_place,1.0,1,,114,0,"{""found_in_local"": true, ""local_rank"": 1, ""first_title"": ""본죽&amp;비빔밥 문래홈플러스점"", ""address_input"": ""서울특별시 영등포구 당산로 34""}"
ba_13230969,naver_place,1.0,1,,80,12,"{""found_in_local"": true, ""local_rank"": 1, ""first_title"": ""본죽&amp;비빔밥 죽전현대홈타운점(새터마을)"", ""address_input"": ""경기도 용인시 수지구 현암로 119""}"
ba_13231050,naver_place,1.0,1,,87,24,"{""found_in_local"": true, ""local_rank"": 1, ""first_title"": ""본죽&amp;비빔밥cafe 안산고잔법원점"", ""address_input"": ""경기도 안산시 단원구 광덕서로 78""}"
ba_13231120,naver_place,1.0,1,,140,118,"{""found_in_local"": true, ""local_rank"": 1, ""first_title"": ""본죽 안산본오1동점"", ""address_input"": ""경기도 안산시 상록구 석호로 306""}"
ba_13231147,naver_place,1.0,1,,329,3,"{""found_in_local"": true, ""local_rank"": 1, ""first_title"": ""본죽&amp;비빔밥cafe 인천송도웰카운티점"", ""address_input"": ""인천광역시 연수구 인천타워대로54번길 9""}"
ba_13231157,naver_place,1.0,1,,147,51,"{""found_in_local"": true, ""local_rank"": 1, ""first_title"": ""본죽 수원인계점"", ""address_input"": ""경기도 수원시 팔달구 인계로166번길 48-21""}"
ba_13231195,naver_place,1.0,1,,622,315,"{""found_in_local"": true, ""local_rank"": 1, ""first_title"": ""본죽&amp;비빔밥 수원광교역점"", ""address_input"": ""경기도 수원시 영통구 대학로 47""}"
ba_13231218,naver_place,1.0,1,,19,18,"{""found_in_local"": true, ""local_rank"": 1, ""first_title"": ""본죽 시흥하상동점"", ""address_input"": ""경기도 시흥시 연성로 93""}"
ba_13231481,naver_place,1.0,1,,66,16,"{""found_in_local"": true, ""local_rank"": 1, ""first_title"": ""본죽&amp;비빔밥cafe 광명소하지구점"", ""address_input"": ""경기도 광명시 금하로 464""}"
ba_13231795,naver_place,1.0,1,,123,50,"{""found_in_local"": true, ""local_rank"": 1, ""first_title"": ""본 죽&amp;비빔밥 인천간석남부역점"", ""address_input"": ""인천광역시 남동구 주안로 231""}"
ba_13231958,naver_place,1.0,1,,66,13,"{""found_in_local"": true, ""local_rank"": 1, ""first_title"": ""본죽 송도센트럴파크점"", ""address_input"": ""인천광역시 연수구 센트럴로 232""}"
ba_13232110,naver_place,1.0,1,,12,1,"{""found_in_local"": true, ""local_rank"": 1, ""first_title"": ""본죽&amp;비빔밥cafe 부산토곡점"", ""address_input"": ""부산광역시 연제구 과정로 169""}"
ba_13232134,naver_place,1.0,1,,14,0,"{""found_in_local"": true, ""local_rank"": 1, ""first_title"": ""본죽&amp;비빔밥 광주운남점"", ""address_input"": ""광주광역시 광산구 하남대로 278-1""}"
ba_13232348,naver_place,1.0,1,,111,17,"{""found_in_local"": true, ""local_rank"": 1, ""first_title"": ""본죽&amp;비빔밥 광주선운지구점"", ""address_input"": ""광주광역시 광산구 선운중앙로 65""}"
ba_13232508,naver_place,1.0,1,,13,2,"{""found_in_local"": true, ""local_rank"": 1, ""first_title"": ""본죽&amp;비빔밥 김해어방점"", ""address_input"": ""경상남도 김해시 인제로 159""}"
ba_13233027,naver_place,1.0,1,,83,10,"{""found_in_local"": true, ""local_rank"": 1, ""first_title"": ""본죽&amp;비빔밥 고척근린공원점"", ""address_input"": ""서울특별시 구로구 고척로 141""}"
ba_13233115,naver_place,1.0,1,,2,0,"{""found_in_local"": true, ""local_rank"": 1, ""first_title"": ""본 죽&amp;비빔밥 대구복현동점"", ""address_input"": ""대구광역시 북구 동북로 280""}"
ba_13233212,naver_place,1.0,1,,27,11,"{""found_in_local"": true, ""local_rank"": 1, ""first_title"": ""본죽 통영점"", ""address_input"": ""경상남도 통영시 원문로 11""}"
ba_13233433,naver_place,1.0,1,,15,2,"{""found_in_local"": true, ""local_rank"": 1, ""first_title"": ""본죽 대구안지랑점"", ""address_input"": ""대구광역시 남구 대명로 161""}"
ba_13233436,naver_place,1.0,1,,160,37,"{""found_in_local"": true, ""local_rank"": 1, ""first_title"": ""본죽&amp;비빔밥cafe 대구효성타운점"", ""address_input"": ""대구광역시 남구 효성로 58""}"
ba_13233445,naver_place,1.0,1,,16,8,"{""found_in_local"": true, ""local_rank"": 1, ""first_title"": ""본죽&amp;비빔밥 여수죽림점"", ""address_input"": ""전라남도 여수시 소라면 죽림로 5""}"
ba_13233448,naver_place,1.0,1,,4,0,"{""found_in_local"": true, ""local_rank"": 1, ""first_title"": ""본죽&amp;비빔밥cafe 대구달서구청점"", ""address_input"": ""대구광역시 달서구 학산로7길 5""}"
ba_13233454,naver_place,1.0,1,,9,3,"{""found_in_local"": true, ""local_rank"": 1, ""first_title"": ""본죽 서산읍내동점"", ""address_input"": ""충청남도 서산시 부춘1로 36""}"
ba_13233457,naver_place,1.0,1,,309,437,"{""found_in_local"": true, ""local_rank"": 1, ""first_title"": ""본죽&amp;비빔밥cafe 대구용산장기점"", ""address_input"": ""대구광역시 달서구 용산로 141""}"
ba_13233463,naver_place,1.0,1,,21,3,"{""found_in_local"": true, ""local_rank"": 1, ""first_title"": ""본죽&amp;비빔밥cafe 대구북구청점"", ""address_input"": ""대구광역시 북구 원대로 91""}"
ba_13233466,naver_place,1.0,1,,346,156,"{""found_in_local"": true, ""local_rank"": 1, ""first_title"": ""본죽&amp;비빔밥cafe 대구대곡역점"", ""address_input"": ""대구광역시 달성군 화원읍 비슬로 2727""}"
ba_13233483,naver_place,1.0,3,,13,4,"{""found_in_local"": true, ""local_rank"": 1, ""first_title"": ""본죽&amp;비빔밥cafe 경산사동점"", ""address_input"": ""경상북도 경산시 백양로32길 18""}"
ba_13233484,naver_place,1.0,1,,11,3,"{""found_in_local"": true, ""local_rank"": 1, ""first_title"": ""본죽&amp;비빔밥cafe 진주하대점"", ""address_input"": ""경상남도 진주시 도동로 235""}"
ba_13233506,naver_place,1.0,1,,21,1,"{""found_in_local"": true, ""local_rank"": 1, ""first_title"": ""본죽 광양마동점"", ""address_input"": ""전라남도 광양시 진등5길 14""}"
ba_13233554,naver_place,1.0,1,,7,0,"{""found_in_local"": true, ""local_rank"": 1, ""first_title"": ""본죽 대구서재점"", ""address_input"": ""대구광역시 달성군 다사읍 서재로 121""}"
ba_13233575,naver_place,1.0,1,,9,0,"{""found_in_local"": true, ""local_rank"": 1, ""first_title"": ""본죽&amp;비빔밥 대구두산점"", ""address_input"": ""대구광역시 수성구 상화로 142""}"
ba_13233576,naver_place,1.0,1,,30,7,"{""found_in_local"": true, ""local_rank"": 1, ""first_title"": ""본죽&amp;비빔밥 당진점"", ""address_input"": ""충청남도 당진시 당진중앙2로 65""}"
ba_13233578,naver_place,1.0,1,,148,54,"{""found_in_local"": true, ""local_rank"": 1, ""first_title"": ""본죽&amp;비빔밥cafe 대구성당뉴타운점"", ""address_input"": ""대구광역시 달서구 당산로 39""}"
ba_13233579,naver_place,1.0,1,,21,7,"{""found_in_local"": true, ""local_rank"": 1, ""first_title"": ""본죽&amp;비빔밥 경산터미널점"", ""address_input"": ""경상북도 경산시 경안로 192-1""}"
ba_13233581,naver_place,1.0,1,,223,33,"{""found_in_local"": true, ""local_rank"": 1, ""first_title"": ""본죽&amp;비빔밥cafe 진주혁신중앙점"", ""address_input"": ""경상남도 진주시 충의로 20-37""}"
ba_13233587,naver_place,1.0,1,,133,57,"{""found_in_local"": true, ""local_rank"": 1, ""first_title"": ""본죽&amp;비빔밥cafe 나주혁신호수공원점"", ""address_input"": ""전라남도 나주시 그린로 339""}"
ba_13233592,naver_place,1.0,1,,19,4,"{""found_in_local"": true, ""local_rank"": 1, ""first_title"": ""본죽&amp;비빔밥cafe 대구대학교점"", ""address_input"": ""경상북도 경산시 진량읍 대구대로 244""}"
ba_13233594,naver_place,1.0,1,,70,19,"{""found_in_local"": true, ""local_rank"": 1, ""first_title"": ""본죽 대구진천역점"", ""address_input"": ""대구광역시 달서구 월배로 71""}"
ba_13233606,naver_place,1.0,1,,189,32,"{""found_in_local"": true, ""local_rank"": 1, ""first_title"": ""본죽&amp;비빔밥 대구칠곡관음점"", ""address_input"": ""대구광역시 북구 칠곡중앙대로 483""}"
ba_13233607,naver_place,1.0,1,,14,2,"{""found_in_local"": true, ""local_rank"": 1, ""first_title"": ""본죽 전북봉동점"", ""address_input"": ""전북특별자치도 완주군 봉동읍 둔산3로 79""}"
ba_13233639,naver_place,0.5,5,,90,21,"{""found_in_local"": true, ""local_rank"": 2, ""first_title"": ""본죽&amp;비빔밥cafe 대구동성로중앙점"", ""address_input"": ""대구광역시 중구 동성로 57""}"
ba_13233688,naver_place,1.0,1,,12,2,"{""found_in_local"": true, ""local_rank"": 1, ""first_title"": ""본죽 대구세천점"", ""address_input"": ""대구광역시 달성군 다사읍 세천로 160""}"
ba_13233716,naver_place,1.0,1,,11,0,"{""found_in_local"": true, ""local_rank"": 1, ""first_title"": ""본죽 죽도오거리점"", ""address_input"": ""경상북도 포항시 북구 중흥로 319""}"
ba_13233724,naver_place,1.0,1,,473,72,"{""found_in_local"": true, ""local_rank"": 1, ""first_title"": ""본죽&amp;비빔밥cafe 대구동성로중앙점"", ""address_input"": ""대구광역시 중구 중앙대로 388""}"
ba_13233726,naver_place,1.0,1,,8,2,"{""found_in_local"": true, ""local_rank"": 1, ""first_title"": ""본죽 대구다사죽곡점"", ""address_input"": ""대구광역시 달성군 다사읍 달구벌대로 889""}"
ba_13233735,naver_place,1.0,1,,147,0,"{""found_in_local"": true, ""local_rank"": 1, ""first_title"": ""본 죽&amp;비빔밥 대구감삼드림시티점"", ""address_input"": ""대구광역시 달서구 장기로 240""}"
ba_13233742,naver_place,1.0,1,,16,1,"{""found_in_local"": true, ""local_rank"": 1, ""first_title"": ""본죽&amp;비빔밥cafe 내당삼익뉴타운점"", ""address_input"": ""대구광역시 서구 평리로 254""}"
ba_13233764,naver_place,1.0,1,,10,3,"{""found_in_local"": true, ""local_rank"": 1, ""first_title"": ""본죽 대구송라시장점"", ""address_input"": ""대구광역시 동구 동부로 19""}"
ba_13233767,naver_place,1.0,1,,183,65,"{""found_in_local"": true, ""local_rank"": 1, ""first_title"": ""본죽&amp;비빔밥 세종정부청사점"", ""address_input"": ""세종특별자치시 절재로 194""}"
ba_13233778,naver_place,1.0,1,,20,2,"{""found_in_local"": true, ""local_rank"": 1, ""first_title"": ""본죽&amp;비빔밥cafe 포항효자점"", ""address_input"": ""경상북도 포항시 남구 효성로 12-3""}"
ba_13233782,naver_place,1.0,2,,18,3,"{""found_in_local"": true, ""local_rank"": 1, ""first_title"": ""본죽&amp;비빔밥cafe 본죽&amp;비빔밥 대구서구청점"", ""address_input"": ""대구광역시 서구 국채보상로 248""}"
ba_13233856,naver_place,1.0,1,,50,10,"{""found_in_local"": true, ""local_rank"": 1, ""first_title"": ""본죽 세종아름점"", ""address_input"": ""세종특별자치시 보듬3로 95""}"
ba_13234034,naver_place,1.0,3,,23,7,"{""found_in_local"": true, ""local_rank"": 1, ""first_title"": ""본죽&amp;비빔밥 포항오천점"", ""address_input"": ""경상북도 포항시 남구 오천읍 충무로 28""}"
ba_13234089,naver_place,1.0,1,,42,15,"{""found_in_local"": true, ""local_rank"": 1, ""first_title"": ""본죽 세종고운점"", ""address_input"": ""세종특별자치시 마음로 264""}"
ba_13234101,naver_place,1.0,1,,299,95,"{""found_in_local"": true, ""local_rank"": 1, ""first_title"": ""본죽&amp;비빔밥 세종첫마을점"", ""address_input"": ""세종특별자치시 노을3로 19""}"
ba_13234187,naver_place,1.0,5,,12,6,"{""found_in_local"": true, ""local_rank"": 1, ""first_title"": ""본죽&amp;비빔밥 경산임당점"", ""address_input"": ""경상북도 경산시 원효로 158""}"
ba_13234188,naver_place,1.0,5,,22,1,"{""found_in_local"": true, ""local_rank"": 1, ""first_title"": ""본죽&amp;비빔밥cafe 경산중산점"", ""address_input"": ""경상북도 경산시 펜타힐즈2로 59""}"
ba_13234193,naver_place,1.0,1,,8,6,"{""found_in_local"": true, ""local_rank"": 1, ""first_title"": ""본죽 경주황성점"", ""address_input"": ""경상북도 경주시 황성로27번길 3""}"
ba_13234475,naver_place,1.0,5,,26,8,"{""found_in_local"": true, ""local_rank"": 1, ""first_title"": ""본죽&amp;비빔밥cafe 노량진점"", ""address_input"": ""서울특별시 동작구 만양로 81""}"
ba_13234523,naver_place,1.0,1,,67,21,"{""found_in_local"": true, ""local_rank"": 1, ""first_title"": ""본죽&amp;비빔밥 동탄목동점"", ""address_input"": ""경기도 화성시 왕배산2길 4-16""}"
ba_13234578,naver_place,1.0,1,,91,3,"{""found_in_local"": true, ""local_rank"": 1, ""first_title"": ""본죽&amp;비빔밥cafe 동백중앙점"", ""address_input"": ""경기도 용인시 기흥구 동백중앙로 269""}"
ba_13234790,naver_place,1.0,2,,34,7,"{""found_in_local"": true, ""local_rank"": 1, ""first_title"": ""굽네치킨 양주덕정점"", ""address_input"": ""경기도 양주시 고암길 154-12""}"
ba_13235318,naver_place,1.0,1,,538,105,"{""found_in_local"": true, ""local_rank"": 1, ""first_title"": ""본죽&amp;비빔밥 상암DMC점"", ""address_input"": ""서울특별시 마포구 월드컵북로 396""}"
ba_13235498,naver_place,1.0,3,,178,6,"{""found_in_local"": true, ""local_rank"": 1, ""first_title"": ""본죽&amp;비빔밥cafe 외대점"", ""address_input"": ""서울특별시 동대문구 이문로 100""}"
ba_13235500,naver_place,1.0,1,,15,2,"{""found_in_local"": true, ""local_rank"": 1, ""first_title"": ""본죽 의정부회룡역점"", ""address_input"": ""경기도 의정부시 평화로 374""}"
ba_13235508,naver_place,1.0,1,,7,0,"{""found_in_local"": true, ""local_rank"": 1, ""first_title"": ""본죽&amp;비빔밥 의정부녹양점"", ""address_input"": ""경기도 의정부시 비우로 56""}"
ba_13235535,naver_place,1.0,1,,19,1,"{""found_in_local"": true, ""local_rank"": 1, ""first_title"": ""본죽 의정부낙양점"", ""address_input"": ""경기도 의정부시 용민로 407""}"
ba_13235557,naver_place,1.0,1,,4,1,"{""found_in_local"": true, ""local_rank"": 1, ""first_title"": ""본죽 도봉동점"", ""address_input"": ""서울특별시 도봉구 도봉로 887""}"
ba_13235588,naver_place,1.0,1,,31,10,"{""found_in_local"": true, ""local_rank"": 1, ""first_title"": ""본죽 성균관대점"", ""address_input"": ""서울특별시 종로구 창경궁로 247""}"
ba_13235631,naver_place,1.0,1,,6,0,"{""found_in_local"": true, ""local_rank"": 1, ""first_title"": ""본죽 인왕산점"", ""address_input"": ""서울특별시 서대문구 통일로 404""}"
ba_13236401,naver_place,1.0,1,,366,70,"{""found_in_local"": true, ""local_rank"": 1, ""first_title"": ""본죽 대학로본점"", ""address_input"": ""서울특별시 종로구 대학로7길 3""}"
ba_13236479,naver_place,1.0,1,,3,1,"{""found_in_local"": true, ""local_rank"": 1, ""first_title"": ""본죽 군포G샘병원점"", ""address_input"": ""경기도 군포시 군포로 581""}"
ba_13236481,naver_place,1.0,2,,122,15,"{""found_in_local"": true, ""local_rank"": 1, ""first_title"": ""본죽&amp;비빔밥cafe 포항시외버스터미널점"", ""address_input"": ""경상북도 포항시 북구 중흥로 119""}"
ba_13236584,naver_place,1.0,5,,18,9,"{""found_in_local"": true, ""local_rank"": 1, ""first_title"": ""본죽 군포G샘병원점"", ""address_input"": ""경기도 군포시 고산로 256""}"
ba_13236745,naver_place,1.0,1,,72,50,"{""found_in_local"": true, ""local_rank"": 1, ""first_title"": ""본 죽&amp;비빔밥 김해장유코아점"", ""address_input"": ""경상남도 김해시 능동로155번길 2""}"
ba_13237293,naver_place,1.0,1,,14,5,"{""found_in_local"": true, ""local_rank"": 1, ""first_title"": ""본죽 의왕오전점"", ""address_input"": ""경기도 의왕시 오전로 216""}"
ba_13237700,naver_place,1.0,1,,16,2,"{""found_in_local"": true, ""local_rank"": 1, ""first_title"": ""본죽&amp;비빔밥 김해내외동점"", ""address_input"": ""경상남도 김해시 내외중앙로 76""}"
ba_13243478,naver_place,1.0,1,,16,0,"{""found_in_local"": true, ""local_rank"": 1, ""first_title"": ""본죽 보정동단국대점"", ""address_input"": ""경기도 용인시 기흥구 죽전로 50""}"
ba_13243585,naver_place,1.0,5,,19,5,"{""found_in_local"": true, ""local_rank"": 1, ""first_title"": ""본죽&amp;비빔밥 쌍문역드림점"", ""address_input"": ""서울특별시 도봉구 도당로 14""}"
ba_13247000,naver_place,1.0,1,,86,17,"{""found_in_local"": true, ""local_rank"": 1, ""first_title"": ""본죽 용인광교역점"", ""address_input"": ""경기도 용인시 수지구 광교마을로 54""}"
ba_13248384,naver_place,1.0,5,,29,3,"{""found_in_local"": true, ""local_rank"": 1, ""first_title"": ""본죽&amp;비빔밥cafe 구리인창점"", ""address_input"": ""경기도 구리시 건원대로34번길 25""}"
ba_13249105,naver_place,0.0,4,,21,3,"{""found_in_local"": false, ""local_rank"": null, ""first_title"": ""굽네치킨 소답점"", ""address_input"": ""경상남도 창원시 의창구 의창대로132번길 25""}"
ba_13249989,naver_place,1.0,5,,61,12,"{""found_in_local"": true, ""local_rank"": 1, ""first_title"": ""굽네치킨 울산달동점"", ""address_input"": ""울산광역시 남구 신정로 75""}"
ba_13251048,naver_place,1.0,2,,43,5,"{""found_in_local"": true, ""local_rank"": 1, ""first_title"": ""본죽&amp;비빔밥 울산송정점"", ""address_input"": ""울산광역시 북구 박상진12로 11""}"
ba_13260523,naver_place,1.0,2,,9,1,"{""found_in_local"": true, ""local_rank"": 1, ""first_title"": ""본죽&amp;비빔밥 평택포승점"", ""address_input"": ""경기도 평택시 포승읍 여술로43번길 5""}"
ba_13260584,naver_place,1.0,1,,19,2,"{""found_in_local"": true, ""local_rank"": 1, ""first_title"": ""본 죽&amp;비빔밥 광주신창점"", ""address_input"": ""광주광역시 광산구 신창로 84""}"
ba_13265806,naver_place,1.0,1,,21,10,"{""found_in_local"": true, ""local_rank"": 1, ""first_title"": ""본죽&amp;비빔밥 익산영등제일점"", ""address_input"": ""전북특별자치도 익산시 고봉로30길 11""}"
ba_13267079,naver_place,1.0,5,,15,8,"{""found_in_local"": true, ""local_rank"": 1, ""first_title"": ""본죽&amp;비빔밥cafe 대전송촌점"", ""address_input"": ""대전광역시 대덕구 동춘당로126번길 2""}"
ba_13268955,naver_place,1.0,1,,31,2,"{""found_in_local"": true, ""local_rank"": 1, ""first_title"": ""본죽&amp;비빔밥 전주객사점"", ""address_input"": ""전북특별자치도 전주시 완산구 충경로 40""}"
ba_13292835,naver_place,1.0,1,,40,7,"{""found_in_local"": true, ""local_rank"": 1, ""first_title"": ""본 죽&amp;비빔밥 대전하기동점"", ""address_input"": ""대전광역시 유성구 송림로 52""}"
ba_13301511,naver_place,1.0,1,,106,15,"{""found_in_local"": true, ""local_rank"": 1, ""first_title"": ""본죽&amp;비빔밥cafe 송도글로벌캠퍼스점"", ""address_input"": ""인천광역시 연수구 송도문화로28번길 28""}"
ba_13305413,naver_place,1.0,1,,79,1,"{""found_in_local"": true, ""local_rank"": 1, ""first_title"": ""본죽&amp;비빔밥cafe 사당연세사랑병원점"", ""address_input"": ""서울특별시 서초구 효령로 22""}"
ba_13308613,naver_place,1.0,5,,13,3,"{""found_in_local"": true, ""local_rank"": 1, ""first_title"": ""본죽&amp;비빔밥cafe 김포걸포점"", ""address_input"": ""경기도 김포시 걸포2로 83""}"
ba_13311793,naver_place,1.0,1,,64,23,"{""found_in_local"": true, ""local_rank"": 1, ""first_title"": ""굽네치킨 연신내점"", ""address_input"": ""서울특별시 은평구 통일로 877""}"
ba_13313413,naver_place,0.0,0,,8,4,"{""found_in_local"": false, ""local_rank"": null, ""first_title"": null, ""address_input"": ""대전광역시 서구 배재로 175""}"
ba_13313909,naver_place,1.0,1,,19,1,"{""found_in_local"": true, ""local_rank"": 1, ""first_title"": ""굽네치킨 논현고잔1호점"", ""address_input"": ""인천광역시 남동구 청능대로595번길 31-2""}"
ba_13326281,naver_place,1.0,1,,9,10,"{""found_in_local"": true, ""local_rank"": 1, ""first_title"": ""본죽 만리점"", ""address_input"": ""서울특별시 중구 만리재로 175""}"
ba_13348011,naver_place,1.0,1,,28,13,"{""found_in_local"": true, ""local_rank"": 1, ""first_title"": ""굽네치킨 하남신장점"", ""address_input"": ""경기도 하남시 신평로61번길 18""}"
ba_13379446,naver_place,0.0,0,,12,9,"{""found_in_local"": false, ""local_rank"": null, ""first_title"": null, ""address_input"": ""경기도 남양주시 경춘로1286번안길 4-2""}"
ba_13412065,naver_place,1.0,1,,35,11,"{""found_in_local"": true, ""local_rank"": 1, ""first_title"": ""굽네치킨 신길뉴타운점"", ""address_input"": ""서울특별시 영등포구 신길로 119""}"
ba_13436824,naver_place,0.2,5,,36,12,"{""found_in_local"": true, ""local_rank"": 5, ""first_title"": ""본죽&amp;비빔밥cafe 평택고덕국제점"", ""address_input"": ""경기도 평택시 관광특구로 13""}"
ba_13448308,naver_place,1.0,1,,52,9,"{""found_in_local"": true, ""local_rank"": 1, ""first_title"": ""굽네치킨 역촌점"", ""address_input"": ""서울특별시 은평구 역말로 64""}"
ba_13451078,naver_place,1.0,1,,13,1,"{""found_in_local"": true, ""local_rank"": 1, ""first_title"": ""본죽&amp;비빔밥 김포신곡점"", ""address_input"": ""경기도 김포시 고촌읍 수기로 115""}"
ba_13452835,naver_place,1.0,1,,9,2,"{""found_in_local"": true, ""local_rank"": 1, ""first_title"": ""굽네치킨 경남남해점"", ""address_input"": ""경상남도 남해군 남해읍 화전로78번길 11-1""}"
ba_13459937,naver_place,1.0,1,,9,10,"{""found_in_local"": true, ""local_rank"": 1, ""first_title"": ""굽네치킨 성사점"", ""address_input"": ""경기도 고양시 덕양구 호국로790번길 42-4""}"
ba_13470236,naver_place,1.0,1,,23,7,"{""found_in_local"": true, ""local_rank"": 1, ""first_title"": ""본죽&amp;비빔밥cafe 신제주점"", ""address_input"": ""제주특별자치도 제주시 삼무로 2""}"
ba_13471384,naver_place,1.0,1,,13,4,"{""found_in_local"": true, ""local_rank"": 1, ""first_title"": ""본죽&amp;비빔밥cafe 통영죽림점"", ""address_input"": ""경상남도 통영시 광도면 죽림4로 52""}"
ba_13472981,naver_place,0.0,5,,62139,130640,"{""found_in_local"": false, ""local_rank"": null, ""first_title"": ""굽네치킨 남산점"", ""address_input"": ""경상북도 상주시 냉림2길 31-3""}"
ba_13473077,naver_place,1.0,1,,15,7,"{""found_in_local"": true, ""local_rank"": 1, ""first_title"": ""본죽&amp;비빔밥 목포북항점"", ""address_input"": ""전라남도 목포시 청호로 183""}"
ba_13475914,naver_place,1.0,1,,39,0,"{""found_in_local"": true, ""local_rank"": 1, ""first_title"": ""본죽&amp;비빔밥cafe 광주백운대성초교점"", ""address_input"": ""광주광역시 남구 중앙로 80""}"
ba_13477857,naver_place,1.0,1,,14,3,"{""found_in_local"": true, ""local_rank"": 1, ""first_title"": ""본죽&amp;비빔밥 논산내동점"", ""address_input"": ""충청남도 논산시 대학로 87""}"
ba_13492399,naver_place,1.0,1,,108,673,"{""found_in_local"": true, ""local_rank"": 1, ""first_title"": ""본죽&amp;비빔밥 등촌공항대로점"", ""address_input"": ""서울특별시 강서구 공항대로61길 14""}"
ba_13504506,naver_place,1.0,3,,20,5,"{""found_in_local"": true, ""local_rank"": 1, ""first_title"": ""본죽&amp;비빔밥cafe 세종반곡점"", ""address_input"": ""세종특별자치시 한누리대로 1820""}"
ba_13522931,naver_place,1.0,2,,16,4,"{""found_in_local"": true, ""local_rank"": 1, ""first_title"": ""본죽&amp;비빔밥cafe 파주문산점"", ""address_input"": ""경기도 파주시 문산읍 문향로75번길 19-12""}"
ba_13539608,naver_place,1.0,3,,67,62,"{""found_in_local"": true, ""local_rank"": 1, ""first_title"": ""굽네치킨 창원중앙점"", ""address_input"": ""경상남도 창원시 성산구 용지로121번길 15""}"
ba_13539851,naver_place,1.0,2,,12,14,"{""found_in_local"": true, ""local_rank"": 1, ""first_title"": ""굽네치킨 소답점"", ""address_input"": ""경상남도 창원시 의창구 읍성로89번길 2""}"
ba_13539979,naver_place,1.0,1,,3,5,"{""found_in_local"": true, ""local_rank"": 1, ""first_title"": ""본죽&amp;비빔밥cafe 대전신탄점"", ""address_input"": ""대전광역시 대덕구 대덕대로 1555""}"
ba_13550181,naver_place,1.0,1,,11,2,"{""found_in_local"": true, ""local_rank"": 1, ""first_title"": ""본죽&amp;비빔밥cafe 양주고읍점"", ""address_input"": ""경기도 양주시 고읍남로 15""}"
ba_13550240,naver_place,1.0,1,,116,11,"{""found_in_local"": true, ""local_rank"": 1, ""first_title"": ""본죽&amp;비빔밥cafe 청주오창2지구점"", ""address_input"": ""충청북도 청주시 청원구 오창읍 2산단로 138""}"
ba_13574800,naver_place,1.0,1,,17,4,"{""found_in_local"": true, ""local_rank"": 1, ""first_title"": ""굽네치킨 대구신매점"", ""address_input"": ""대구광역시 수성구 고산로4안길 33-14""}"
ba_13580972,naver_place,1.0,1,,7,15,"{""found_in_local"": true, ""local_rank"": 1, ""first_title"": ""굽네치킨 신수점"", ""address_input"": ""서울특별시 마포구 토정로18길 11""}"
ba_13584348,naver_place,1.0,1,,34,8,"{""found_in_local"": true, ""local_rank"": 1, ""first_title"": ""굽네치킨 부산개금점"", ""address_input"": ""부산광역시 부산진구 개금온정로17번길 47-5""}"
ba_13596071,naver_place,1.0,1,,24,1,"{""found_in_local"": true, ""local_rank"": 1, ""first_title"": ""본죽&amp;비빔밥 연신갈현점"", ""address_input"": ""서울특별시 은평구 통일로83길 6-4""}"
ba_13596730,naver_place,1.0,1,,71,21,"{""found_in_local"": true, ""local_rank"": 1, ""first_title"": ""굽네치킨 대구 혁신점"", ""address_input"": ""대구광역시 동구 이노밸리로46길 1""}"
ba_13612153,naver_place,1.0,1,,47,14,"{""found_in_local"": true, ""local_rank"": 1, ""first_title"": ""본죽&amp;비빔밥 철산역점"", ""address_input"": ""경기도 광명시 오리로 857""}"
ba_13628326,naver_place,1.0,4,,23,7,"{""found_in_local"": true, ""local_rank"": 1, ""first_title"": ""본죽&amp;비빔밥cafe 부산개금점"", ""address_input"": ""부산광역시 부산진구 엄광로 34""}"
ba_13630053,naver_place,1.0,1,,11,5,"{""found_in_local"": true, ""local_rank"": 1, ""first_title"": ""본죽&amp;비빔밥 경남사천점"", ""address_input"": ""경상남도 사천시 사천읍 진삼로 1469""}"
ba_13639608,naver_place,1.0,1,,75,39,"{""found_in_local"": true, ""local_rank"": 1, ""first_title"": ""굽네치킨 광주금호점"", ""address_input"": ""광주광역시 서구 화개1로 31""}"
ba_13648667,naver_place,1.0,1,,143,0,"{""found_in_local"": true, ""local_rank"": 1, ""first_title"": ""본죽&amp;비빔밥cafe 대전노은3지구점"", ""address_input"": ""대전광역시 유성구 지족동로 152""}"
ba_13651212,naver_place,1.0,1,,26,4,"{""found_in_local"": true, ""local_rank"": 1, ""first_title"": ""본죽&amp;비빔밥 광주금호점"", ""address_input"": ""광주광역시 서구 금화로 91""}"
ba_13683573,naver_place,1.0,1,,30,1,"{""found_in_local"": true, ""local_rank"": 1, ""first_title"": ""본죽&amp;비빔밥cafe 제주아라점"", ""address_input"": ""제주특별자치도 제주시 아란9길 6""}"
ba_13722581,naver_place,1.0,1,,3,0,"{""found_in_local"": true, ""local_rank"": 1, ""first_title"": ""본죽&amp;비빔밥 의왕고천점"", ""address_input"": ""경기도 의왕시 전주남이길 8""}"
ba_13730162,naver_place,1.0,3,,10,1,"{""found_in_local"": true, ""local_rank"": 1, ""first_title"": ""본죽&amp;비빔밥cafe 경산진량점"", ""address_input"": ""경상북도 경산시 진량읍 공단로 503""}"
ba_13752011,naver_place,1.0,1,,42,3,"{""found_in_local"": true, ""local_rank"": 1, ""first_title"": ""굽네치킨 영통2동점"", ""address_input"": ""경기도 수원시 영통구 영통로 237""}"
ba_13768149,naver_place,1.0,1,,45,14,"{""found_in_local"": true, ""local_rank"": 1, ""first_title"": ""굽네치킨 신탄진점"", ""address_input"": ""대전광역시 대덕구 덕암로 255""}"
ba_13769748,naver_place,1.0,1,,8,5,"{""found_in_local"": true, ""local_rank"": 1, ""first_title"": ""굽네치킨 괴산점"", ""address_input"": ""충청북도 괴산군 괴산읍 읍내로13길 21""}"
ba_13787561,naver_place,1.0,1,,101,12,"{""found_in_local"": true, ""local_rank"": 1, ""first_title"": ""본죽&amp;비빔밥 평택시청점"", ""address_input"": ""경기도 평택시 평택5로20번길 39""}"
ba_13870012,naver_place,1.0,1,,23,4,"{""found_in_local"": true, ""local_rank"": 1, ""first_title"": ""본죽&amp;비빔밥 시흥장곡점"", ""address_input"": ""경기도 시흥시 장현장곡로 2""}"
ba_13918069,naver_place,1.0,1,,12,2,"{""found_in_local"": true, ""local_rank"": 1, ""first_title"": ""본죽&amp;비빔밥 평택지제점"", ""address_input"": ""경기도 평택시 동삭1로22번길 19-6""}"
ba_13928548,naver_place,0.0,0,,22,1,"{""found_in_local"": false, ""local_rank"": null, ""first_title"": null, ""address_input"": ""대전광역시 동구 우암로171번길 64""}"
ba_13969584,naver_place,1.0,1,,8,5,"{""found_in_local"": true, ""local_rank"": 1, ""first_title"": ""굽네치킨 대구대현점"", ""address_input"": ""대구광역시 북구 대현로 106""}"
ba_13969607,naver_place,0.0,1,,7,2,"{""found_in_local"": false, ""local_rank"": null, ""first_title"": ""굽네치킨 창원봉곡사림점"", ""address_input"": ""경상남도 창원시 의창구 사림로 53""}"
ba_13970104,naver_place,0.0,1,,62,12,"{""found_in_local"": false, ""local_rank"": null, ""first_title"": ""굽네치킨 대구 혁신점"", ""address_input"": ""대구광역시 동구 이노밸리로46길 1""}"
ba_13972155,naver_place,0.0,2,,43,32,"{""found_in_local"": false, ""local_rank"": null, ""first_title"": ""굽네치킨 신금호역점"", ""address_input"": ""광주광역시 서구 화개1로 31""}"
ba_13972425,naver_place,1.0,4,,4,15,"{""found_in_local"": true, ""local_rank"": 1, ""first_title"": ""굽네치킨 광주문흥점"", ""address_input"": ""광주광역시 북구 천지인로173번길 28""}"
ba_13972595,naver_place,0.0,0,,229,581,"{""found_in_local"": false, ""local_rank"": null, ""first_title"": null, ""address_input"": ""전라남도 나주시 상야3길 8""}"
ba_13972771,naver_place,1.0,5,,41,23,"{""found_in_local"": true, ""local_rank"": 1, ""first_title"": ""굽네치킨 광주상무점"", ""address_input"": ""광주광역시 서구 상무공원로 112""}"
ba_13972819,naver_place,0.0,4,,15,1,"{""found_in_local"": false, ""local_rank"": null, ""first_title"": ""굽네치킨 망포점"", ""address_input"": ""경기도 수원시 영통구 영통로 237""}"
ba_13973349,naver_place,1.0,1,,7,2,"{""found_in_local"": true, ""local_rank"": 1, ""first_title"": ""굽네치킨 온의퇴계점"", ""address_input"": ""강원특별자치도 춘천시 터미널길 18""}"
ba_13973745,naver_place,0.0,5,,73,31,"{""found_in_local"": false, ""local_rank"": null, ""first_title"": ""굽네치킨 대림사거리점"", ""address_input"": ""서울특별시 금천구 시흥대로149길 48""}"
ba_13973813,naver_place,0.5,5,,2,1,"{""found_in_local"": true, ""local_rank"": 2, ""first_title"": ""굽네치킨 선부1동점"", ""address_input"": ""경기도 안산시 단원구 달미로 96-1""}"
ba_13973901,naver_place,0.5,5,,6,2,"{""found_in_local"": true, ""local_rank"": 2, ""first_title"": ""굽네치킨 둔내점"", ""address_input"": ""강원특별자치도 횡성군 횡성읍 대동로 15-1""}"
ba_13974075,naver_place,0.0,5,,67,42,"{""found_in_local"": false, ""local_rank"": null, ""first_title"": ""굽네치킨 인계동수원점"", ""address_input"": ""경기도 수원시 팔달구 세지로152번길 28""}"
ba_13975731,naver_place,0.0,0,,16,2,"{""found_in_local"": false, ""local_rank"": null, ""first_title"": null, ""address_input"": ""서울특별시 영등포구 신길로 119""}"
ba_13976616,naver_place,1.0,1,,1,3,"{""found_in_local"": true, ""local_rank"": 1, ""first_title"": ""굽네치킨 여수관문점"", ""address_input"": ""전라남도 여수시 충무로 58-19""}"
ba_13976690,naver_place,1.0,1,,7,15,"{""found_in_local"": true, ""local_rank"": 1, ""first_title"": ""굽네치킨 신수점"", ""address_input"": ""서울특별시 마포구 토정로18길 11""}"
ba_13977023,naver_place,0.0,0,,3,2,"{""found_in_local"": false, ""local_rank"": null, ""first_title"": null, ""address_input"": ""경기도 양주시 삼숭로 157""}"
ba_13977167,naver_place,0.0,2,,33,15,"{""found_in_local"": false, ""local_rank"": null, ""first_title"": ""굽네치킨 갈현점"", ""address_input"": ""서울특별시 은평구 통일로 877""}"
ba_13984579,naver_place,1.0,3,,31,4,"{""found_in_local"": true, ""local_rank"": 1, ""first_title"": ""굽네치킨 암사3동점"", ""address_input"": ""서울특별시 강동구 암사길 88""}"
ba_14042200,naver_place,1.0,1,,26,6,"{""found_in_local"": true, ""local_rank"": 1, ""first_title"": ""본죽&amp;비빔밥 왕십리뉴타운점"", ""address_input"": ""서울특별시 성동구 무학로 33""}"
ba_14049107,naver_place,1.0,3,,11,7,"{""found_in_local"": true, ""local_rank"": 1, ""first_title"": ""굽네치킨 배곧신도시1호점"", ""address_input"": ""인천광역시 연수구 컨벤시아대로 50""}"
ba_14092187,naver_place,1.0,1,,16,13,"{""found_in_local"": true, ""local_rank"": 1, ""first_title"": ""굽네치킨 일산식사점"", ""address_input"": ""경기도 고양시 일산동구 위시티3로 75""}"
ba_14103678,naver_place,1.0,2,,18,13,"{""found_in_local"": true, ""local_rank"": 1, ""first_title"": ""굽네치킨 불광1동점"", ""address_input"": ""서울특별시 은평구 불광로 114""}"
ba_14108842,naver_place,1.0,5,,6,15,"{""found_in_local"": true, ""local_rank"": 1, ""first_title"": ""굽네치킨 영암삼호"", ""address_input"": ""전라남도 영암군 영암읍 중앙로 16""}"
ba_14117511,naver_place,1.0,1,,22,7,"{""found_in_local"": true, ""local_rank"": 1, ""first_title"": ""굽네치킨 논현1동점"", ""address_input"": ""서울특별시 강남구 강남대로124길 27""}"
ba_14117512,naver_place,1.0,1,,13,6,"{""found_in_local"": true, ""local_rank"": 1, ""first_title"": ""굽네치킨 논현1동점"", ""address_input"": ""서울특별시 강남구 강남대로124길 27""}"
ba_14153764,naver_place,0.0,0,,20,7,"{""found_in_local"": false, ""local_rank"": null, ""first_title"": null, ""address_input"": ""인천광역시 미추홀구 인하로 230""}"
ba_14171127,naver_place,0.0,1,,18,1,"{""found_in_local"": false, ""local_rank"": null, ""first_title"": ""굽네치킨 대구연경점"", ""address_input"": ""대구광역시 동구 동화천로 372""}"
ba_14173661,naver_place,1.0,1,,1,2,"{""found_in_local"": true, ""local_rank"": 1, ""first_title"": ""굽네치킨 신월사파점"", ""address_input"": ""경상남도 창원시 성산구 신사로45번길 33""}"
ba_14185617,naver_place,1.0,1,,3,1,"{""found_in_local"": true, ""local_rank"": 1, ""first_title"": ""굽네치킨 영주휴천점"", ""address_input"": ""경상북도 영주시 지천로 136""}"
ba_14189792,naver_place,1.0,5,,7,4,"{""found_in_local"": true, ""local_rank"": 1, ""first_title"": ""굽네치킨 부산우동점"", ""address_input"": ""부산광역시 해운대구 해운대로 663""}"
ba_14190360,naver_place,1.0,1,,17,13,"{""found_in_local"": true, ""local_rank"": 1, ""first_title"": ""굽네치킨 일산식사점"", ""address_input"": ""경기도 고양시 일산동구 위시티3로 75""}"
ba_14228061,naver_place,1.0,1,,13,5,"{""found_in_local"": true, ""local_rank"": 1, ""first_title"": ""굽네치킨 월계2동점"", ""address_input"": ""서울특별시 노원구 초안산로5길 12""}"
ba_14228062,naver_place,1.0,5,,6,5,"{""found_in_local"": true, ""local_rank"": 1, ""first_title"": ""굽네치킨 월계2동점"", ""address_input"": ""서울특별시 노원구 초안산로5길 12""}"
ba_14228480,naver_place,1.0,1,,17,6,"{""found_in_local"": true, ""local_rank"": 1, ""first_title"": ""굽네치킨 중곡1동점"", ""address_input"": ""서울특별시 광진구 능동로 339""}"
ba_14228481,naver_place,1.0,2,,7,6,"{""found_in_local"": true, ""local_rank"": 1, ""first_title"": ""굽네치킨 중곡1동점"", ""address_input"": ""서울특별시 광진구 능동로 339""}"
ba_14229365,naver_place,1.0,2,,7,6,"{""found_in_local"": true, ""local_rank"": 1, ""first_title"": ""굽네치킨 중곡1동점"", ""address_input"": ""서울특별시 광진구 능동로 339""}"
ba_14238012,naver_place,1.0,1,,7,1,"{""found_in_local"": true, ""local_rank"": 1, ""first_title"": ""본 죽&amp;비빔밥 안동송현점"", ""address_input"": ""경상북도 안동시 경동로 293""}"
ba_14239270,naver_place,1.0,3,,7,3,"{""found_in_local"": true, ""local_rank"": 1, ""first_title"": ""굽네치킨 대구이곡점"", ""address_input"": ""대구광역시 달서구 선원남로 74""}"
ba_14245849,naver_place,1.0,1,,26,5,"{""found_in_local"": true, ""local_rank"": 1, ""first_title"": ""본죽&amp;비빔밥 광양중동점"", ""address_input"": ""전라남도 광양시 길호1길 1""}"
ba_14245878,naver_place,1.0,1,,148,17,"{""found_in_local"": true, ""local_rank"": 1, ""first_title"": ""본 죽&amp;비빔밥 안양동편마을점"", ""address_input"": ""경기도 안양시 동안구 동편로27번길 37""}"
ba_14248050,naver_place,1.0,1,,6,1,"{""found_in_local"": true, ""local_rank"": 1, ""first_title"": ""굽네치킨 은행선화점"", ""address_input"": ""대전광역시 중구 대종로517번길 61""}"
ba_14248059,naver_place,1.0,1,,15,1,"{""found_in_local"": true, ""local_rank"": 1, ""first_title"": ""굽네치킨 은행선화점"", ""address_input"": ""대전광역시 중구 대종로517번길 61""}"
ba_14249433,naver_place,1.0,1,,55,50,"{""found_in_local"": true, ""local_rank"": 1, ""first_title"": ""굽네치킨 부산하단점"", ""address_input"": ""부산광역시 사하구 하신번영로 304""}"
ba_14249441,naver_place,0.0,0,,26,49,"{""found_in_local"": false, ""local_rank"": null, ""first_title"": null, ""address_input"": ""부산광역시 사하구 하신번영로 304""}"
ba_14250328,naver_place,1.0,5,,10,5,"{""found_in_local"": true, ""local_rank"": 1, ""first_title"": ""굽네치킨 인창점"", ""address_input"": ""경기도 구리시 동구릉로 64""}"
ba_14250329,naver_place,1.0,5,,10,6,"{""found_in_local"": true, ""local_rank"": 1, ""first_title"": ""굽네치킨 인창점"", ""address_input"": ""경기도 구리시 동구릉로 64""}"
ba_14251741,naver_place,1.0,2,,60,21,"{""found_in_local"": true, ""local_rank"": 1, ""first_title"": ""굽네치킨 광주태전점"", ""address_input"": ""대구광역시 북구 칠곡중앙대로53길 10""}"
ba_14251745,naver_place,0.0,2,,34,16,"{""found_in_local"": false, ""local_rank"": null, ""first_title"": ""굽네치킨 광주태전점"", ""address_input"": ""대구광역시 북구 칠곡중앙대로53길 10""}"
ba_14252159,naver_place,1.0,1,,7,0,"{""found_in_local"": true, ""local_rank"": 1, ""first_title"": ""굽네치킨 사당2동점"", ""address_input"": ""서울특별시 동작구 동작대로35길 46""}"
ba_14253619,naver_place,1.0,1,,61,0,"{""found_in_local"": true, ""local_rank"": 1, ""first_title"": ""본죽&amp;비빔밥 문래힐스테이트점"", ""address_input"": ""서울특별시 영등포구 선유로 59""}"
ba_14254080,naver_place,1.0,4,,11,8,"{""found_in_local"": true, ""local_rank"": 1, ""first_title"": ""굽네치킨 망우본동점"", ""address_input"": ""서울특별시 중랑구 봉우재로 207""}"
ba_14256619,naver_place,1.0,1,,14,2,"{""found_in_local"": true, ""local_rank"": 1, ""first_title"": ""본 죽&amp;비빔밥 비산사거리점"", ""address_input"": ""경기도 안양시 동안구 비산로 9""}"
ba_14259741,naver_place,1.0,1,,15,0,"{""found_in_local"": true, ""local_rank"": 1, ""first_title"": ""본죽&amp;비빔밥 춘천우두택지점"", ""address_input"": ""강원특별자치도 춘천시 우두1길 157""}"
ba_14260091,naver_place,1.0,1,,127,73,"{""found_in_local"": true, ""local_rank"": 1, ""first_title"": ""굽네치킨 부평역점"", ""address_input"": ""인천광역시 부평구 부평문화로 107-3""}"
ba_14260093,naver_place,1.0,1,,98,50,"{""found_in_local"": true, ""local_rank"": 1, ""first_title"": ""굽네치킨 일신부개점"", ""address_input"": ""인천광역시 부평구 부평문화로 107-3""}"
ba_14262149,naver_place,1.0,1,,4,1,"{""found_in_local"": true, ""local_rank"": 1, ""first_title"": ""본 죽&amp;비빔밥 용인둔전점"", ""address_input"": ""경기도 용인시 처인구 포곡읍 포곡로 113""}"
ba_14267053,naver_place,1.0,2,,7,5,"{""found_in_local"": true, ""local_rank"": 1, ""first_title"": ""굽네치킨 한양대마장점"", ""address_input"": ""경기도 이천시 마장면 중앙로10번길 30""}"
ba_14267751,naver_place,1.0,1,,9,2,"{""found_in_local"": true, ""local_rank"": 1, ""first_title"": ""굽네치킨 신정7동점"", ""address_input"": ""서울특별시 양천구 목동남로2길 60-7""}"
ba_14268780,naver_place,1.0,1,,8,1,"{""found_in_local"": true, ""local_rank"": 1, ""first_title"": ""본죽&amp;비빔밥 세종집현점"", ""address_input"": ""세종특별자치시 남세종로 73""}"
ba_14270407,naver_place,1.0,1,,28,5,"{""found_in_local"": true, ""local_rank"": 1, ""first_title"": ""본죽&amp;비빔밥 벡스코역점"", ""address_input"": ""부산광역시 해운대구 해운대로383번길 37""}"
ba_14270903,naver_place,1.0,1,,10,3,"{""found_in_local"": true, ""local_rank"": 1, ""first_title"": ""굽네치킨 부천원미점"", ""address_input"": ""경기도 부천시 원미로 137""}"
ba_14270904,naver_place,1.0,1,,19,8,"{""found_in_local"": true, ""local_rank"": 1, ""first_title"": ""굽네치킨 부천원미점"", ""address_input"": ""경기도 부천시 원미로 137""}"
ba_14271330,naver_place,1.0,1,,23,12,"{""found_in_local"": true, ""local_rank"": 1, ""first_title"": ""굽네치킨 일광신도시점"", ""address_input"": ""부산광역시 기장군 일광읍 해빛로 39-14""}"
ba_14271331,naver_place,1.0,1,,21,7,"{""found_in_local"": true, ""local_rank"": 1, ""first_title"": ""굽네치킨 일광신도시점"", ""address_input"": ""부산광역시 기장군 일광읍 해빛로 39-14""}"
ba_14272179,naver_place,0.5,2,,8,5,"{""found_in_local"": true, ""local_rank"": 2, ""first_title"": ""굽네치킨 한양대마장점"", ""address_input"": ""경기도 이천시 마장면 중앙로10번길 30""}"
ba_14272566,naver_place,1.0,1,,2,0,"{""found_in_local"": true, ""local_rank"": 1, ""first_title"": ""본죽&amp;비빔밥 광명6동점"", ""address_input"": ""경기도 광명시 광화로 22""}"
ba_14273436,naver_place,1.0,1,,34,7,"{""found_in_local"": true, ""local_rank"": 1, ""first_title"": ""본 죽&amp;비빔밥 거제고현점"", ""address_input"": ""경상남도 거제시 서문로 73""}"
ba_14273478,naver_place,0.0,1,,11,3,"{""found_in_local"": false, ""local_rank"": null, ""first_title"": ""굽네치킨 부천원미점"", ""address_input"": ""경기도 부천시 원미로 137""}"
ba_14273972,naver_place,1.0,1,,9,1,"{""found_in_local"": true, ""local_rank"": 1, ""first_title"": ""본죽&amp;비빔밥 단양점"", ""address_input"": ""충청북도 단양군 단양읍 삼봉로 299""}"
ba_14274675,naver_place,1.0,2,,29,2,"{""found_in_local"": true, ""local_rank"": 1, ""first_title"": ""본죽&amp;비빔밥cafe 충주호암점"", ""address_input"": ""충청북도 충주시 호암수청2로 29""}"
ba_14274836,naver_place,0.0,3,,7,7,"{""found_in_local"": false, ""local_rank"": null, ""first_title"": ""굽네치킨 운천신봉점"", ""address_input"": ""경기도 포천시 영북면 영북로 187-7""}"
ba_14276685,naver_place,1.0,1,,6,2,"{""found_in_local"": true, ""local_rank"": 1, ""first_title"": ""본죽 철원점"", ""address_input"": ""강원특별자치도 철원군 동송읍 금학로 220-1""}"
ba_14277930,naver_place,1.0,1,,23,7,"{""found_in_local"": true, ""local_rank"": 1, ""first_title"": ""본죽&amp;비빔밥 동탄청계점"", ""address_input"": ""경기도 화성시 동탄대로시범길 148-54""}"
ba_14279612,naver_place,1.0,1,,6,0,"{""found_in_local"": true, ""local_rank"": 1, ""first_title"": ""본죽&amp;비빔밥 부산율리점"", ""address_input"": ""부산광역시 북구 금곡대로 460""}"
ba_14280570,naver_place,1.0,1,,16,11,"{""found_in_local"": true, ""local_rank"": 1, ""first_title"": ""본죽&amp;비빔밥 분당수내점"", ""address_input"": ""경기도 성남시 분당구 내정로 172""}"
ba_14283482,naver_place,1.0,1,,138,34,"{""found_in_local"": true, ""local_rank"": 1, ""first_title"": ""본죽&amp;비빔밥 목동역점"", ""address_input"": ""서울특별시 양천구 목동로 218""}"
ba_14285796,naver_place,1.0,1,,60,13,"{""found_in_local"": true, ""local_rank"": 1, ""first_title"": ""본죽&amp;비빔밥 대구평리뉴타운점"", ""address_input"": ""대구광역시 서구 당산로 446""}"
ba_14294026,naver_place,1.0,1,,9,0,"{""found_in_local"": true, ""local_rank"": 1, ""first_title"": ""굽네치킨 신안중흥점"", ""address_input"": ""광주광역시 북구 서양로 41""}"
ba_14294656,naver_place,1.0,1,,9,1,"{""found_in_local"": true, ""local_rank"": 1, ""first_title"": ""굽네치킨 청천2동점"", ""address_input"": ""인천광역시 부평구 평천로 158""}"
ba_14296954,naver_place,1.0,5,,502,51,"{""found_in_local"": true, ""local_rank"": 1, ""first_title"": ""굽네치킨 청주동남지구점"", ""address_input"": ""충청북도 청주시 상당구 중고개로 104""}"
ba_14297681,naver_place,1.0,1,,31,4,"{""found_in_local"": true, ""local_rank"": 1, ""first_title"": ""굽네치킨 서산예천점"", ""address_input"": ""충청남도 서산시 석남3로 7""}"
ba_14308401,naver_place,1.0,2,,57,29,"{""found_in_local"": true, ""local_rank"": 1, ""first_title"": ""굽네치킨 삼성2동점"", ""address_input"": ""서울특별시 강남구 삼성로103길 12""}"
ba_14308402,naver_place,0.0,2,,33,17,"{""found_in_local"": false, ""local_rank"": null, ""first_title"": ""굽네치킨 청담점"", ""address_input"": ""서울특별시 강남구 삼성로103길 12""}"
ba_14309634,naver_place,1.0,2,,33,17,"{""found_in_local"": true, ""local_rank"": 1, ""first_title"": ""굽네치킨 청담점"", ""address_input"": ""서울특별시 강남구 삼성로103길 12""}"
ba_14322928,naver_place,1.0,1,,38,15,"{""found_in_local"": true, ""local_rank"": 1, ""first_title"": ""본죽&amp;비빔밥 부천심곡본동점"", ""address_input"": ""경기도 부천시 경인로 190""}"
ba_14325499,naver_place,1.0,1,,78,50,"{""found_in_local"": true, ""local_rank"": 1, ""first_title"": ""본죽&amp;비빔밥cafe 충주계룡힐스점"", ""address_input"": ""충청북도 충주시 연수동산로3길 20""}"
ba_14327485,naver_place,1.0,1,,7,1,"{""found_in_local"": true, ""local_rank"": 1, ""first_title"": ""굽네치킨 장곡장현점"", ""address_input"": ""경기도 시흥시 장곡북로 43""}"
ba_14327700,naver_place,1.0,1,,32,3,"{""found_in_local"": true, ""local_rank"": 1, ""first_title"": ""본죽 &amp; 비빔밥 부산전포점"", ""address_input"": ""부산광역시 부산진구 중앙대로 802""}"
ba_14332090,naver_place,1.0,1,,16,6,"{""found_in_local"": true, ""local_rank"": 1, ""first_title"": ""굽네치킨 순천금당왕지점"", ""address_input"": ""전라남도 순천시 해룡면 조례못등길 70""}"
ba_14332093,naver_place,0.0,1,,3,1,"{""found_in_local"": false, ""local_rank"": null, ""first_title"": ""굽네치킨 순천금당왕지점"", ""address_input"": ""전라남도 순천시 해룡면 조례못등길 70""}"
ba_14335138,naver_place,0.0,0,,55,23,"{""found_in_local"": false, ""local_rank"": null, ""first_title"": null, ""address_input"": ""대전광역시 동구 흥룡로 79""}"
ba_14335172,naver_place,1.0,1,,7,1,"{""found_in_local"": true, ""local_rank"": 1, ""first_title"": ""굽네치킨 장곡장현점"", ""address_input"": ""경기도 시흥시 장곡북로 43""}"
ba_14336642,naver_place,1.0,5,,5,5,"{""found_in_local"": true, ""local_rank"": 1, ""first_title"": ""굽네치킨 상대원점"", ""address_input"": ""경기도 성남시 중원구 희망로 324""}"
ba_14338227,naver_place,1.0,5,,8,7,"{""found_in_local"": true, ""local_rank"": 1, ""first_title"": ""굽네치킨 상대원점"", ""address_input"": ""경기도 성남시 중원구 희망로 324""}"
ba_14341228,naver_place,0.0,1,,680,2192,"{""found_in_local"": false, ""local_rank"": null, ""first_title"": ""굽네치킨&amp;피자 고덕국제점"", ""address_input"": ""경기도 평택시 고덕면 고덕국제3길 22""}"
ba_14352915,naver_place,1.0,1,,351,159,"{""found_in_local"": true, ""local_rank"": 1, ""first_title"": ""본죽&amp;비빔밥 대구다사역점"", ""address_input"": ""대구광역시 달성군 다사읍 다사로 71""}"
ba_14356032,naver_place,1.0,1,,5,0,"{""found_in_local"": true, ""local_rank"": 1, ""first_title"": ""본 죽&amp;비빔밥 양평용문점"", ""address_input"": ""경기도 양평군 용문면 용문로 377""}"
ba_14360458,naver_place,1.0,1,,13,110,"{""found_in_local"": true, ""local_rank"": 1, ""first_title"": ""본죽&amp;비빔밥 충북오송점"", ""address_input"": ""충청북도 청주시 흥덕구 오송읍 오송생명로 186""}"
ba_14363013,naver_place,1.0,1,,2,1,"{""found_in_local"": true, ""local_rank"": 1, ""first_title"": ""본 죽&amp;비빔밥 광주삼각점"", ""address_input"": ""광주광역시 북구 설죽로370번길 24""}"
ba_14371606,naver_place,1.0,1,,32,6,"{""found_in_local"": true, ""local_rank"": 1, ""first_title"": ""본죽&amp;비빔밥 부산내성교차로점"", ""address_input"": ""부산광역시 동래구 충렬대로 152""}"
ba_14387283,naver_place,1.0,1,,4,0,"{""found_in_local"": true, ""local_rank"": 1, ""first_title"": ""본 죽&amp;비빔밥 신봉초교점"", ""address_input"": ""경기도 용인시 수지구 신봉1로 165""}"
ba_14387630,naver_place,1.0,1,,17,5,"{""found_in_local"": true, ""local_rank"": 1, ""first_title"": ""굽네치킨 등촌2동점"", ""address_input"": ""서울특별시 강서구 등촌로53길 13""}"
ba_14388856,naver_place,0.0,0,,66,69,"{""found_in_local"": false, ""local_rank"": null, ""first_title"": null, ""address_input"": ""서울특별시 영등포구 국회대로66길 23""}"
ba_14388863,naver_place,0.0,0,,73,72,"{""found_in_local"": false, ""local_rank"": null, ""first_title"": null, ""address_input"": ""서울특별시 영등포구 국회대로66길 23""}"
ba_14390691,naver_place,1.0,1,,4,0,"{""found_in_local"": true, ""local_rank"": 1, ""first_title"": ""본죽&amp;비빔밥 경산옥곡점"", ""address_input"": ""경상북도 경산시 경산로 51""}"
ba_14392310,naver_place,0.0,2,,11,2,"{""found_in_local"": false, ""local_rank"": null, ""first_title"": ""굽네치킨 등촌3동점"", ""address_input"": ""서울특별시 강서구 등촌로53길 13""}"
ba_14392877,naver_place,1.0,1,,14,6,"{""found_in_local"": true, ""local_rank"": 1, ""first_title"": ""본 죽&amp;비빔밥 인천석바위점"", ""address_input"": ""인천광역시 미추홀구 경원대로864번길 10""}"
ba_14396364,naver_place,1.0,1,,188,49,"{""found_in_local"": true, ""local_rank"": 1, ""first_title"": ""본죽&amp;비빔밥cafe 용인어정역점"", ""address_input"": ""경기도 용인시 기흥구 어정로 127""}"
ba_14397420,naver_place,1.0,1,,6,4,"{""found_in_local"": true, ""local_rank"": 1, ""first_title"": ""굽네치킨 진해장천점"", ""address_input"": ""경상남도 창원시 진해구 충장로657번길 35""}"
ba_14399330,naver_place,1.0,1,,115,48,"{""found_in_local"": true, ""local_rank"": 1, ""first_title"": ""본죽&amp;비빔밥 대구상인롯데점"", ""address_input"": ""대구광역시 달서구 상인서로 103-6""}"
ba_14400680,naver_place,1.0,5,,9,4,"{""found_in_local"": true, ""local_rank"": 1, ""first_title"": ""굽네치킨 영암삼호"", ""address_input"": ""전라남도 영암군 삼호읍 삼호중앙로 234""}"
ba_14400681,naver_place,0.0,3,,6,2,"{""found_in_local"": false, ""local_rank"": null, ""first_title"": ""굽네치킨 영암삼호"", ""address_input"": ""전라남도 영암군 삼호읍 삼호중앙로 234""}"
ba_14413122,naver_place,1.0,1,,10,3,"{""found_in_local"": true, ""local_rank"": 1, ""first_title"": ""굽네치킨 만성점"", ""address_input"": ""전북특별자치도 전주시 덕진구 만성중앙로 53-37""}"
ba_14422337,naver_place,1.0,1,,3,1,"{""found_in_local"": true, ""local_rank"": 1, ""first_title"": ""본 죽&amp;비빔밥 고양덕은점"", ""address_input"": ""경기도 고양시 덕양구 으뜸로 130""}"
ba_14435298,naver_place,1.0,1,,46,13,"{""found_in_local"": true, ""local_rank"": 1, ""first_title"": ""본죽&amp;비빔밥 인천부평나누리병원점"", ""address_input"": ""인천광역시 부평구 장제로 162""}"
ba_14435750,naver_place,1.0,1,,11,0,"{""found_in_local"": true, ""local_rank"": 1, ""first_title"": ""본죽&amp;비빔밥cafe 광주연제점"", ""address_input"": ""광주광역시 북구 양일로 58""}"
ba_14437626,naver_place,1.0,1,,12,0,"{""found_in_local"": true, ""local_rank"": 1, ""first_title"": ""굽네치킨 대구읍내점"", ""address_input"": ""대구광역시 북구 칠곡중앙대로118길 14""}"
ba_14440526,naver_place,1.0,1,,9,8,"{""found_in_local"": true, ""local_rank"": 1, ""first_title"": ""굽네치킨 서산동문점"", ""address_input"": ""충청남도 서산시 율지19길 47-10""}"
ba_14440680,naver_place,1.0,1,,13,33,"{""found_in_local"": true, ""local_rank"": 1, ""first_title"": ""굽네치킨 면목점"", ""address_input"": ""서울특별시 중랑구 면목로35길 52""}"
ba_14440681,naver_place,1.0,1,,14,33,"{""found_in_local"": true, ""local_rank"": 1, ""first_title"": ""굽네치킨 면목점"", ""address_input"": ""서울특별시 중랑구 면목로35길 52""}"
ba_14441181,naver_place,1.0,1,,17,7,"{""found_in_local"": true, ""local_rank"": 1, ""first_title"": ""굽네치킨 나주빛가람점"", ""address_input"": ""전라남도 나주시 그린로 339""}"
ba_14441192,naver_place,1.0,1,,9,6,"{""found_in_local"": true, ""local_rank"": 1, ""first_title"": ""굽네치킨 나주빛가람점"", ""address_input"": ""전라남도 나주시 그린로 339""}"
ba_14448826,naver_place,1.0,1,,646,6,"{""found_in_local"": true, ""local_rank"": 1, ""first_title"": ""본죽&amp;비빔밥 인천검단신도시점"", ""address_input"": ""인천광역시 서구 이음5로 65""}"
ba_14449139,naver_place,1.0,1,,2,1,"{""found_in_local"": true, ""local_rank"": 1, ""first_title"": ""굽네치킨 용운판암점"", ""address_input"": ""대전광역시 동구 용운로151번길 9""}"
ba_14454741,naver_place,1.0,1,,170,60,"{""found_in_local"": true, ""local_rank"": 1, ""first_title"": ""본죽&amp;비빔밥 부천소새울역점"", ""address_input"": ""경기도 부천시 소사구 소사로 124""}"
ba_14456345,naver_place,1.0,1,,46,9,"{""found_in_local"": true, ""local_rank"": 1, ""first_title"": ""본 죽&amp;비빔밥 천안두정포레나점"", ""address_input"": ""충청남도 천안시 서북구 북일로 21""}"
ba_14456826,naver_place,1.0,1,,114,121,"{""found_in_local"": true, ""local_rank"": 1, ""first_title"": ""본죽&amp;비빔밥 청주오송파라곤점"", ""address_input"": ""충청북도 청주시 흥덕구 오송읍 오송생명7로 146""}"
ba_14456827,naver_place,1.0,1,,56,23,"{""found_in_local"": true, ""local_rank"": 1, ""first_title"": ""본죽&amp;비빔밥 인천동암더샵점"", ""address_input"": ""인천광역시 부평구 열우물로 90""}"
ba_14457403,naver_place,1.0,1,,25,0,"{""found_in_local"": true, ""local_rank"": 1, ""first_title"": ""본죽&amp;비빔밥 부산연제점(연제구청)"", ""address_input"": ""부산광역시 연제구 연수로 110""}"
ba_14458025,naver_place,1.0,1,,8,6,"{""found_in_local"": true, ""local_rank"": 1, ""first_title"": ""굽네치킨 공업탑점"", ""address_input"": ""울산광역시 남구 수암로 28-1""}"
ba_14459736,naver_place,1.0,5,,195261,214620,"{""found_in_local"": true, ""local_rank"": 1, ""first_title"": ""굽네치킨 명동점"", ""address_input"": ""경기도 남양주시 화도읍 마석로 87-10""}"
ba_14462203,naver_place,1.0,1,,30,3,"{""found_in_local"": true, ""local_rank"": 1, ""first_title"": ""본죽&amp;비빔밥 동대구시장점"", ""address_input"": ""대구광역시 동구 신암로 70""}"
ba_14463467,naver_place,1.0,1,,9,2,"{""found_in_local"": true, ""local_rank"": 1, ""first_title"": ""굽네치킨 부산화명신도시점"", ""address_input"": ""부산광역시 북구 산성로 28""}"
ba_14463469,naver_place,0.0,1,,7,2,"{""found_in_local"": false, ""local_rank"": null, ""first_title"": ""굽네치킨 부산화명신도시점"", ""address_input"": ""부산광역시 북구 산성로 28""}"
ba_14464913,naver_place,1.0,1,,13,12,"{""found_in_local"": true, ""local_rank"": 1, ""first_title"": ""굽네치킨 부산구서점"", ""address_input"": ""부산광역시 금정구 두실로7번길 119""}"
ba_14464914,naver_place,1.0,3,,5,10,"{""found_in_local"": true, ""local_rank"": 1, ""first_title"": ""굽네치킨 부산구서점"", ""address_input"": ""부산광역시 금정구 두실로7번길 119""}"
ba_14470771,naver_place,1.0,1,,394,185,"{""found_in_local"": true, ""local_rank"": 1, ""first_title"": ""본 죽&amp;비빔밥 부산동대신역점"", ""address_input"": ""부산광역시 서구 대영로 54""}"
ba_14472921,naver_place,1.0,1,,4,2,"{""found_in_local"": true, ""local_rank"": 1, ""first_title"": ""굽네치킨 내당중리점"", ""address_input"": ""대구광역시 서구 평리로 286""}"
ba_14473511,naver_place,1.0,1,,117,32,"{""found_in_local"": true, ""local_rank"": 1, ""first_title"": ""본죽&amp;비빔밥 김해가야대역점"", ""address_input"": ""경상남도 김해시 가야로 26""}"
ba_14484108,naver_place,1.0,1,,1,2,"{""found_in_local"": true, ""local_rank"": 1, ""first_title"": ""굽네치킨 춘천후평점"", ""address_input"": ""강원특별자치도 춘천시 후석로 253""}"
ba_14484534,naver_place,1.0,1,,9,2,"{""found_in_local"": true, ""local_rank"": 1, ""first_title"": ""본죽&amp;비빔밥 산본학원가점"", ""address_input"": ""경기도 군포시 산본로 394""}"
ba_14488211,naver_place,1.0,4,,15,7,"{""found_in_local"": true, ""local_rank"": 1, ""first_title"": ""굽네치킨 일산풍동점"", ""address_input"": ""경기도 고양시 일산동구 고풍로 72-41""}"
ba_14488212,naver_place,0.0,4,,15,8,"{""found_in_local"": false, ""local_rank"": null, ""first_title"": ""굽네치킨 일산풍동점"", ""address_input"": ""경기도 고양시 일산동구 고풍로 72-41""}"
ba_14488495,naver_place,1.0,1,,11,2,"{""found_in_local"": true, ""local_rank"": 1, ""first_title"": ""본죽&amp;비빔밥 역촌점"", ""address_input"": ""서울특별시 은평구 갈현로 85""}"
ba_14495787,naver_place,1.0,1,,40,45,"{""found_in_local"": true, ""local_rank"": 1, ""first_title"": ""굽네치킨 김해율하점"", ""address_input"": ""경상남도 김해시 율하3로 107""}"
ba_14495840,naver_place,1.0,1,,84,48,"{""found_in_local"": true, ""local_rank"": 1, ""first_title"": ""본 죽&amp;비빔밥 검단파라곤센트럴점"", ""address_input"": ""인천광역시 서구 이음대로 475""}"
ba_14504490,naver_place,1.0,1,,17,10,"{""found_in_local"": true, ""local_rank"": 1, ""first_title"": ""본죽&amp;비빔밥 부천순천향병원앞점"", ""address_input"": ""경기도 부천시 원미구 석천로110번길 9""}"
ba_14506379,naver_place,1.0,1,,50,7,"{""found_in_local"": true, ""local_rank"": 1, ""first_title"": ""본 죽&amp;비빔밥 방학역점"", ""address_input"": ""서울특별시 도봉구 도봉로150길 43""}"
ba_14506800,naver_place,1.0,1,,14,1,"{""found_in_local"": true, ""local_rank"": 1, ""first_title"": ""본죽&amp;비빔밥 율전상률초점"", ""address_input"": ""경기도 수원시 장안구 서부로2181번길 39""}"
ba_14513076,naver_place,1.0,1,,45,12,"{""found_in_local"": true, ""local_rank"": 1, ""first_title"": ""본죽&amp;비빔밥 광주첨단점"", ""address_input"": ""광주광역시 광산구 첨단중앙로170번길 64""}"
ba_14525069,naver_place,1.0,1,,56,9,"{""found_in_local"": true, ""local_rank"": 1, ""first_title"": ""굽네치킨 다산중앙점"", ""address_input"": ""경기도 남양주시 다산순환로 118-77""}"
ba_14525359,naver_place,1.0,1,,9,3,"{""found_in_local"": true, ""local_rank"": 1, ""first_title"": ""본 죽&amp;비빔밥 용인모현점"", ""address_input"": ""경기도 용인시 처인구 모현읍 백옥대로 2386""}"
ba_14525748,naver_place,0.0,0,,8,1,"{""found_in_local"": false, ""local_rank"": null, ""first_title"": null, ""address_input"": ""경기도 평택시 송탄공원로 73""}"
ba_14528279,naver_place,1.0,1,,23,19,"{""found_in_local"": true, ""local_rank"": 1, ""first_title"": ""굽네치킨 봉동점"", ""address_input"": ""전북특별자치도 완주군 봉동읍 완주산단8로 24""}"
ba_14528412,naver_place,0.0,0,,8,6,"{""found_in_local"": false, ""local_rank"": null, ""first_title"": null, ""address_input"": ""전북특별자치도 완주군 봉동읍 완주산단8로 24""}"
ba_14528476,naver_place,1.0,1,,285,162,"{""found_in_local"": true, ""local_rank"": 1, ""first_title"": ""본죽&amp;비빔밥 인천박촌역점"", ""address_input"": ""인천광역시 계양구 장제로1009번길 2""}"
ba_14530939,naver_place,1.0,1,,4,3,"{""found_in_local"": true, ""local_rank"": 1, ""first_title"": ""본죽 경북청도점"", ""address_input"": ""경상북도 청도군 청도읍 청화로 88""}"
ba_14533127,naver_place,1.0,1,,20,4,"{""found_in_local"": true, ""local_rank"": 1, ""first_title"": ""본죽&amp;비빔밥 위례창곡점"", ""address_input"": ""경기도 성남시 수정구 위례동로 147""}"
ba_14541579,naver_place,1.0,1,,25,5,"{""found_in_local"": true, ""local_rank"": 1, ""first_title"": ""굽네치킨 킨텍스호수공원점"", ""address_input"": ""경기도 고양시 일산서구 주엽로 80""}"
ba_14544899,naver_place,1.0,1,,24,2,"{""found_in_local"": true, ""local_rank"": 1, ""first_title"": ""본죽&amp;비빔밥 안양호계포도원점"", ""address_input"": ""경기도 안양시 동안구 경수대로 428""}"
ba_14545829,naver_place,1.0,1,,46,2,"{""found_in_local"": true, ""local_rank"": 1, ""first_title"": ""굽네치킨 임학점"", ""address_input"": ""인천광역시 계양구 계양산로216번길 14""}"
ba_14548743,naver_place,1.0,1,,2,0,"{""found_in_local"": true, ""local_rank"": 1, ""first_title"": ""굽네치킨 다산가운.지금점"", ""address_input"": ""경기도 남양주시 가운로2길 63""}"
ba_14551802,naver_place,1.0,1,,184,51,"{""found_in_local"": true, ""local_rank"": 1, ""first_title"": ""본죽&amp;비빔밥cafe 명동2호점"", ""address_input"": ""서울특별시 중구 명동9가길 10""}"
ba_14556221,naver_place,1.0,3,,14,2,"{""found_in_local"": true, ""local_rank"": 1, ""first_title"": ""굽네치킨 사창사직2점"", ""address_input"": ""충청북도 청주시 흥덕구 덕암로108번길 61""}"
ba_14557869,naver_place,1.0,1,,10,5,"{""found_in_local"": true, ""local_rank"": 1, ""first_title"": ""굽네치킨 화곡4동점"", ""address_input"": ""서울특별시 강서구 등촌로5가길 37""}"
ba_14557882,naver_place,1.0,1,,16,2,"{""found_in_local"": true, ""local_rank"": 1, ""first_title"": ""굽네치킨 신방화역점"", ""address_input"": ""서울특별시 강서구 마곡서1로 131""}"
ba_14560963,naver_place,0.0,1,,9,1,"{""found_in_local"": false, ""local_rank"": null, ""first_title"": ""굽네치킨 다산가운.지금점"", ""address_input"": ""경기도 남양주시 가운로2길 63""}"
ba_14563145,naver_place,1.0,1,,12,4,"{""found_in_local"": true, ""local_rank"": 1, ""first_title"": ""굽네치킨 경주불국사점"", ""address_input"": ""경상북도 경주시 진현로 23""}"
ba_14564492,naver_place,1.0,1,,20,2,"{""found_in_local"": true, ""local_rank"": 1, ""first_title"": ""본 죽&amp;비빔밥 대구신월성점"", ""address_input"": ""대구광역시 달서구 조암로 42""}"
ba_14569929,naver_place,1.0,1,,27,3,"{""found_in_local"": true, ""local_rank"": 1, ""first_title"": ""굽네치킨 응암1호점"", ""address_input"": ""서울특별시 은평구 응암로22길 7-1""}"
ba_14573167,naver_place,1.0,1,,29,3,"{""found_in_local"": true, ""local_rank"": 1, ""first_title"": ""본죽&amp;비빔밥 파주금촌점"", ""address_input"": ""경기도 파주시 중앙로 303""}"
ba_14574885,naver_place,1.0,1,,20,0,"{""found_in_local"": true, ""local_rank"": 1, ""first_title"": ""본죽&amp;비빔밥 청주분평점"", ""address_input"": ""충청북도 청주시 서원구 청남로 1992""}"
ba_14575172,naver_place,1.0,1,,16,5,"{""found_in_local"": true, ""local_rank"": 1, ""first_title"": ""굽네치킨 좌4동점"", ""address_input"": ""부산광역시 해운대구 세실로 174""}"
ba_14578524,naver_place,1.0,1,,14,2,"{""found_in_local"": true, ""local_rank"": 1, ""first_title"": ""굽네치킨 세천점"", ""address_input"": ""대구광역시 달성군 다사읍 세천로 160""}"
ba_14580787,naver_place,1.0,1,,1,0,"{""found_in_local"": true, ""local_rank"": 1, ""first_title"": ""본죽&amp;비빔밥 광주운암벽산점"", ""address_input"": ""광주광역시 북구 서강로54번길 55""}"
ba_14581239,naver_place,1.0,2,,1,4,"{""found_in_local"": true, ""local_rank"": 1, ""first_title"": ""굽네치킨 여좌중앙점"", ""address_input"": ""경상남도 창원시 진해구 충장로 41""}"
ba_14581501,naver_place,1.0,1,,116,26,"{""found_in_local"": true, ""local_rank"": 1, ""first_title"": ""본 죽&amp;비빔밥 동탄한림대병원점"", ""address_input"": ""경기도 화성시 삼성1로 150""}"
ba_14582073,naver_place,1.0,1,,12,4,"{""found_in_local"": true, ""local_rank"": 1, ""first_title"": ""굽네치킨 양주덕계점"", ""address_input"": ""경기도 양주시 평화로1466번길 30""}"
ba_14582508,naver_place,1.0,1,,17,0,"{""found_in_local"": true, ""local_rank"": 1, ""first_title"": ""본죽 안산월피동점"", ""address_input"": ""경기도 안산시 상록구 예술광장로 11""}"
ba_14591780,naver_place,0.0,0,,1,2,"{""found_in_local"": false, ""local_rank"": null, ""first_title"": null, ""address_input"": ""충청남도 금산군 금산읍 비단로 313""}"
ba_14593720,naver_place,1.0,1,,1,0,"{""found_in_local"": true, ""local_rank"": 1, ""first_title"": ""굽네치킨 무주읍점"", ""address_input"": ""전북특별자치도 무주군 무주읍 주계로8길 12""}"
ba_14593798,naver_place,1.0,3,,14,5,"{""found_in_local"": true, ""local_rank"": 1, ""first_title"": ""굽네치킨 능평점"", ""address_input"": ""경기도 광주시 고산길 17-2""}"
ba_14593800,naver_place,0.0,3,,14,5,"{""found_in_local"": false, ""local_rank"": null, ""first_title"": ""굽네치킨 능평점"", ""address_input"": ""경기도 광주시 고산길 17-2""}"
ba_14594474,naver_place,1.0,1,,1,0,"{""found_in_local"": true, ""local_rank"": 1, ""first_title"": ""본죽&amp;비빔밥 광주계림동점"", ""address_input"": ""광주광역시 동구 중앙로 349-3""}"
ba_14597164,naver_place,1.0,1,,16,2,"{""found_in_local"": true, ""local_rank"": 1, ""first_title"": ""굽네치킨 대치4동점"", ""address_input"": ""서울특별시 강남구 도곡로27길 6""}"
ba_14597165,naver_place,0.0,1,,16,2,"{""found_in_local"": false, ""local_rank"": null, ""first_title"": ""굽네치킨 대치4동점"", ""address_input"": ""서울특별시 강남구 도곡로27길 6""}"
ba_14598667,naver_place,1.0,1,,10,0,"{""found_in_local"": true, ""local_rank"": 1, ""first_title"": ""본죽&amp;비빔밥 조치원죽림점"", ""address_input"": ""세종특별자치시 조치원읍 은행나무1길 42""}"
ba_14599961,naver_place,1.0,1,,5,1,"{""found_in_local"": true, ""local_rank"": 1, ""first_title"": ""굽네치킨 파주헤이리점"", ""address_input"": ""경기도 파주시 탄현면 약산로 47""}"
ba_14599973,naver_place,1.0,1,,21,4,"{""found_in_local"": true, ""local_rank"": 1, ""first_title"": ""굽네치킨 파주법원점"", ""address_input"": ""경기도 파주시 법원읍 술이홀로 882-1""}"
ba_14600398,naver_place,0.5,2,,0,4,"{""found_in_local"": true, ""local_rank"": 2, ""first_title"": ""굽네치킨 진해여좌중앙점"", ""address_input"": ""경상남도 창원시 진해구 충장로 41""}"
ba_14600429,naver_place,1.0,1,,4,2,"{""found_in_local"": true, ""local_rank"": 1, ""first_title"": ""굽네치킨 김천부곡점"", ""address_input"": ""경상북도 김천시 부곡맛고을6길 20-22""}"
ba_14603467,naver_place,1.0,1,,43,7,"{""found_in_local"": true, ""local_rank"": 1, ""first_title"": ""본 죽&amp;비빔밥 천안불당점"", ""address_input"": ""충청남도 천안시 서북구 불당3길 33""}"
ba_14604237,naver_place,1.0,1,,7,2,"{""found_in_local"": true, ""local_rank"": 1, ""first_title"": ""굽네치킨 울산다운점"", ""address_input"": ""울산광역시 중구 다운로 64""}"
ba_14606315,naver_place,1.0,1,,121,50,"{""found_in_local"": true, ""local_rank"": 1, ""first_title"": ""본 죽&amp;비빔밥 의정부범골역점"", ""address_input"": ""경기도 의정부시 신흥로 125""}"
ba_14607412,naver_place,1.0,1,,45,7,"{""found_in_local"": true, ""local_rank"": 1, ""first_title"": ""굽네치킨 거북섬점"", ""address_input"": ""경기도 시흥시 거북섬2길 21""}"
ba_14613531,naver_place,1.0,1,,82,3,"{""found_in_local"": true, ""local_rank"": 1, ""first_title"": ""본죽&amp;비빔밥 부산백양산롯데캐슬점"", ""address_input"": ""부산광역시 부산진구 당감서로98번길 29""}"
ba_14615149,naver_place,0.0,0,,1,2,"{""found_in_local"": false, ""local_rank"": null, ""first_title"": null, ""address_input"": ""강원특별자치도 춘천시 서부대성로 180-1""}"
ba_14615268,naver_place,0.0,5,,52,23,"{""found_in_local"": false, ""local_rank"": null, ""first_title"": ""굽네치킨 효자신시가지점"", ""address_input"": ""강원특별자치도 춘천시 서부대성로 180-1""}"
ba_14616721,naver_place,1.0,1,,80,0,"{""found_in_local"": true, ""local_rank"": 1, ""first_title"": ""본 죽&amp;비빔밥 울산오토밸리점"", ""address_input"": ""울산광역시 북구 중산로 3""}"
ba_14619205,naver_place,1.0,1,,6,2,"{""found_in_local"": true, ""local_rank"": 1, ""first_title"": ""굽네치킨 신현원창점"", ""address_input"": ""인천광역시 서구 원창로 222""}"
ba_14620216,naver_place,1.0,2,,8,2,"{""found_in_local"": true, ""local_rank"": 1, ""first_title"": ""굽네치킨 이대역점"", ""address_input"": ""서울특별시 서대문구 북아현로1길 50""}"
ba_14623314,naver_place,1.0,1,,14,3,"{""found_in_local"": true, ""local_rank"": 1, ""first_title"": ""굽네치킨 경주충효점"", ""address_input"": ""경상북도 경주시 충효중앙길 60""}"
ba_14624481,naver_place,1.0,1,,31,0,"{""found_in_local"": true, ""local_rank"": 1, ""first_title"": ""굽네치킨 고산지구점"", ""address_input"": ""경기도 의정부시 수암로 4""}"
ba_14625157,naver_place,1.0,1,,41,21,"{""found_in_local"": true, ""local_rank"": 1, ""first_title"": ""굽네치킨 금촌점"", ""address_input"": ""경기도 파주시 새꽃로 96""}"
ba_14625762,naver_place,1.0,1,,17,55,"{""found_in_local"": true, ""local_rank"": 1, ""first_title"": ""본죽&amp;비빔밥 익산부송우남점"", ""address_input"": ""전북특별자치도 익산시 무왕로26길 12""}"
ba_14627570,naver_place,1.0,1,,148,68,"{""found_in_local"": true, ""local_rank"": 1, ""first_title"": ""본죽&amp;비빔밥 김해안동푸르지오점"", ""address_input"": ""경상남도 김해시 안동길 31""}"
ba_14629153,naver_place,1.0,1,,6,6,"{""found_in_local"": true, ""local_rank"": 1, ""first_title"": ""굽네치킨 합천점"", ""address_input"": ""경상남도 합천군 합천읍 충효로4길 10""}"
ba_14629813,naver_place,1.0,1,,7,6,"{""found_in_local"": true, ""local_rank"": 1, ""first_title"": ""굽네치킨 용인모현점"", ""address_input"": ""경기도 용인시 처인구 모현읍 백옥대로2384번길 21-37""}"
ba_14629918,naver_place,1.0,1,,2,0,"{""found_in_local"": true, ""local_rank"": 1, ""first_title"": ""굽네치킨 양지동점"", ""address_input"": ""경기도 성남시 수정구 산성대로 489""}"
ba_14629919,naver_place,1.0,3,,0,0,"{""found_in_local"": true, ""local_rank"": 1, ""first_title"": ""굽네치킨 양지동점"", ""address_input"": ""경기도 성남시 수정구 산성대로 489""}"
ba_14637553,naver_place,1.0,3,,0,0,"{""found_in_local"": true, ""local_rank"": 1, ""first_title"": ""굽네치킨 양지동점"", ""address_input"": ""경기도 성남시 수정구 산성대로 489""}"
ba_14637963,naver_place,1.0,2,,20,9,"{""found_in_local"": true, ""local_rank"": 1, ""first_title"": ""굽네치킨 영덕영해점"", ""address_input"": ""경상북도 영덕군 영해면 영덕로 1829""}"
ba_14640352,naver_place,1.0,1,,2,1,"{""found_in_local"": true, ""local_rank"": 1, ""first_title"": ""본 죽&amp;비빔밥 광주삼각점"", ""address_input"": ""광주광역시 북구 설죽로370번길 24""}"
ba_14642115,naver_place,1.0,1,,27,9,"{""found_in_local"": true, ""local_rank"": 1, ""first_title"": ""굽네치킨 공도2호점"", ""address_input"": ""경기도 안성시 공도읍 공도2로 3-15""}"
ba_14643477,naver_place,1.0,1,,149,25,"{""found_in_local"": true, ""local_rank"": 1, ""first_title"": ""본죽&amp;비빔밥 대구신매시장점"", ""address_input"": ""대구광역시 수성구 신매로 91""}"
ba_14645179,naver_place,1.0,1,,7,1,"{""found_in_local"": true, ""local_rank"": 1, ""first_title"": ""본죽&amp;비빔밥 경산임당점"", ""address_input"": ""경상북도 경산시 남매공원로1길 7""}"
ba_14647668,naver_place,1.0,1,,22,26,"{""found_in_local"": true, ""local_rank"": 1, ""first_title"": ""본 죽&amp;비빔밥 인천간석홈플러스앞점"", ""address_input"": ""인천광역시 남동구 경원대로 962""}"
ba_14648765,naver_place,1.0,1,,0,1,"{""found_in_local"": true, ""local_rank"": 1, ""first_title"": ""굽네치킨 서면가곡점"", ""address_input"": ""전라남도 순천시 중앙로 530""}"
ba_14649303,naver_place,1.0,1,,1,0,"{""found_in_local"": true, ""local_rank"": 1, ""first_title"": ""굽네치킨 계룡대실점"", ""address_input"": ""충청남도 계룡시 두마면 농소로 63""}"
ba_14650120,naver_place,1.0,1,,0,0,"{""found_in_local"": true, ""local_rank"": 1, ""first_title"": ""굽네치킨 벌교점"", ""address_input"": ""전라남도 보성군 벌교읍 채동선로 270""}"
ba_14651431,naver_place,0.0,1,,0,0,"{""found_in_local"": false, ""local_rank"": null, ""first_title"": ""굽네치킨 벌교점"", ""address_input"": ""전라남도 보성군 벌교읍 채동선로 270""}"
ba_14651464,naver_place,0.0,2,,18,3,"{""found_in_local"": false, ""local_rank"": null, ""first_title"": ""굽네치킨 순천조례점"", ""address_input"": ""전라남도 순천시 중앙로 530""}"
ba_14652311,naver_place,0.0,0,,37,6,"{""found_in_local"": false, ""local_rank"": null, ""first_title"": null, ""address_input"": ""서울특별시 강남구 밤고개로 227""}"
ba_14652929,naver_place,1.0,1,,89,50,"{""found_in_local"": true, ""local_rank"": 1, ""first_title"": ""굽네치킨 울산중앙점"", ""address_input"": ""울산광역시 중구 새즈믄해거리 22""}"
ba_14653291,naver_place,0.0,0,,84,47,"{""found_in_local"": false, ""local_rank"": null, ""first_title"": null, ""address_input"": ""울산광역시 중구 새즈믄해거리 22""}"
ba_14654080,naver_place,1.0,1,,12,9,"{""found_in_local"": true, ""local_rank"": 1, ""first_title"": ""굽네치킨 부산명장점"", ""address_input"": ""부산광역시 동래구 명서로 169-1""}"
ba_14654803,naver_place,1.0,1,,40,5,"{""found_in_local"": true, ""local_rank"": 1, ""first_title"": ""본죽&amp;비빔밥 포항이인지구점"", ""address_input"": ""경상북도 포항시 북구 흥해읍 이인로 100""}"
ba_14658160,naver_place,1.0,5,,10,4,"{""found_in_local"": true, ""local_rank"": 1, ""first_title"": ""굽네치킨 대구옥포점"", ""address_input"": ""대구광역시 달성군 옥포읍 비슬로447길 55""}"
ba_14658825,naver_place,1.0,1,,9,2,"{""found_in_local"": true, ""local_rank"": 1, ""first_title"": ""굽네치킨 문학점"", ""address_input"": ""인천광역시 미추홀구 소성로 350""}"
ba_14662462,naver_place,1.0,1,,6,8,"{""found_in_local"": true, ""local_rank"": 1, ""first_title"": ""굽네치킨 광탄점"", ""address_input"": ""경기도 파주시 광탄면 혜음로 1122""}"
ba_14662547,naver_place,1.0,1,,3,2,"{""found_in_local"": true, ""local_rank"": 1, ""first_title"": ""굽네치킨 신사우점"", ""address_input"": ""강원특별자치도 춘천시 충열로 101""}"
ba_14662584,naver_place,1.0,2,,3,1,"{""found_in_local"": true, ""local_rank"": 1, ""first_title"": ""굽네치킨 광주퇴촌점"", ""address_input"": ""경기도 광주시 퇴촌면 천진암로 328-1""}"
ba_14663126,naver_place,1.0,1,,35,9,"{""found_in_local"": true, ""local_rank"": 1, ""first_title"": ""굽네치킨 통영죽림점"", ""address_input"": ""경상남도 통영시 광도면 죽림3로 43-16""}"
ba_14663534,naver_place,1.0,1,,1,2,"{""found_in_local"": true, ""local_rank"": 1, ""first_title"": ""굽네치킨 포항용흥점"", ""address_input"": ""경상북도 포항시 북구 대안길 69""}"
ba_14665998,naver_place,1.0,1,,14,1,"{""found_in_local"": true, ""local_rank"": 1, ""first_title"": ""본죽&amp;비빔밥 오금동사거리점"", ""address_input"": ""서울특별시 송파구 동남로 317""}"
ba_14666363,naver_place,1.0,1,,8,8,"{""found_in_local"": true, ""local_rank"": 1, ""first_title"": ""굽네치킨 충남태안점"", ""address_input"": ""충청남도 태안군 태안읍 샘골로 29""}"
ba_14668967,naver_place,1.0,1,,1,2,"{""found_in_local"": true, ""local_rank"": 1, ""first_title"": ""굽네치킨 신사우점"", ""address_input"": ""강원특별자치도 춘천시 충열로 101""}"
ba_14669107,naver_place,1.0,1,,18,8,"{""found_in_local"": true, ""local_rank"": 1, ""first_title"": ""굽네치킨 의정부용현점"", ""address_input"": ""경기도 의정부시 용민로 75-27""}"
ba_14669108,naver_place,0.0,0,,12,4,"{""found_in_local"": false, ""local_rank"": null, ""first_title"": null, ""address_input"": ""경기도 의정부시 용민로 75-27""}"
ba_14669109,naver_place,0.0,0,,12,3,"{""found_in_local"": false, ""local_rank"": null, ""first_title"": null, ""address_input"": ""경기도 의정부시 용민로 75-27""}"
ba_14671483,naver_place,1.0,1,,36,5,"{""found_in_local"": true, ""local_rank"": 1, ""first_title"": ""굽네치킨 영천중앙점"", ""address_input"": ""경상북도 영천시 삼산길 38""}"
ba_14671490,naver_place,1.0,1,,32,5,"{""found_in_local"": true, ""local_rank"": 1, ""first_title"": ""굽네치킨 영천중앙점"", ""address_input"": ""경상북도 영천시 삼산길 38""}"
ba_14671974,naver_place,1.0,1,,9,6,"{""found_in_local"": true, ""local_rank"": 1, ""first_title"": ""굽네치킨 부산동삼점"", ""address_input"": ""부산광역시 영도구 동삼로 79""}"
ba_14673431,naver_place,1.0,1,,59,40,"{""found_in_local"": true, ""local_rank"": 1, ""first_title"": ""굽네치킨 부산온천점"", ""address_input"": ""부산광역시 동래구 중앙대로1335번길 21""}"
ba_14673434,naver_place,0.0,0,,15,27,"{""found_in_local"": false, ""local_rank"": null, ""first_title"": null, ""address_input"": ""경상북도 포항시 북구 죽파로 24""}"
ba_14673508,naver_place,1.0,1,,106,0,"{""found_in_local"": true, ""local_rank"": 1, ""first_title"": ""본 죽&amp;비빔밥 고덕래미안점"", ""address_input"": ""서울특별시 강동구 동남로81길 94""}"
ba_14675307,naver_place,1.0,2,,39,9,"{""found_in_local"": true, ""local_rank"": 1, ""first_title"": ""굽네치킨 운남점"", ""address_input"": ""인천광역시 중구 숲쟁이로 12""}"
ba_14675393,naver_place,1.0,1,,2,3,"{""found_in_local"": true, ""local_rank"": 1, ""first_title"": ""굽네치킨 파주적성점"", ""address_input"": ""경기도 파주시 적성면 솥뒤로 50""}"
ba_14679019,naver_place,1.0,1,,17,5,"{""found_in_local"": true, ""local_rank"": 1, ""first_title"": ""굽네치킨 울산반구점"", ""address_input"": ""울산광역시 중구 화합로 388""}"
ba_14681358,naver_place,1.0,1,,30,8,"{""found_in_local"": true, ""local_rank"": 1, ""first_title"": ""굽네치킨 시흥능곡점"", ""address_input"": ""경기도 시흥시 능곡로 182""}"
ba_14685750,naver_place,1.0,1,,1382,380,"{""found_in_local"": true, ""local_rank"": 1, ""first_title"": ""굽네치킨 개금1.2동점"", ""address_input"": ""부산광역시 부산진구 냉정로 188""}"
ba_14686856,naver_place,0.0,0,,152,50,"{""found_in_local"": false, ""local_rank"": null, ""first_title"": null, ""address_input"": ""부산광역시 북구 상학로 3""}"
ba_14686990,naver_place,0.0,0,,25,7,"{""found_in_local"": false, ""local_rank"": null, ""first_title"": null, ""address_input"": ""서울특별시 송파구 동남로6길 3""}"
ba_14686997,naver_place,1.0,1,,25,0,"{""found_in_local"": true, ""local_rank"": 1, ""first_title"": ""본죽 삼전동점"", ""address_input"": ""서울특별시 송파구 백제고분로 202""}"
ba_14687060,naver_place,1.0,1,,23,6,"{""found_in_local"": true, ""local_rank"": 1, ""first_title"": ""본죽&amp;비빔밥 천호로데오점"", ""address_input"": ""서울특별시 강동구 천호대로 1033""}"
ba_14687076,naver_place,1.0,1,,37,16,"{""found_in_local"": true, ""local_rank"": 1, ""first_title"": ""본죽 양천구청점"", ""address_input"": ""서울특별시 양천구 목동동로 55""}"
ba_14687088,naver_place,1.0,1,,46,2,"{""found_in_local"": true, ""local_rank"": 1, ""first_title"": ""본죽 길동시장점"", ""address_input"": ""서울특별시 강동구 양재대로116길 20""}"
ba_14687092,naver_place,1.0,4,,5,3,"{""found_in_local"": true, ""local_rank"": 1, ""first_title"": ""본죽&amp;비빔밥cafe 용산역아이파크몰점"", ""address_input"": ""서울특별시 용산구 이촌로 182""}"
ba_14687115,naver_place,1.0,1,,41,6,"{""found_in_local"": true, ""local_rank"": 1, ""first_title"": ""본죽 강서구청점"", ""address_input"": ""서울특별시 강서구 공항대로 382""}"
ba_14687119,naver_place,1.0,1,,31,10,"{""found_in_local"": true, ""local_rank"": 1, ""first_title"": ""본죽 성균관대점"", ""address_input"": ""서울특별시 종로구 창경궁로 247""}"
ba_14687134,naver_place,1.0,1,,9,10,"{""found_in_local"": true, ""local_rank"": 1, ""first_title"": ""본죽 만리점"", ""address_input"": ""서울특별시 중구 만리재로 175""}"
ba_14687136,naver_place,1.0,1,,105,18,"{""found_in_local"": true, ""local_rank"": 1, ""first_title"": ""본죽 서울백병원점"", ""address_input"": ""서울특별시 중구 마른내로 14""}"
ba_14687137,naver_place,1.0,1,,216,38,"{""found_in_local"": true, ""local_rank"": 1, ""first_title"": ""본죽&amp;비빔밥 명동점"", ""address_input"": ""서울특별시 중구 명동8가길 6""}"
ba_14687166,naver_place,1.0,1,,108,673,"{""found_in_local"": true, ""local_rank"": 1, ""first_title"": ""본죽&amp;비빔밥 등촌공항대로점"", ""address_input"": ""서울특별시 강서구 공항대로61길 14""}"
ba_14687296,naver_place,1.0,1,,8,2,"{""found_in_local"": true, ""local_rank"": 1, ""first_title"": ""본죽&amp;비빔밥 봉일시장점"", ""address_input"": ""서울특별시 관악구 은천로 38-1""}"
ba_14687304,naver_place,1.0,1,,67,2,"{""found_in_local"": true, ""local_rank"": 1, ""first_title"": ""본죽&amp;비빔밥 관악우체국점"", ""address_input"": ""서울특별시 관악구 남부순환로 1637""}"
ba_14687307,naver_place,1.0,1,,165,20,"{""found_in_local"": true, ""local_rank"": 1, ""first_title"": ""본죽&amp;비빔밥 봉천현대시장점"", ""address_input"": ""서울특별시 관악구 양녕로 62""}"
ba_14687310,naver_place,1.0,1,,53,8,"{""found_in_local"": true, ""local_rank"": 1, ""first_title"": ""본죽&amp;비빔밥 가산디지털점"", ""address_input"": ""서울특별시 금천구 가산디지털1로 186""}"
ba_14687315,naver_place,1.0,1,,83,26,"{""found_in_local"": true, ""local_rank"": 1, ""first_title"": ""본 죽&amp;비빔밥 뚝섬유원지역점"", ""address_input"": ""서울특별시 광진구 능동로 18""}"
ba_14687318,naver_place,1.0,1,,18,3,"{""found_in_local"": true, ""local_rank"": 1, ""first_title"": ""본죽&amp;비빔밥 독산정훈단지점"", ""address_input"": ""서울특별시 금천구 독산로 210""}"
ba_14687322,naver_place,1.0,1,,14,0,"{""found_in_local"": true, ""local_rank"": 1, ""first_title"": ""본죽&amp;비빔밥 구의시장점"", ""address_input"": ""서울특별시 광진구 광나루로 533""}"
ba_14687323,naver_place,1.0,1,,26,2,"{""found_in_local"": true, ""local_rank"": 1, ""first_title"": ""본죽&amp;비빔밥 관악구청점"", ""address_input"": ""서울특별시 관악구 관악로 144""}"
ba_14687326,naver_place,1.0,1,,14,3,"{""found_in_local"": true, ""local_rank"": 1, ""first_title"": ""본죽&amp;비빔밥cafe 개봉점"", ""address_input"": ""서울특별시 구로구 남부순환로97길 11""}"
ba_14687327,naver_place,1.0,1,,86,9,"{""found_in_local"": true, ""local_rank"": 1, ""first_title"": ""본죽&amp;비빔밥 시흥사거리점"", ""address_input"": ""서울특별시 금천구 금하로 619""}"
ba_14687333,naver_place,1.0,1,,33,10,"{""found_in_local"": true, ""local_rank"": 1, ""first_title"": ""본죽&amp;비빔밥 석계역점"", ""address_input"": ""서울특별시 노원구 석계로 11-1""}"
ba_14687334,naver_place,1.0,1,,83,10,"{""found_in_local"": true, ""local_rank"": 1, ""first_title"": ""본죽&amp;비빔밥 고척근린공원점"", ""address_input"": ""서울특별시 구로구 고척로 141""}"
ba_14687335,naver_place,1.0,1,,15,1,"{""found_in_local"": true, ""local_rank"": 1, ""first_title"": ""본죽&amp;비빔밥 광운대역점"", ""address_input"": ""서울특별시 노원구 석계로 98-1""}"
ba_14687340,naver_place,1.0,1,,50,7,"{""found_in_local"": true, ""local_rank"": 1, ""first_title"": ""본 죽&amp;비빔밥 방학역점"", ""address_input"": ""서울특별시 도봉구 도봉로150길 43""}"
ba_14687341,naver_place,1.0,1,,34,10,"{""found_in_local"": true, ""local_rank"": 1, ""first_title"": ""본 죽&amp;비빔밥 봉천역점"", ""address_input"": ""서울특별시 관악구 남부순환로 1741""}"
ba_14687344,naver_place,1.0,5,,19,5,"{""found_in_local"": true, ""local_rank"": 1, ""first_title"": ""본죽&amp;비빔밥 쌍문역드림점"", ""address_input"": ""서울특별시 도봉구 도당로 14""}"
ba_14687347,naver_place,1.0,1,,35,6,"{""found_in_local"": true, ""local_rank"": 1, ""first_title"": ""본죽&amp;비빔밥cafe 둔촌보훈병원점"", ""address_input"": ""서울특별시 강동구 진황도로 189""}"
ba_14687350,naver_place,1.0,1,,9,1,"{""found_in_local"": true, ""local_rank"": 1, ""first_title"": ""본죽&amp;비빔밥 구로구청점"", ""address_input"": ""서울특별시 구로구 가마산로 268""}"
ba_14687354,naver_place,1.0,1,,34,9,"{""found_in_local"": true, ""local_rank"": 1, ""first_title"": ""본죽&amp;비빔밥 신도림점"", ""address_input"": ""서울특별시 구로구 경인로59길 8""}"
ba_14687365,naver_place,1.0,1,,56,2,"{""found_in_local"": true, ""local_rank"": 1, ""first_title"": ""본죽&amp;비빔밥cafe 덕성여대점"", ""address_input"": ""서울특별시 도봉구 삼양로 534""}"
ba_14687368,naver_place,1.0,5,,6,1,"{""found_in_local"": true, ""local_rank"": 1, ""first_title"": ""본죽&amp;비빔밥cafe 장안동점"", ""address_input"": ""서울특별시 동대문구 장안벚꽃로 107""}"
ba_14687382,naver_place,1.0,5,,26,8,"{""found_in_local"": true, ""local_rank"": 1, ""first_title"": ""본죽&amp;비빔밥cafe 노량진점"", ""address_input"": ""서울특별시 동작구 만양로 81""}"
ba_14687388,naver_place,1.0,1,,4,0,"{""found_in_local"": true, ""local_rank"": 1, ""first_title"": ""본 죽&amp;비빔밥 중곡사거리점"", ""address_input"": ""서울특별시 광진구 긴고랑로 115""}"
ba_14687493,naver_place,1.0,1,,538,105,"{""found_in_local"": true, ""local_rank"": 1, ""first_title"": ""본죽&amp;비빔밥 상암DMC점"", ""address_input"": ""서울특별시 마포구 월드컵북로 396""}"
ba_14687497,naver_place,1.0,5,,57,31,"{""found_in_local"": true, ""local_rank"": 1, ""first_title"": ""본죽&amp;비빔밥 강남성심병원점"", ""address_input"": ""서울특별시 동작구 시흥대로 658""}"
ba_14688075,naver_place,1.0,1,,33,11,"{""found_in_local"": true, ""local_rank"": 1, ""first_title"": ""본죽 일산탄현점"", ""address_input"": ""경기도 고양시 일산서구 일현로 56""}"
ba_14688086,naver_place,1.0,5,,35,23,"{""found_in_local"": true, ""local_rank"": 1, ""first_title"": ""본죽&amp;비빔밥cafe 보라매점"", ""address_input"": ""서울특별시 동작구 보라매로5길 43""}"
ba_14688088,naver_place,1.0,1,,70,16,"{""found_in_local"": true, ""local_rank"": 1, ""first_title"": ""본죽&amp;비빔밥 대흥역점"", ""address_input"": ""서울특별시 마포구 대흥로 79""}"
ba_14688093,naver_place,1.0,1,,50,9,"{""found_in_local"": true, ""local_rank"": 1, ""first_title"": ""본죽&amp;비빔밥 상암하늘초교점"", ""address_input"": ""서울특별시 마포구 월드컵북로 502""}"
ba_14688094,naver_place,1.0,1,,3,1,"{""found_in_local"": true, ""local_rank"": 1, ""first_title"": ""본죽 군포G샘병원점"", ""address_input"": ""경기도 군포시 군포로 581""}"
ba_14688100,naver_place,1.0,1,,27,10,"{""found_in_local"": true, ""local_rank"": 1, ""first_title"": ""본죽 구리수택점"", ""address_input"": ""경기도 구리시 검배로 55""}"
ba_14688108,naver_place,1.0,5,,40,9,"{""found_in_local"": true, ""local_rank"": 1, ""first_title"": ""본죽&amp;비빔밥cafe 중앙대점"", ""address_input"": ""서울특별시 동작구 흑석로 91""}"
ba_14688114,naver_place,1.0,1,,164,74,"{""found_in_local"": true, ""local_rank"": 1, ""first_title"": ""본죽&amp;비빔밥 신촌점"", ""address_input"": ""서울특별시 서대문구 연세로 20""}"
ba_14688115,naver_place,1.0,1,,18,5,"{""found_in_local"": true, ""local_rank"": 1, ""first_title"": ""본죽 산본사거리점"", ""address_input"": ""경기도 군포시 금산로 109""}"
ba_14688173,naver_place,1.0,1,,27,14,"{""found_in_local"": true, ""local_rank"": 1, ""first_title"": ""본죽 구리인창아름마을점"", ""address_input"": ""경기도 구리시 동구릉로85번길 9""}"
ba_14688176,naver_place,1.0,1,,19,3,"{""found_in_local"": true, ""local_rank"": 1, ""first_title"": ""본 죽&amp;비빔밥 옥수점"", ""address_input"": ""서울특별시 성동구 한림말3길 15""}"
ba_14688180,naver_place,1.0,1,,26,6,"{""found_in_local"": true, ""local_rank"": 1, ""first_title"": ""본죽&amp;비빔밥 왕십리뉴타운점"", ""address_input"": ""서울특별시 성동구 무학로 33""}"
ba_14688182,naver_place,0.0,1,,25,3,"{""found_in_local"": false, ""local_rank"": null, ""first_title"": ""본 죽&amp;비빔밥 분당수내푸른마을점"", ""address_input"": ""경기도 성남시 분당구 돌마로366번길 42""}"
ba_14688192,naver_place,1.0,1,,16,1,"{""found_in_local"": true, ""local_rank"": 1, ""first_title"": ""본죽 성남신흥동점"", ""address_input"": ""경기도 성남시 수정구 공원로 322""}"
ba_14688196,naver_place,1.0,1,,43,11,"{""found_in_local"": true, ""local_rank"": 1, ""first_title"": ""본죽 홍제점"", ""address_input"": ""서울특별시 서대문구 통일로 427""}"
ba_14688197,naver_place,1.0,1,,6,0,"{""found_in_local"": true, ""local_rank"": 1, ""first_title"": ""본죽 인왕산점"", ""address_input"": ""서울특별시 서대문구 통일로 404""}"
ba_14688207,naver_place,1.0,1,,60,17,"{""found_in_local"": true, ""local_rank"": 1, ""first_title"": ""본죽 이대점"", ""address_input"": ""서울특별시 서대문구 이화여대3길 16""}"
ba_14688233,naver_place,1.0,1,,11,1,"{""found_in_local"": true, ""local_rank"": 1, ""first_title"": ""본죽&amp;비빔밥 수원오목천점"", ""address_input"": ""경기도 수원시 권선구 오목천로57번길 10-24""}"
ba_14688336,naver_place,0.5,5,,20,8,"{""found_in_local"": true, ""local_rank"": 2, ""first_title"": ""본죽&amp;비빔밥cafe 성신여대점"", ""address_input"": ""서울특별시 성북구 고려대로 90""}"
ba_14688337,naver_place,1.0,1,,10,2,"{""found_in_local"": true, ""local_rank"": 1, ""first_title"": ""본죽&amp;비빔밥 장위뉴타운점"", ""address_input"": ""서울특별시 성북구 월계로40길 7""}"
ba_14688338,naver_place,1.0,1,,18,10,"{""found_in_local"": true, ""local_rank"": 1, ""first_title"": ""본죽&amp;비빔밥 부천대성병원점"", ""address_input"": ""경기도 부천시 부천로 85""}"
ba_14688345,naver_place,0.0,0,,37,31,"{""found_in_local"": false, ""local_rank"": null, ""first_title"": null, ""address_input"": ""경기도 수원시 팔달구 수성로244번길 25""}"
ba_14688363,naver_place,1.0,1,,138,34,"{""found_in_local"": true, ""local_rank"": 1, ""first_title"": ""본죽&amp;비빔밥 목동역점"", ""address_input"": ""서울특별시 양천구 목동로 218""}"
ba_14688371,naver_place,1.0,1,,73,9,"{""found_in_local"": true, ""local_rank"": 1, ""first_title"": ""본죽&amp;비빔밥cafe 목동사거리점"", ""address_input"": ""서울특별시 양천구 등촌로 32""}"
ba_14688483,naver_place,1.0,1,,38,17,"{""found_in_local"": true, ""local_rank"": 1, ""first_title"": ""본죽 동수원점"", ""address_input"": ""경기도 수원시 팔달구 권광로 373""}"
ba_14688499,naver_place,1.0,5,,46,5,"{""found_in_local"": true, ""local_rank"": 1, ""first_title"": ""본죽&amp;비빔밥 수원화서사거리점"", ""address_input"": ""경기도 수원시 팔달구 일월로22번길 3""}"
ba_14688522,naver_place,1.0,1,,40,19,"{""found_in_local"": true, ""local_rank"": 1, ""first_title"": ""본죽&amp;비빔밥 시흥은행점"", ""address_input"": ""경기도 시흥시 대은로 92""}"
ba_14688525,naver_place,1.0,1,,11,6,"{""found_in_local"": true, ""local_rank"": 1, ""first_title"": ""본죽 시흥시화병원점"", ""address_input"": ""경기도 시흥시 정왕대로 64""}"
ba_14688541,naver_place,1.0,1,,19,18,"{""found_in_local"": true, ""local_rank"": 1, ""first_title"": ""본죽 시흥하상동점"", ""address_input"": ""경기도 시흥시 연성로 93""}"
ba_14688555,naver_place,1.0,1,,147,51,"{""found_in_local"": true, ""local_rank"": 1, ""first_title"": ""본죽 수원인계점"", ""address_input"": ""경기도 수원시 팔달구 인계로166번길 48-21""}"
ba_14688557,naver_place,1.0,1,,16,0,"{""found_in_local"": true, ""local_rank"": 1, ""first_title"": ""본죽 보정동단국대점"", ""address_input"": ""경기도 용인시 기흥구 죽전로 50""}"
ba_14688559,naver_place,1.0,1,,22,5,"{""found_in_local"": true, ""local_rank"": 1, ""first_title"": ""본죽&amp;비빔밥 용인강남대점"", ""address_input"": ""경기도 용인시 기흥구 강남로 7""}"
ba_14688563,naver_place,1.0,1,,197,39,"{""found_in_local"": true, ""local_rank"": 1, ""first_title"": ""본죽&amp;비빔밥 신정네거리역점"", ""address_input"": ""서울특별시 양천구 중앙로 254""}"
ba_14688567,naver_place,1.0,1,,9,2,"{""found_in_local"": true, ""local_rank"": 1, ""first_title"": ""본죽&amp;비빔밥 목동8단지점"", ""address_input"": ""서울특별시 양천구 목동서로 277""}"
ba_14688570,naver_place,1.0,5,,5,1,"{""found_in_local"": true, ""local_rank"": 1, ""first_title"": ""본죽&amp;비빔밥cafe 신갈강남병원점(신갈오거리)"", ""address_input"": ""경기도 용인시 기흥구 금화로 107""}"
ba_14688571,naver_place,1.0,5,,49,16,"{""found_in_local"": true, ""local_rank"": 1, ""first_title"": ""본죽&amp;비빔밥 안산선부1동점"", ""address_input"": ""경기도 안산시 단원구 선부광장1로 56""}"
ba_14688582,naver_place,1.0,1,,26,15,"{""found_in_local"": true, ""local_rank"": 1, ""first_title"": ""본죽&amp;비빔밥 오목교역점"", ""address_input"": ""서울특별시 양천구 신목로 83""}"
ba_14688602,naver_place,1.0,1,,9,3,"{""found_in_local"": true, ""local_rank"": 1, ""first_title"": ""본죽&amp;비빔밥 남양주덕소점"", ""address_input"": ""경기도 남양주시 와부읍 덕소로97번길 13""}"
ba_14688609,naver_place,1.0,1,,10,3,"{""found_in_local"": true, ""local_rank"": 1, ""first_title"": ""본죽 죽전벽산타운점"", ""address_input"": ""경기도 용인시 수지구 용구대로2801번길 7""}"
ba_14688614,naver_place,1.0,1,,140,118,"{""found_in_local"": true, ""local_rank"": 1, ""first_title"": ""본죽 안산본오1동점"", ""address_input"": ""경기도 안산시 상록구 석호로 306""}"
ba_14688631,naver_place,1.0,1,,170,60,"{""found_in_local"": true, ""local_rank"": 1, ""first_title"": ""본죽&amp;비빔밥 부천소새울역점"", ""address_input"": ""경기도 부천시 소사구 소사로 124""}"
ba_14688656,naver_place,1.0,1,,61,0,"{""found_in_local"": true, ""local_rank"": 1, ""first_title"": ""본죽&amp;비빔밥 문래힐스테이트점"", ""address_input"": ""서울특별시 영등포구 선유로 59""}"
ba_14688684,naver_place,1.0,1,,38,15,"{""found_in_local"": true, ""local_rank"": 1, ""first_title"": ""본죽&amp;비빔밥 부천심곡본동점"", ""address_input"": ""경기도 부천시 경인로 190""}"
ba_14688687,naver_place,1.0,2,,33,7,"{""found_in_local"": true, ""local_rank"": 1, ""first_title"": ""본죽&amp;비빔밥 신길점"", ""address_input"": ""서울특별시 영등포구 도신로 218""}"
ba_14688693,naver_place,1.0,1,,14,3,"{""found_in_local"": true, ""local_rank"": 1, ""first_title"": ""본죽 평촌학원가점"", ""address_input"": ""경기도 안양시 동안구 평촌대로 140""}"
ba_14688697,naver_place,1.0,1,,39,15,"{""found_in_local"": true, ""local_rank"": 1, ""first_title"": ""본죽&amp;비빔밥 신풍역점"", ""address_input"": ""서울특별시 영등포구 신풍로 77""}"
ba_14688702,naver_place,1.0,1,,2,0,"{""found_in_local"": true, ""local_rank"": 1, ""first_title"": ""본죽&amp;비빔밥 부천 춘의점"", ""address_input"": ""경기도 부천시 조마루로385번길 92""}"
ba_14688707,naver_place,1.0,1,,13,9,"{""found_in_local"": true, ""local_rank"": 1, ""first_title"": ""본죽 명학역점"", ""address_input"": ""경기도 안양시 만안구 안양로 145""}"
ba_14688709,naver_place,1.0,1,,17,10,"{""found_in_local"": true, ""local_rank"": 1, ""first_title"": ""본죽&amp;비빔밥 부천순천향병원앞점"", ""address_input"": ""경기도 부천시 원미구 석천로110번길 9""}"
ba_14688716,naver_place,1.0,1,,13,1,"{""found_in_local"": true, ""local_rank"": 1, ""first_title"": ""본죽&amp;비빔밥 일산식사점"", ""address_input"": ""경기도 고양시 일산동구 위시티로 67""}"
ba_14688728,naver_place,1.0,1,,140,31,"{""found_in_local"": true, ""local_rank"": 1, ""first_title"": ""본죽&amp;비빔밥 판교역점"", ""address_input"": ""경기도 성남시 분당구 대왕판교로606번길 31""}"
ba_14688729,naver_place,1.0,1,,25,21,"{""found_in_local"": true, ""local_rank"": 1, ""first_title"": ""본죽&amp;비빔밥 과천점"", ""address_input"": ""경기도 과천시 별양상가3로 14""}"
ba_14688738,naver_place,1.0,1,,21,3,"{""found_in_local"": true, ""local_rank"": 1, ""first_title"": ""본죽&amp;비빔밥 분당수내역점"", ""address_input"": ""경기도 성남시 분당구 백현로101번길 12""}"
ba_14688746,naver_place,1.0,1,,66,16,"{""found_in_local"": true, ""local_rank"": 1, ""first_title"": ""본죽&amp;비빔밥cafe 광명소하지구점"", ""address_input"": ""경기도 광명시 금하로 464""}"
ba_14688751,naver_place,1.0,1,,118,39,"{""found_in_local"": true, ""local_rank"": 1, ""first_title"": ""본죽&amp;비빔밥 여의도역점"", ""address_input"": ""서울특별시 영등포구 여의나루로 42""}"
ba_14688765,naver_place,1.0,1,,17,6,"{""found_in_local"": true, ""local_rank"": 1, ""first_title"": ""본죽&amp;비빔밥 영등포시장역점"", ""address_input"": ""서울특별시 영등포구 국회대로50길 20""}"
ba_14688789,naver_place,1.0,1,,3,0,"{""found_in_local"": true, ""local_rank"": 1, ""first_title"": ""본죽&amp;비빔밥 성남고등점"", ""address_input"": ""경기도 성남시 수정구 청계산로 686""}"
ba_14688848,naver_place,1.0,1,,24,1,"{""found_in_local"": true, ""local_rank"": 1, ""first_title"": ""본죽&amp;비빔밥 연신갈현점"", ""address_input"": ""서울특별시 은평구 통일로83길 6-4""}"
ba_14688854,naver_place,1.0,1,,14,2,"{""found_in_local"": true, ""local_rank"": 1, ""first_title"": ""본죽 평택팽성점"", ""address_input"": ""경기도 평택시 팽성읍 동서촌로 73""}"
ba_14688860,naver_place,1.0,1,,146,20,"{""found_in_local"": true, ""local_rank"": 1, ""first_title"": ""본죽&amp;비빔밥 수색DMC점"", ""address_input"": ""서울특별시 은평구 수색로 217""}"
ba_14688879,naver_place,1.0,1,,16,2,"{""found_in_local"": true, ""local_rank"": 1, ""first_title"": ""본죽 수원대점"", ""address_input"": ""경기도 화성시 봉담읍 와우로 90""}"
ba_14688905,naver_place,1.0,3,,16,1,"{""found_in_local"": true, ""local_rank"": 1, ""first_title"": ""본죽&amp;비빔밥cafe 고양원당점"", ""address_input"": ""경기도 고양시 덕양구 호국로 780""}"
ba_14688907,naver_place,1.0,1,,151,44,"{""found_in_local"": true, ""local_rank"": 1, ""first_title"": ""본죽&amp;비빔밥 고양행신역점"", ""address_input"": ""경기도 고양시 덕양구 충경로 38""}"
ba_14688923,naver_place,1.0,1,,113,0,"{""found_in_local"": true, ""local_rank"": 1, ""first_title"": ""본죽&amp;비빔밥 종로르메이에르점"", ""address_input"": ""서울특별시 종로구 종로 19""}"
ba_14688924,naver_place,1.0,1,,75,20,"{""found_in_local"": true, ""local_rank"": 1, ""first_title"": ""본죽&amp;비빔밥 서대문역점"", ""address_input"": ""서울특별시 종로구 경교장길 35""}"
ba_14688931,naver_place,1.0,1,,3,1,"{""found_in_local"": true, ""local_rank"": 1, ""first_title"": ""본 죽&amp;비빔밥 고양덕은점"", ""address_input"": ""경기도 고양시 덕양구 으뜸로 130""}"
ba_14688963,naver_place,1.0,1,,81,82,"{""found_in_local"": true, ""local_rank"": 1, ""first_title"": ""본죽 고양점"", ""address_input"": ""경기도 고양시 덕양구 혜음로 21""}"
ba_14688982,naver_place,1.0,1,,0,0,"{""found_in_local"": true, ""local_rank"": 1, ""first_title"": ""본 죽&amp;비빔밥 군포당정동점"", ""address_input"": ""경기도 군포시 고산로151번길 25""}"
ba_14689003,naver_place,1.0,5,,29,3,"{""found_in_local"": true, ""local_rank"": 1, ""first_title"": ""본죽&amp;비빔밥cafe 구리인창점"", ""address_input"": ""경기도 구리시 건원대로34번길 25""}"
ba_14689004,naver_place,1.0,1,,9,2,"{""found_in_local"": true, ""local_rank"": 1, ""first_title"": ""본죽&amp;비빔밥 산본학원가점"", ""address_input"": ""경기도 군포시 산본로 394""}"
ba_14689007,naver_place,1.0,1,,13,1,"{""found_in_local"": true, ""local_rank"": 1, ""first_title"": ""본죽&amp;비빔밥 김포신곡점"", ""address_input"": ""경기도 김포시 고촌읍 수기로 115""}"
ba_14689013,naver_place,1.0,1,,25,8,"{""found_in_local"": true, ""local_rank"": 1, ""first_title"": ""본죽&amp;비빔밥 김포사우점"", ""address_input"": ""경기도 김포시 사우중로 45""}"
ba_14689024,naver_place,1.0,1,,31,4,"{""found_in_local"": true, ""local_rank"": 1, ""first_title"": ""본죽&amp;비빔밥cafe 김포장기초당마을점"", ""address_input"": ""경기도 김포시 김포한강2로 96""}"
ba_14689101,naver_place,1.0,1,,210,3,"{""found_in_local"": true, ""local_rank"": 1, ""first_title"": ""본죽&amp;비빔밥 강남성심병원점"", ""address_input"": ""서울특별시 영등포구 시흥대로 681""}"
ba_14689115,naver_place,1.0,1,,10,2,"{""found_in_local"": true, ""local_rank"": 1, ""first_title"": ""본죽&amp;비빔밥 양주덕정점"", ""address_input"": ""경기도 양주시 회정로 135""}"
ba_14689378,naver_place,1.0,1,,271,2,"{""found_in_local"": true, ""local_rank"": 1, ""first_title"": ""본죽&amp;비빔밥cafe 성남중앙병원점"", ""address_input"": ""경기도 성남시 중원구 산성대로476번길 6""}"
ba_14689381,naver_place,1.0,1,,9,3,"{""found_in_local"": true, ""local_rank"": 1, ""first_title"": ""본 죽&amp;비빔밥 용인모현점"", ""address_input"": ""경기도 용인시 처인구 모현읍 백옥대로 2386""}"
ba_14689382,naver_place,1.0,1,,120,26,"{""found_in_local"": true, ""local_rank"": 1, ""first_title"": ""본죽&amp;비빔밥 수원권선시장점"", ""address_input"": ""경기도 수원시 권선구 세권로 188""}"
ba_14689387,naver_place,1.0,1,,9,3,"{""found_in_local"": true, ""local_rank"": 1, ""first_title"": ""본죽&amp;비빔밥 성남금광점"", ""address_input"": ""경기도 성남시 중원구 광명로 325""}"
ba_14689395,naver_place,1.0,1,,4,1,"{""found_in_local"": true, ""local_rank"": 1, ""first_title"": ""본 죽&amp;비빔밥 용인둔전점"", ""address_input"": ""경기도 용인시 처인구 포곡읍 포곡로 113""}"
ba_14689401,naver_place,1.0,1,,362,114,"{""found_in_local"": true, ""local_rank"": 1, ""first_title"": ""본죽&amp;비빔밥 수원호매실역점"", ""address_input"": ""경기도 수원시 권선구 금곡로 206""}"
ba_14689402,naver_place,1.0,1,,100,15,"{""found_in_local"": true, ""local_rank"": 1, ""first_title"": ""본 죽&amp;비빔밥 의정부을지대병원점"", ""address_input"": ""경기도 의정부시 동일로 713""}"
ba_14689403,naver_place,1.0,1,,39,11,"{""found_in_local"": true, ""local_rank"": 1, ""first_title"": ""본 죽&amp;비빔밥 의왕역점"", ""address_input"": ""경기도 의왕시 부곡중앙로 13""}"
ba_14689409,naver_place,1.0,1,,50,13,"{""found_in_local"": true, ""local_rank"": 1, ""first_title"": ""본죽&amp;비빔밥 수원권선롯데마트점"", ""address_input"": ""경기도 수원시 권선구 세권로304번길 62""}"
ba_14689415,naver_place,1.0,5,,27,2,"{""found_in_local"": true, ""local_rank"": 1, ""first_title"": ""본죽&amp;비빔밥cafe 수원탑동점"", ""address_input"": ""경기도 수원시 권선구 탑동로 61""}"
ba_14689416,naver_place,1.0,1,,33,1,"{""found_in_local"": true, ""local_rank"": 1, ""first_title"": ""본죽&amp;비빔밥cafe 수원호매실화홍병원점"", ""address_input"": ""경기도 수원시 권선구 호매실로90번길 86""}"
ba_14689425,naver_place,1.0,1,,69,13,"{""found_in_local"": true, ""local_rank"": 1, ""first_title"": ""본 죽&amp;비빔밥 의정부시청점"", ""address_input"": ""경기도 의정부시 시민로 39""}"
ba_14689427,naver_place,1.0,1,,24,1,"{""found_in_local"": true, ""local_rank"": 1, ""first_title"": ""본죽&amp;비빔밥cafe 의정부금오점"", ""address_input"": ""경기도 의정부시 청사로47번길 15""}"
ba_14689441,naver_place,1.0,1,,12,1,"{""found_in_local"": true, ""local_rank"": 1, ""first_title"": ""본죽&amp;비빔밥cafe 이천마장점"", ""address_input"": ""경기도 이천시 마장면 오천로 49""}"
ba_14689448,naver_place,1.0,5,,39,21,"{""found_in_local"": true, ""local_rank"": 1, ""first_title"": ""본죽&amp;비빔밥 이천갈산점"", ""address_input"": ""경기도 이천시 서희로59번길 3-2""}"
ba_14689454,naver_place,1.0,1,,694,3,"{""found_in_local"": true, ""local_rank"": 1, ""first_title"": ""본 죽&amp;비빔밥 광교아브뉴프랑점"", ""address_input"": ""경기도 수원시 영통구 센트럴타운로 85""}"
ba_14689464,naver_place,1.0,1,,29,3,"{""found_in_local"": true, ""local_rank"": 1, ""first_title"": ""본죽&amp;비빔밥 파주금촌점"", ""address_input"": ""경기도 파주시 중앙로 303""}"
ba_14689472,naver_place,1.0,1,,16,3,"{""found_in_local"": true, ""local_rank"": 1, ""first_title"": ""본죽&amp;비빔밥 수원율전점"", ""address_input"": ""경기도 수원시 장안구 서부로 2113""}"
ba_14689481,naver_place,1.0,1,,165,247,"{""found_in_local"": true, ""local_rank"": 1, ""first_title"": ""본죽&amp;비빔밥 파주운정해오름점"", ""address_input"": ""경기도 파주시 청암로 75""}"
ba_14689485,naver_place,1.0,1,,622,315,"{""found_in_local"": true, ""local_rank"": 1, ""first_title"": ""본죽&amp;비빔밥 수원광교역점"", ""address_input"": ""경기도 수원시 영통구 대학로 47""}"
ba_14689496,naver_place,1.0,1,,801,1943,"{""found_in_local"": true, ""local_rank"": 1, ""first_title"": ""본죽&amp;비빔밥 수원역매산점"", ""address_input"": ""경기도 수원시 팔달구 덕영대로 899""}"
ba_14689536,naver_place,1.0,1,,233,3,"{""found_in_local"": true, ""local_rank"": 1, ""first_title"": ""본죽&amp;비빔밥 파주운정신도시점"", ""address_input"": ""경기도 파주시 미래로 369-71""}"
ba_14689545,naver_place,1.0,1,,256,66,"{""found_in_local"": true, ""local_rank"": 1, ""first_title"": ""본죽&amp;비빔밥 파주야당역점"", ""address_input"": ""경기도 파주시 경의로 1056""}"
ba_14689548,naver_place,1.0,1,,38,5,"{""found_in_local"": true, ""local_rank"": 1, ""first_title"": ""본죽&amp;비빔밥cafe 평택법원점"", ""address_input"": ""경기도 평택시 평남로 1015""}"
ba_14689573,naver_place,1.0,1,,191,71,"{""found_in_local"": true, ""local_rank"": 1, ""first_title"": ""본죽&amp;비빔밥 시흥목감역점(롯데리아 옆)"", ""address_input"": ""경기도 시흥시 목감우회로 39""}"
ba_14689591,naver_place,1.0,1,,163,47,"{""found_in_local"": true, ""local_rank"": 1, ""first_title"": ""본 죽&amp;비빔밥 평택서정리역점"", ""address_input"": ""경기도 평택시 정암로 3""}"
ba_14689595,naver_place,1.0,1,,59,6,"{""found_in_local"": true, ""local_rank"": 1, ""first_title"": ""본죽&amp;비빔밥 시흥배곧점"", ""address_input"": ""경기도 시흥시 서울대학로278번길 19-8""}"
ba_14689608,naver_place,1.0,1,,15,1,"{""found_in_local"": true, ""local_rank"": 1, ""first_title"": ""본 죽&amp;비빔밥 평택신장점"", ""address_input"": ""경기도 평택시 탄현로 334""}"
ba_14689610,naver_place,1.0,1,,50,7,"{""found_in_local"": true, ""local_rank"": 1, ""first_title"": ""본죽 동인천점"", ""address_input"": ""인천광역시 중구 우현로83번길 1""}"
ba_14689611,naver_place,1.0,1,,23,4,"{""found_in_local"": true, ""local_rank"": 1, ""first_title"": ""본죽&amp;비빔밥 시흥장곡점"", ""address_input"": ""경기도 시흥시 장현장곡로 2""}"
ba_14689614,naver_place,1.0,1,,13,1,"{""found_in_local"": true, ""local_rank"": 1, ""first_title"": ""본죽&amp;비빔밥 시흥시화점(세계로마트 주차장 입구 맞은편)"", ""address_input"": ""경기도 시흥시 중심상가2길 8""}"
ba_14689625,naver_place,1.0,1,,137,16,"{""found_in_local"": true, ""local_rank"": 1, ""first_title"": ""본죽&amp;비빔밥 평택여중사거리점"", ""address_input"": ""경기도 평택시 평택4로 43-1""}"
ba_14689645,naver_place,1.0,1,,116,22,"{""found_in_local"": true, ""local_rank"": 1, ""first_title"": ""본죽&amp;비빔밥 병점복합타운점"", ""address_input"": ""경기도 화성시 병점노을5로 20""}"
ba_14689734,naver_place,0.3333,5,,80,15,"{""found_in_local"": true, ""local_rank"": 3, ""first_title"": ""본 죽&amp;비빔밥 송도달빛축제공원역점"", ""address_input"": ""인천광역시 연수구 컨벤시아대로 69""}"
ba_14689750,naver_place,1.0,5,,23,1,"{""found_in_local"": true, ""local_rank"": 1, ""first_title"": ""본죽&amp;비빔밥cafe 안산본오점"", ""address_input"": ""경기도 안산시 상록구 샘골로 144""}"
ba_14689756,naver_place,1.0,1,,17,4,"{""found_in_local"": true, ""local_rank"": 1, ""first_title"": ""본죽 경기광주신현점"", ""address_input"": ""경기도 광주시 오포읍 신현로 51""}"
ba_14689757,naver_place,1.0,1,,47,31,"{""found_in_local"": true, ""local_rank"": 1, ""first_title"": ""본죽&amp;비빔밥cafe 인천연수점"", ""address_input"": ""인천광역시 연수구 먼우금로 194""}"
ba_14689759,naver_place,1.0,1,,329,3,"{""found_in_local"": true, ""local_rank"": 1, ""first_title"": ""본죽&amp;비빔밥cafe 인천송도웰카운티점"", ""address_input"": ""인천광역시 연수구 인천타워대로54번길 9""}"
ba_14689760,naver_place,1.0,1,,165,14,"{""found_in_local"": true, ""local_rank"": 1, ""first_title"": ""본죽&amp;비빔밥cafe 송도퍼스트파크점"", ""address_input"": ""인천광역시 연수구 컨벤시아대로230번길 42""}"
ba_14689761,naver_place,1.0,1,,106,15,"{""found_in_local"": true, ""local_rank"": 1, ""first_title"": ""본죽&amp;비빔밥cafe 송도글로벌캠퍼스점"", ""address_input"": ""인천광역시 연수구 송도문화로28번길 28""}"
ba_14689766,naver_place,1.0,2,,7,0,"{""found_in_local"": true, ""local_rank"": 1, ""first_title"": ""본죽&amp;비빔밥cafe 인천신포동점"", ""address_input"": ""인천광역시 중구 신포로 18-1""}"
ba_14689782,naver_place,1.0,1,,14,7,"{""found_in_local"": true, ""local_rank"": 1, ""first_title"": ""본죽 김포감정점"", ""address_input"": ""경기도 김포시 중봉로 4""}"
ba_14689802,naver_place,1.0,1,,164,5,"{""found_in_local"": true, ""local_rank"": 1, ""first_title"": ""본죽&amp;비빔밥 한성대입구점"", ""address_input"": ""서울특별시 성북구 삼선교로 8""}"
ba_14689809,naver_place,1.0,1,,8,1,"{""found_in_local"": true, ""local_rank"": 1, ""first_title"": ""본죽&amp;비빔밥cafe 안성당왕점"", ""address_input"": ""경기도 안성시 고수2로 18""}"
ba_14689837,naver_place,1.0,1,,154,56,"{""found_in_local"": true, ""local_rank"": 1, ""first_title"": ""본죽&amp;비빔밥 동탄역점"", ""address_input"": ""경기도 화성시 동탄대로 489""}"
ba_14689846,naver_place,1.0,1,,19,5,"{""found_in_local"": true, ""local_rank"": 1, ""first_title"": ""본 죽&amp;비빔밥 동탄영천점"", ""address_input"": ""경기도 화성시 동탄순환대로 702""}"
ba_14689854,naver_place,1.0,1,,22,26,"{""found_in_local"": true, ""local_rank"": 1, ""first_title"": ""본 죽&amp;비빔밥 인천간석홈플러스앞점"", ""address_input"": ""인천광역시 남동구 경원대로 962""}"
ba_14689855,naver_place,1.0,1,,148,17,"{""found_in_local"": true, ""local_rank"": 1, ""first_title"": ""본 죽&amp;비빔밥 안양동편마을점"", ""address_input"": ""경기도 안양시 동안구 동편로27번길 37""}"
ba_14689859,naver_place,1.0,1,,23,0,"{""found_in_local"": true, ""local_rank"": 1, ""first_title"": ""본죽&amp;비빔밥cafe 춘천퇴계한숲점"", ""address_input"": ""강원특별자치도 춘천시 안마산로 113""}"
ba_14689869,naver_place,1.0,1,,14,2,"{""found_in_local"": true, ""local_rank"": 1, ""first_title"": ""본 죽&amp;비빔밥 비산사거리점"", ""address_input"": ""경기도 안양시 동안구 비산로 9""}"
ba_14689875,naver_place,1.0,1,,30,9,"{""found_in_local"": true, ""local_rank"": 1, ""first_title"": ""본죽 양산증산점"", ""address_input"": ""경상남도 양산시 물금읍 야리로 45""}"
ba_14689886,naver_place,1.0,1,,81,19,"{""found_in_local"": true, ""local_rank"": 1, ""first_title"": ""본죽&amp;비빔밥cafe 안양호계사거리점"", ""address_input"": ""경기도 안양시 동안구 경수대로 541""}"
ba_14689890,naver_place,1.0,1,,16,3,"{""found_in_local"": true, ""local_rank"": 1, ""first_title"": ""본죽&amp;비빔밥 구월아시아드점"", ""address_input"": ""인천광역시 남동구 인하로 616""}"
ba_14689894,naver_place,1.0,1,,123,50,"{""found_in_local"": true, ""local_rank"": 1, ""first_title"": ""본 죽&amp;비빔밥 인천간석남부역점"", ""address_input"": ""인천광역시 남동구 주안로 231""}"
ba_14689904,naver_place,1.0,1,,24,2,"{""found_in_local"": true, ""local_rank"": 1, ""first_title"": ""본죽&amp;비빔밥 안양호계포도원점"", ""address_input"": ""경기도 안양시 동안구 경수대로 428""}"
ba_14689906,naver_place,1.0,1,,21,6,"{""found_in_local"": true, ""local_rank"": 1, ""first_title"": ""본죽 인천간석사거리점"", ""address_input"": ""인천광역시 남동구 호구포로 914""}"
ba_14689910,naver_place,1.0,3,,178,6,"{""found_in_local"": true, ""local_rank"": 1, ""first_title"": ""본죽&amp;비빔밥cafe 외대점"", ""address_input"": ""서울특별시 동대문구 이문로 100""}"
ba_14689936,naver_place,1.0,1,,11,3,"{""found_in_local"": true, ""local_rank"": 1, ""first_title"": ""본죽&amp;비빔밥 안양박달점"", ""address_input"": ""경기도 안양시 만안구 박달로 529""}"
ba_14689940,naver_place,1.0,1,,4,0,"{""found_in_local"": true, ""local_rank"": 1, ""first_title"": ""본 죽&amp;비빔밥 안양성원점"", ""address_input"": ""경기도 안양시 만안구 장내로 76-1""}"
ba_14689942,naver_place,1.0,1,,14,1,"{""found_in_local"": true, ""local_rank"": 1, ""first_title"": ""본죽 인천학산사거리점"", ""address_input"": ""인천광역시 미추홀구 매소홀로 355""}"
ba_14689953,naver_place,1.0,1,,11,2,"{""found_in_local"": true, ""local_rank"": 1, ""first_title"": ""본죽&amp;비빔밥cafe 양주고읍점"", ""address_input"": ""경기도 양주시 고읍남로 15""}"
ba_14689993,naver_place,0.5,5,,12,0,"{""found_in_local"": true, ""local_rank"": 2, ""first_title"": ""본죽&amp;비빔밥cafe 신갈강남병원점(신갈오거리)"", ""address_input"": ""경기도 용인시 기흥구 관곡로 92""}"
ba_14689999,naver_place,1.0,1,,81,29,"{""found_in_local"": true, ""local_rank"": 1, ""first_title"": ""본 죽&amp;비빔밥 인천승기사거리점"", ""address_input"": ""인천광역시 미추홀구 경원대로 774""}"
ba_14690002,naver_place,1.0,1,,66,13,"{""found_in_local"": true, ""local_rank"": 1, ""first_title"": ""본죽 송도센트럴파크점"", ""address_input"": ""인천광역시 연수구 센트럴로 232""}"
ba_14690014,naver_place,1.0,1,,14,6,"{""found_in_local"": true, ""local_rank"": 1, ""first_title"": ""본 죽&amp;비빔밥 인천석바위점"", ""address_input"": ""인천광역시 미추홀구 경원대로864번길 10""}"
ba_14690034,naver_place,1.0,1,,16,2,"{""found_in_local"": true, ""local_rank"": 1, ""first_title"": ""본죽&amp;비빔밥 인천검암점(2지구)"", ""address_input"": ""인천광역시 서구 승학로 577""}"
ba_14690045,naver_place,1.0,1,,15,0,"{""found_in_local"": true, ""local_rank"": 1, ""first_title"": ""본 죽&amp;비빔밥 인천당하점"", ""address_input"": ""인천광역시 서구 청마로167번길 16""}"
ba_14690050,naver_place,1.0,1,,84,48,"{""found_in_local"": true, ""local_rank"": 1, ""first_title"": ""본 죽&amp;비빔밥 검단파라곤센트럴점"", ""address_input"": ""인천광역시 서구 이음대로 475""}"
ba_14690053,naver_place,1.0,1,,91,3,"{""found_in_local"": true, ""local_rank"": 1, ""first_title"": ""본죽&amp;비빔밥cafe 동백중앙점"", ""address_input"": ""경기도 용인시 기흥구 동백중앙로 269""}"
ba_14690056,naver_place,1.0,1,,237,32,"{""found_in_local"": true, ""local_rank"": 1, ""first_title"": ""본죽&amp;비빔밥cafe 용인동백역점"", ""address_input"": ""경기도 용인시 기흥구 동백3로11번길 8-1""}"
ba_14690057,naver_place,0.3333,5,,619,4390,"{""found_in_local"": true, ""local_rank"": 3, ""first_title"": ""본 죽&amp;비빔밥 김포마산점"", ""address_input"": ""인천광역시 서구 완정로 144""}"
ba_14690062,naver_place,1.0,1,,80,18,"{""found_in_local"": true, ""local_rank"": 1, ""first_title"": ""본죽&amp;비빔밥cafe 용인물푸레마을점"", ""address_input"": ""경기도 용인시 기흥구 구성3로28번길 32""}"
ba_14690068,naver_place,1.0,1,,24,2,"{""found_in_local"": true, ""local_rank"": 1, ""first_title"": ""본 죽&amp;비빔밥 용인동천점"", ""address_input"": ""경기도 용인시 수지구 문인로54번길 2""}"
ba_14690077,naver_place,1.0,1,,63,90,"{""found_in_local"": true, ""local_rank"": 1, ""first_title"": ""본죽&amp;비빔밥cafe 인천연희연세병원점"", ""address_input"": ""인천광역시 서구 서곶로369번길 22""}"
ba_14690081,naver_place,1.0,1,,11,1,"{""found_in_local"": true, ""local_rank"": 1, ""first_title"": ""본죽 신곡시장점"", ""address_input"": ""서울특별시 양천구 신월로 175""}"
ba_14690086,naver_place,1.0,1,,20,1,"{""found_in_local"": true, ""local_rank"": 1, ""first_title"": ""본죽&amp;비빔밥 수지상현점"", ""address_input"": ""경기도 용인시 수지구 만현로 110""}"
ba_14690092,naver_place,1.0,1,,8,2,"{""found_in_local"": true, ""local_rank"": 1, ""first_title"": ""본죽&amp;비빔밥 인천불로동점"", ""address_input"": ""인천광역시 서구 검단로768번길 4""}"
ba_14690110,naver_place,1.0,1,,4,0,"{""found_in_local"": true, ""local_rank"": 1, ""first_title"": ""본 죽&amp;비빔밥 신봉초교점"", ""address_input"": ""경기도 용인시 수지구 신봉1로 165""}"
ba_14690122,naver_place,0.0,0,,95,41,"{""found_in_local"": false, ""local_rank"": null, ""first_title"": null, ""address_input"": ""경기도 용인시 수지구 대지로 43""}"
ba_14690124,naver_place,1.0,1,,80,12,"{""found_in_local"": true, ""local_rank"": 1, ""first_title"": ""본죽&amp;비빔밥 죽전현대홈타운점(새터마을)"", ""address_input"": ""경기도 용인시 수지구 현암로 119""}"
ba_14690154,naver_place,1.0,4,,179,31,"{""found_in_local"": true, ""local_rank"": 1, ""first_title"": ""본죽&amp;비빔밥cafe 대화역점"", ""address_input"": ""경기도 고양시 일산서구 강성로 247""}"
ba_14690155,naver_place,1.0,5,,13,3,"{""found_in_local"": true, ""local_rank"": 1, ""first_title"": ""본죽&amp;비빔밥cafe 김포걸포점"", ""address_input"": ""경기도 김포시 걸포2로 83""}"
ba_14690378,naver_place,1.0,1,,29,19,"{""found_in_local"": true, ""local_rank"": 1, ""first_title"": ""본죽 오금점"", ""address_input"": ""서울특별시 송파구 중대로23길 20""}"
ba_14690560,naver_place,0.0,0,,230,6,"{""found_in_local"": false, ""local_rank"": null, ""first_title"": null, ""address_input"": ""경상남도 창원시 성산구 삼정자로 11""}"
ba_14690565,naver_place,1.0,1,,11,1,"{""found_in_local"": true, ""local_rank"": 1, ""first_title"": ""본죽 창원중앙동점"", ""address_input"": ""경상남도 창원시 성산구 용지로133번길 13""}"
ba_14690577,naver_place,1.0,1,,21,6,"{""found_in_local"": true, ""local_rank"": 1, ""first_title"": ""본죽&amp;비빔밥 포항양덕점"", ""address_input"": ""경상북도 포항시 북구 양덕로 47""}"
ba_14690587,naver_place,1.0,1,,28,7,"{""found_in_local"": true, ""local_rank"": 1, ""first_title"": ""본죽&amp;비빔밥cafe 포항법원점"", ""address_input"": ""경상북도 포항시 북구 법원로 152""}"
ba_14690630,naver_place,1.0,1,,15,1,"{""found_in_local"": true, ""local_rank"": 1, ""first_title"": ""본 죽&amp;비빔밥 포항창포점"", ""address_input"": ""경상북도 포항시 북구 대곡로 50""}"
ba_14690660,naver_place,1.0,1,,148,68,"{""found_in_local"": true, ""local_rank"": 1, ""first_title"": ""본죽&amp;비빔밥 김해안동푸르지오점"", ""address_input"": ""경상남도 김해시 안동길 31""}"
ba_14690665,naver_place,0.0,0,,4,0,"{""found_in_local"": false, ""local_rank"": null, ""first_title"": null, ""address_input"": ""경상남도 김해시 장유로330번길 1""}"
ba_14690672,naver_place,1.0,1,,40,8,"{""found_in_local"": true, ""local_rank"": 1, ""first_title"": ""본죽&amp;비빔밥 김해율하점"", ""address_input"": ""경상남도 김해시 율하3로 37""}"
ba_14690673,naver_place,1.0,5,,44,13,"{""found_in_local"": true, ""local_rank"": 1, ""first_title"": ""본죽&amp;비빔밥 광주수완장덕점"", ""address_input"": ""광주광역시 광산구 임방울대로 335""}"
ba_14690674,naver_place,1.0,1,,8,1,"{""found_in_local"": true, ""local_rank"": 1, ""first_title"": ""본죽&amp;비빔밥 광주신가점"", ""address_input"": ""광주광역시 광산구 수등로 248""}"
ba_14690677,naver_place,1.0,1,,13,2,"{""found_in_local"": true, ""local_rank"": 1, ""first_title"": ""본죽&amp;비빔밥 김해어방점"", ""address_input"": ""경상남도 김해시 인제로 159""}"
ba_14690680,naver_place,1.0,1,,117,23,"{""found_in_local"": true, ""local_rank"": 1, ""first_title"": ""본죽&amp;비빔밥 김해율하2지구점"", ""address_input"": ""경상남도 김해시 율하로 488-1""}"
ba_14690689,naver_place,1.0,1,,19,2,"{""found_in_local"": true, ""local_rank"": 1, ""first_title"": ""본 죽&amp;비빔밥 광주신창점"", ""address_input"": ""광주광역시 광산구 신창로 84""}"
ba_14690695,naver_place,1.0,1,,9,0,"{""found_in_local"": true, ""local_rank"": 1, ""first_title"": ""본죽&amp;비빔밥 김해구산점"", ""address_input"": ""경상남도 김해시 구산로 32-1""}"
ba_14690704,naver_place,1.0,1,,74,0,"{""found_in_local"": true, ""local_rank"": 1, ""first_title"": ""본죽&amp;비빔밥 김해복음병원점"", ""address_input"": ""경상남도 김해시 활천로 29""}"
ba_14690709,naver_place,1.0,2,,22,5,"{""found_in_local"": true, ""local_rank"": 1, ""first_title"": ""본죽&amp;비빔밥cafe 김해진영점"", ""address_input"": ""경상남도 김해시 진영읍 김해대로361번길 12""}"
ba_14690712,naver_place,1.0,1,,14,0,"{""found_in_local"": true, ""local_rank"": 1, ""first_title"": ""본죽&amp;비빔밥 광주운남점"", ""address_input"": ""광주광역시 광산구 하남대로 278-1""}"
ba_14690718,naver_place,1.0,2,,5,2,"{""found_in_local"": true, ""local_rank"": 1, ""first_title"": ""본죽&amp;비빔밥cafe 광주노대점"", ""address_input"": ""광주광역시 남구 효우로 79-1""}"
ba_14690722,naver_place,1.0,1,,21,4,"{""found_in_local"": true, ""local_rank"": 1, ""first_title"": ""본죽&amp;비빔밥 광주월곡점"", ""address_input"": ""광주광역시 광산구 사암로340번안길 20""}"
ba_14690723,naver_place,1.0,1,,197,64,"{""found_in_local"": true, ""local_rank"": 1, ""first_title"": ""본죽&amp;비빔밥 광주첨단월계점"", ""address_input"": ""광주광역시 광산구 월계로 187""}"
ba_14690724,naver_place,1.0,1,,11,5,"{""found_in_local"": true, ""local_rank"": 1, ""first_title"": ""본죽&amp;비빔밥 경남사천점"", ""address_input"": ""경상남도 사천시 사천읍 진삼로 1469""}"
ba_14690725,naver_place,1.0,1,,11,2,"{""found_in_local"": true, ""local_rank"": 1, ""first_title"": ""본죽&amp;비빔밥cafe 광주주월점"", ""address_input"": ""광주광역시 남구 대남대로 139""}"
ba_14690752,naver_place,0.0,0,,115,51,"{""found_in_local"": false, ""local_rank"": null, ""first_title"": null, ""address_input"": ""경상남도 양산시 양산역6길 17""}"
ba_14690763,naver_place,1.0,1,,175,26,"{""found_in_local"": true, ""local_rank"": 1, ""first_title"": ""본죽&amp;비빔밥cafe 양산남부시장점"", ""address_input"": ""경상남도 양산시 중앙로 136""}"
ba_14690774,naver_place,1.0,4,,8,1,"{""found_in_local"": true, ""local_rank"": 1, ""first_title"": ""본죽&amp;비빔밥cafe 진주신안점"", ""address_input"": ""경상남도 진주시 진양호로 299""}"
ba_14690786,naver_place,1.0,4,,10,3,"{""found_in_local"": true, ""local_rank"": 1, ""first_title"": ""본죽&amp;비빔밥cafe 광주문흥점"", ""address_input"": ""광주광역시 북구 서하로 375""}"
ba_14690806,naver_place,1.0,1,,39,0,"{""found_in_local"": true, ""local_rank"": 1, ""first_title"": ""본죽&amp;비빔밥cafe 광주백운대성초교점"", ""address_input"": ""광주광역시 남구 중앙로 80""}"
ba_14690836,naver_place,1.0,5,,777,169,"{""found_in_local"": true, ""local_rank"": 1, ""first_title"": ""본죽&amp;비빔밥cafe 마산내서점"", ""address_input"": ""경상남도 창원시 마산회원구 내서읍 삼계로 2""}"
ba_14690909,naver_place,1.0,1,,62,24,"{""found_in_local"": true, ""local_rank"": 1, ""first_title"": ""본 죽&amp;비빔밥 마산회원동점"", ""address_input"": ""경상남도 창원시 마산회원구 회원동 50-5""}"
ba_14690983,naver_place,1.0,5,,15,8,"{""found_in_local"": true, ""local_rank"": 1, ""first_title"": ""본죽&amp;비빔밥cafe 대전송촌점"", ""address_input"": ""대전광역시 대덕구 동춘당로126번길 2""}"
ba_14690992,naver_place,1.0,1,,3,5,"{""found_in_local"": true, ""local_rank"": 1, ""first_title"": ""본죽&amp;비빔밥cafe 대전신탄점"", ""address_input"": ""대전광역시 대덕구 대덕대로 1555""}"
ba_14691001,naver_place,1.0,1,,11,0,"{""found_in_local"": true, ""local_rank"": 1, ""first_title"": ""본죽&amp;비빔밥cafe 광주연제점"", ""address_input"": ""광주광역시 북구 양일로 58""}"
ba_14691005,naver_place,1.0,2,,32,15,"{""found_in_local"": true, ""local_rank"": 1, ""first_title"": ""본죽&amp;비빔밥 광주화정점"", ""address_input"": ""광주광역시 서구 군분로179번길 18""}"
ba_14691030,naver_place,1.0,1,,70,19,"{""found_in_local"": true, ""local_rank"": 1, ""first_title"": ""본죽 대구진천역점"", ""address_input"": ""대구광역시 달서구 월배로 71""}"
ba_14691036,naver_place,1.0,1,,351,159,"{""found_in_local"": true, ""local_rank"": 1, ""first_title"": ""본죽&amp;비빔밥 대구다사역점"", ""address_input"": ""대구광역시 달성군 다사읍 다사로 71""}"
ba_14691037,naver_place,1.0,1,,33,5,"{""found_in_local"": true, ""local_rank"": 1, ""first_title"": ""본죽&amp;비빔밥 대전학하점"", ""address_input"": ""대전광역시 유성구 학하중앙로59번길 5-13""}"
ba_14691042,naver_place,1.0,1,,7,0,"{""found_in_local"": true, ""local_rank"": 1, ""first_title"": ""본죽 대구서재점"", ""address_input"": ""대구광역시 달성군 다사읍 서재로 121""}"
ba_14691044,naver_place,1.0,1,,346,156,"{""found_in_local"": true, ""local_rank"": 1, ""first_title"": ""본죽&amp;비빔밥cafe 대구대곡역점"", ""address_input"": ""대구광역시 달성군 화원읍 비슬로 2727""}"
ba_14691059,naver_place,1.0,1,,12,2,"{""found_in_local"": true, ""local_rank"": 1, ""first_title"": ""본죽 대구세천점"", ""address_input"": ""대구광역시 달성군 다사읍 세천로 160""}"
ba_14691062,naver_place,1.0,1,,49,17,"{""found_in_local"": true, ""local_rank"": 1, ""first_title"": ""본 죽&amp;비빔밥 광주염주화정점"", ""address_input"": ""광주광역시 서구 월드컵4강로 77""}"
ba_14691072,naver_place,1.0,1,,47,4,"{""found_in_local"": true, ""local_rank"": 1, ""first_title"": ""본죽&amp;비빔밥 대구신서혁신지구점"", ""address_input"": ""대구광역시 동구 이노밸리로 321""}"
ba_14691077,naver_place,1.0,1,,211,31,"{""found_in_local"": true, ""local_rank"": 1, ""first_title"": ""본죽&amp;비빔밥cafe 대구파티마병원점"", ""address_input"": ""대구광역시 동구 아양로 77""}"
ba_14691078,naver_place,1.0,1,,0,0,"{""found_in_local"": true, ""local_rank"": 1, ""first_title"": ""본죽&amp;비빔밥cafe 통영항남점"", ""address_input"": ""경상남도 통영시 새터길 75-5""}"
ba_14691080,naver_place,1.0,1,,245,42,"{""found_in_local"": true, ""local_rank"": 1, ""first_title"": ""본죽&amp;비빔밥cafe 대전유성온천역점"", ""address_input"": ""대전광역시 유성구 계룡로 92""}"
ba_14691084,naver_place,1.0,1,,11,0,"{""found_in_local"": true, ""local_rank"": 1, ""first_title"": ""본죽&amp;비빔밥 대전죽동점"", ""address_input"": ""대전광역시 유성구 죽동로297번길 72""}"
ba_14691088,naver_place,1.0,1,,21,7,"{""found_in_local"": true, ""local_rank"": 1, ""first_title"": ""본죽&amp;비빔밥 경산터미널점"", ""address_input"": ""경상북도 경산시 경안로 192-1""}"
ba_14691089,naver_place,1.0,1,,143,0,"{""found_in_local"": true, ""local_rank"": 1, ""first_title"": ""본죽&amp;비빔밥cafe 대전노은3지구점"", ""address_input"": ""대전광역시 유성구 지족동로 152""}"
ba_14691093,naver_place,0.5,5,,28,9,"{""found_in_local"": true, ""local_rank"": 2, ""first_title"": ""본죽&amp;비빔밥cafe 대전유성온천역점"", ""address_input"": ""대전광역시 유성구 노은로 178""}"
ba_14691101,naver_place,1.0,2,,34,7,"{""found_in_local"": true, ""local_rank"": 1, ""first_title"": ""본죽&amp;비빔밥cafe 대구율하점"", ""address_input"": ""대구광역시 동구 안심로16길 47""}"
ba_14691105,naver_place,1.0,1,,40,7,"{""found_in_local"": true, ""local_rank"": 1, ""first_title"": ""본 죽&amp;비빔밥 대전하기동점"", ""address_input"": ""대전광역시 유성구 송림로 52""}"
ba_14691106,naver_place,1.0,1,,11,1,"{""found_in_local"": true, ""local_rank"": 1, ""first_title"": ""본죽&amp;비빔밥 대구동구청점"", ""address_input"": ""대구광역시 동구 아양로 216""}"
ba_14691112,naver_place,1.0,1,,9,0,"{""found_in_local"": true, ""local_rank"": 1, ""first_title"": ""본죽 대구방촌점"", ""address_input"": ""대구광역시 동구 화랑로80길 8""}"
ba_14691116,naver_place,1.0,1,,189,32,"{""found_in_local"": true, ""local_rank"": 1, ""first_title"": ""본죽&amp;비빔밥 대구칠곡관음점"", ""address_input"": ""대구광역시 북구 칠곡중앙대로 483""}"
ba_14691120,naver_place,1.0,1,,21,3,"{""found_in_local"": true, ""local_rank"": 1, ""first_title"": ""본죽&amp;비빔밥cafe 대구북구청점"", ""address_input"": ""대구광역시 북구 원대로 91""}"
ba_14691130,naver_place,1.0,1,,219,83,"{""found_in_local"": true, ""local_rank"": 1, ""first_title"": ""본죽 부산진역점"", ""address_input"": ""부산광역시 동구 좌천남로 25""}"
ba_14691145,naver_place,1.0,1,,18,0,"{""found_in_local"": true, ""local_rank"": 1, ""first_title"": ""본죽&amp;비빔밥 구미상모점"", ""address_input"": ""경상북도 구미시 상사서로 49""}"
ba_14691146,naver_place,0.3333,5,,11,1,"{""found_in_local"": true, ""local_rank"": 3, ""first_title"": ""본 죽&amp;비빔밥 부산서면삼정앞점"", ""address_input"": ""부산광역시 부산진구 범일로 185""}"
ba_14691147,naver_place,1.0,1,,76,1,"{""found_in_local"": true, ""local_rank"": 1, ""first_title"": ""본 죽&amp;비빔밥 안동성소병원점"", ""address_input"": ""경상북도 안동시 서동문로 100""}"
ba_14691150,naver_place,1.0,1,,8,2,"{""found_in_local"": true, ""local_rank"": 1, ""first_title"": ""본죽 대구다사죽곡점"", ""address_input"": ""대구광역시 달성군 다사읍 달구벌대로 889""}"
ba_14691155,naver_place,1.0,1,,84,14,"{""found_in_local"": true, ""local_rank"": 1, ""first_title"": ""본죽&amp;비빔밥cafe 대구침산네거리점"", ""address_input"": ""대구광역시 북구 침산로 154""}"
ba_14691171,naver_place,0.5,4,,172,38,"{""found_in_local"": true, ""local_rank"": 2, ""first_title"": ""본 죽&amp;비빔밥 부산서면영광도서점"", ""address_input"": ""부산광역시 부산진구 동천로 74""}"
ba_14691172,naver_place,1.0,1,,16,3,"{""found_in_local"": true, ""local_rank"": 1, ""first_title"": ""본죽 대구산격점"", ""address_input"": ""대구광역시 북구 동북로 163""}"
ba_14691173,naver_place,1.0,1,,2,0,"{""found_in_local"": true, ""local_rank"": 1, ""first_title"": ""본 죽&amp;비빔밥 대구복현동점"", ""address_input"": ""대구광역시 북구 동북로 280""}"
ba_14691178,naver_place,1.0,2,,18,3,"{""found_in_local"": true, ""local_rank"": 1, ""first_title"": ""본죽&amp;비빔밥cafe 본죽&amp;비빔밥 대구서구청점"", ""address_input"": ""대구광역시 서구 국채보상로 248""}"
ba_14691179,naver_place,1.0,1,,16,1,"{""found_in_local"": true, ""local_rank"": 1, ""first_title"": ""본죽&amp;비빔밥cafe 내당삼익뉴타운점"", ""address_input"": ""대구광역시 서구 평리로 254""}"
ba_14691187,naver_place,1.0,1,,60,13,"{""found_in_local"": true, ""local_rank"": 1, ""first_title"": ""본죽&amp;비빔밥 대구평리뉴타운점"", ""address_input"": ""대구광역시 서구 당산로 446""}"
ba_14691194,naver_place,1.0,1,,419,145,"{""found_in_local"": true, ""local_rank"": 1, ""first_title"": ""본죽&amp;비빔밥 대구법원점"", ""address_input"": ""대구광역시 수성구 동대구로73길 8""}"
ba_14691209,naver_place,1.0,1,,9,0,"{""found_in_local"": true, ""local_rank"": 1, ""first_title"": ""본죽&amp;비빔밥 대구두산점"", ""address_input"": ""대구광역시 수성구 상화로 142""}"
ba_14691228,naver_place,1.0,1,,6,0,"{""found_in_local"": true, ""local_rank"": 1, ""first_title"": ""본죽&amp;비빔밥 대구사월점"", ""address_input"": ""대구광역시 수성구 달구벌대로 3304""}"
ba_14691234,naver_place,1.0,1,,35,4,"{""found_in_local"": true, ""local_rank"": 1, ""first_title"": ""본죽 대구남문시장점"", ""address_input"": ""대구광역시 중구 명륜로 72""}"
ba_14691235,naver_place,1.0,1,,26,7,"{""found_in_local"": true, ""local_rank"": 1, ""first_title"": ""본 죽&amp;비빔밥 대구범물동아백화점점"", ""address_input"": ""대구광역시 수성구 용학로 293""}"
ba_14691237,naver_place,1.0,1,,2,0,"{""found_in_local"": true, ""local_rank"": 1, ""first_title"": ""본죽 대구황금동점"", ""address_input"": ""대구광역시 수성구 청수로 202""}"
ba_14691245,naver_place,0.5,5,,90,21,"{""found_in_local"": true, ""local_rank"": 2, ""first_title"": ""본죽&amp;비빔밥cafe 대구동성로중앙점"", ""address_input"": ""대구광역시 중구 동성로 57""}"
ba_14691269,naver_place,1.0,1,,9,1,"{""found_in_local"": true, ""local_rank"": 1, ""first_title"": ""본죽 도마사거리점"", ""address_input"": ""대전광역시 서구 도산로 42""}"
ba_14691270,naver_place,1.0,1,,309,437,"{""found_in_local"": true, ""local_rank"": 1, ""first_title"": ""본죽&amp;비빔밥cafe 대구용산장기점"", ""address_input"": ""대구광역시 달서구 용산로 141""}"
ba_14691272,naver_place,1.0,1,,4,2,"{""found_in_local"": true, ""local_rank"": 1, ""first_title"": ""본죽 대전비래점"", ""address_input"": ""대전광역시 대덕구 비래동로 39""}"
ba_14691273,naver_place,1.0,1,,102,13,"{""found_in_local"": true, ""local_rank"": 1, ""first_title"": ""본 죽&amp;비빔밥 대구성서용산시장점"", ""address_input"": ""대구광역시 달서구 성지로 84""}"
ba_14691277,naver_place,1.0,1,,4,0,"{""found_in_local"": true, ""local_rank"": 1, ""first_title"": ""본죽&amp;비빔밥cafe 대구달서구청점"", ""address_input"": ""대구광역시 달서구 학산로7길 5""}"
ba_14691292,naver_place,1.0,1,,149,25,"{""found_in_local"": true, ""local_rank"": 1, ""first_title"": ""본죽&amp;비빔밥 대구신매시장점"", ""address_input"": ""대구광역시 수성구 신매로 91""}"
ba_14691295,naver_place,1.0,1,,329,155,"{""found_in_local"": true, ""local_rank"": 1, ""first_title"": ""본죽&amp;비빔밥 대구월촌역점"", ""address_input"": ""대구광역시 달서구 송현로7길 10""}"
ba_14691296,naver_place,1.0,1,,24,8,"{""found_in_local"": true, ""local_rank"": 1, ""first_title"": ""본 죽&amp;비빔밥 대덕테크노밸리점"", ""address_input"": ""대전광역시 유성구 테크노4로 119""}"
ba_14691298,naver_place,1.0,1,,2,0,"{""found_in_local"": true, ""local_rank"": 1, ""first_title"": ""본 죽&amp;비빔밥 대전전민동점"", ""address_input"": ""대전광역시 유성구 엑스포로 475""}"
ba_14691330,naver_place,1.0,1,,53,8,"{""found_in_local"": true, ""local_rank"": 1, ""first_title"": ""본죽&amp;비빔밥cafe 구미형곡송정점"", ""address_input"": ""경상북도 구미시 신시로 68-3""}"
ba_14691344,naver_place,1.0,3,,13,4,"{""found_in_local"": true, ""local_rank"": 1, ""first_title"": ""본죽&amp;비빔밥cafe 경산사동점"", ""address_input"": ""경상북도 경산시 백양로32길 18""}"
ba_14691361,naver_place,1.0,1,,4,0,"{""found_in_local"": true, ""local_rank"": 1, ""first_title"": ""본죽&amp;비빔밥 경산옥곡점"", ""address_input"": ""경상북도 경산시 경산로 51""}"
ba_14691372,naver_place,1.0,1,,48,9,"{""found_in_local"": true, ""local_rank"": 1, ""first_title"": ""본죽&amp;비빔밥cafe 구미신평비산점"", ""address_input"": ""경상북도 구미시 신비로 95""}"
ba_14691375,naver_place,1.0,5,,22,1,"{""found_in_local"": true, ""local_rank"": 1, ""first_title"": ""본죽&amp;비빔밥cafe 경산중산점"", ""address_input"": ""경상북도 경산시 펜타힐즈2로 59""}"
ba_14691400,naver_place,1.0,1,,19,8,"{""found_in_local"": true, ""local_rank"": 1, ""first_title"": ""본 죽&amp;비빔밥 경산하양점"", ""address_input"": ""경상북도 경산시 하양읍 하양로 56""}"
ba_14691401,naver_place,1.0,1,,19,4,"{""found_in_local"": true, ""local_rank"": 1, ""first_title"": ""본죽&amp;비빔밥cafe 대구대학교점"", ""address_input"": ""경상북도 경산시 진량읍 대구대로 244""}"
ba_14691751,naver_place,1.0,1,,21,5,"{""found_in_local"": true, ""local_rank"": 1, ""first_title"": ""본 죽&amp;비빔밥 대전판암점"", ""address_input"": ""대전광역시 동구 옥천로 168""}"
ba_14691791,naver_place,0.0,0,,15,3,"{""found_in_local"": false, ""local_rank"": null, ""first_title"": null, ""address_input"": ""부산광역시 북구 만덕대로 68""}"
ba_14691797,naver_place,1.0,1,,8,2,"{""found_in_local"": true, ""local_rank"": 1, ""first_title"": ""본 죽&amp;비빔밥 부산모라점"", ""address_input"": ""부산광역시 사상구 백양대로 883""}"
ba_14691798,naver_place,1.0,2,,43,5,"{""found_in_local"": true, ""local_rank"": 1, ""first_title"": ""본죽&amp;비빔밥 울산송정점"", ""address_input"": ""울산광역시 북구 박상진12로 11""}"
ba_14691801,naver_place,0.0,0,,10,1,"{""found_in_local"": false, ""local_rank"": null, ""first_title"": null, ""address_input"": ""부산광역시 북구 백양대로 1028""}"
ba_14691803,naver_place,1.0,1,,22,0,"{""found_in_local"": true, ""local_rank"": 1, ""first_title"": ""본죽 부산학장점"", ""address_input"": ""부산광역시 사상구 학감대로123번길 89""}"
ba_14691813,naver_place,1.0,1,,28,3,"{""found_in_local"": true, ""local_rank"": 1, ""first_title"": ""본죽&amp;비빔밥 울산호계점"", ""address_input"": ""울산광역시 북구 호계로 329""}"
ba_14691815,naver_place,1.0,1,,12,0,"{""found_in_local"": true, ""local_rank"": 1, ""first_title"": ""본죽 부산다대점"", ""address_input"": ""부산광역시 사하구 다대로 483""}"
ba_14691817,naver_place,1.0,1,,12,8,"{""found_in_local"": true, ""local_rank"": 1, ""first_title"": ""본죽 부산다대점"", ""address_input"": ""부산광역시 사하구 다대로 275""}"
ba_14691829,naver_place,1.0,1,,76,23,"{""found_in_local"": true, ""local_rank"": 1, ""first_title"": ""본죽 부산신평가락타운점"", ""address_input"": ""부산광역시 사하구 하신번영로 209""}"
ba_14691834,naver_place,1.0,1,,12,1,"{""found_in_local"": true, ""local_rank"": 1, ""first_title"": ""본죽 부산고신대병원점"", ""address_input"": ""부산광역시 서구 감천로 271""}"
ba_14691857,naver_place,1.0,1,,201,42,"{""found_in_local"": true, ""local_rank"": 1, ""first_title"": ""본죽&amp;비빔밥cafe 부산명지국제중앙점"", ""address_input"": ""부산광역시 강서구 명지국제8로 240""}"
ba_14691859,naver_place,1.0,1,,80,0,"{""found_in_local"": true, ""local_rank"": 1, ""first_title"": ""본 죽&amp;비빔밥 울산오토밸리점"", ""address_input"": ""울산광역시 북구 중산로 3""}"
ba_14691860,naver_place,1.0,1,,2,1,"{""found_in_local"": true, ""local_rank"": 1, ""first_title"": ""본 죽&amp;비빔밥 부산동삼점"", ""address_input"": ""부산광역시 영도구 태종로 611""}"
ba_14691861,naver_place,1.0,1,,9,0,"{""found_in_local"": true, ""local_rank"": 1, ""first_title"": ""본죽&amp;비빔밥 울산역금아드림점"", ""address_input"": ""울산광역시 울주군 삼남읍 도호길 31""}"
ba_14691864,naver_place,1.0,1,,19,1,"{""found_in_local"": true, ""local_rank"": 1, ""first_title"": ""본죽&amp;비빔밥 부산신호점"", ""address_input"": ""부산광역시 강서구 신호이로27번길 3""}"
ba_14691884,naver_place,1.0,1,,18,1,"{""found_in_local"": true, ""local_rank"": 1, ""first_title"": ""본죽&amp;비빔밥 구서쌍용예가점"", ""address_input"": ""부산광역시 금정구 구서로 26""}"
ba_14691891,naver_place,1.0,1,,7,4,"{""found_in_local"": true, ""local_rank"": 1, ""first_title"": ""본죽&amp;비빔밥 울산성안점"", ""address_input"": ""울산광역시 중구 성안로 160""}"
ba_14691894,naver_place,1.0,1,,21,1,"{""found_in_local"": true, ""local_rank"": 1, ""first_title"": ""본죽 광양마동점"", ""address_input"": ""전라남도 광양시 진등5길 14""}"
ba_14691901,naver_place,1.0,1,,13,3,"{""found_in_local"": true, ""local_rank"": 1, ""first_title"": ""본죽&amp;비빔밥 울산약사점"", ""address_input"": ""울산광역시 중구 번영로 487""}"
ba_14691904,naver_place,1.0,1,,10,1,"{""found_in_local"": true, ""local_rank"": 1, ""first_title"": ""본죽&amp;비빔밥 울산우정점"", ""address_input"": ""울산광역시 중구 평동3길 1""}"
ba_14691908,naver_place,0.0,1,,13,4,"{""found_in_local"": false, ""local_rank"": null, ""first_title"": ""본죽&amp;비빔밥cafe 부산부경대경성대점"", ""address_input"": ""부산광역시 남구 용소로 46-1""}"
ba_14691909,naver_place,1.0,1,,54,6,"{""found_in_local"": true, ""local_rank"": 1, ""first_title"": ""본죽&amp;비빔밥 부산정관모전점"", ""address_input"": ""부산광역시 기장군 정관읍 정관로 385""}"
ba_14691918,naver_place,1.0,1,,64,0,"{""found_in_local"": true, ""local_rank"": 1, ""first_title"": ""본죽&amp;비빔밥 방학도깨비시장점"", ""address_input"": ""서울특별시 도봉구 도당로13길 28""}"
ba_14691943,naver_place,1.0,1,,18,3,"{""found_in_local"": true, ""local_rank"": 1, ""first_title"": ""본죽&amp;비빔밥 순천연향점"", ""address_input"": ""전라남도 순천시 연향번영길 122""}"
ba_14691949,naver_place,1.0,5,,31,3,"{""found_in_local"": true, ""local_rank"": 1, ""first_title"": ""본죽&amp;비빔밥cafe 부산범일점"", ""address_input"": ""부산광역시 동구 조방로 14""}"
ba_14691953,naver_place,1.0,1,,13,7,"{""found_in_local"": true, ""local_rank"": 1, ""first_title"": ""본 죽&amp;비빔밥 순천오천점"", ""address_input"": ""전라남도 순천시 오천6길 24""}"
ba_14691958,naver_place,1.0,1,,32,6,"{""found_in_local"": true, ""local_rank"": 1, ""first_title"": ""본죽&amp;비빔밥 부산내성교차로점"", ""address_input"": ""부산광역시 동래구 충렬대로 152""}"
ba_14691965,naver_place,1.0,1,,133,57,"{""found_in_local"": true, ""local_rank"": 1, ""first_title"": ""본죽&amp;비빔밥cafe 나주혁신호수공원점"", ""address_input"": ""전라남도 나주시 그린로 339""}"
ba_14691969,naver_place,1.0,1,,19,6,"{""found_in_local"": true, ""local_rank"": 1, ""first_title"": ""본죽&amp;비빔밥 부산사직점"", ""address_input"": ""부산광역시 동래구 석사로 4-1""}"
ba_14691974,naver_place,1.0,1,,6,0,"{""found_in_local"": true, ""local_rank"": 1, ""first_title"": ""본죽&amp;비빔밥 부산율리점"", ""address_input"": ""부산광역시 북구 금곡대로 460""}"
ba_14691975,naver_place,1.0,1,,82,3,"{""found_in_local"": true, ""local_rank"": 1, ""first_title"": ""본죽&amp;비빔밥 부산백양산롯데캐슬점"", ""address_input"": ""부산광역시 부산진구 당감서로98번길 29""}"
ba_14691976,naver_place,1.0,1,,32,3,"{""found_in_local"": true, ""local_rank"": 1, ""first_title"": ""본죽 &amp; 비빔밥 부산전포점"", ""address_input"": ""부산광역시 부산진구 중앙대로 802""}"
ba_14691989,naver_place,1.0,1,,7,0,"{""found_in_local"": true, ""local_rank"": 1, ""first_title"": ""본 죽&amp;비빔밥 여천신동아점"", ""address_input"": ""전라남도 여수시 무선로 53""}"
ba_14691990,naver_place,1.0,1,,30,1,"{""found_in_local"": true, ""local_rank"": 1, ""first_title"": ""본죽&amp;비빔밥cafe 제주아라점"", ""address_input"": ""제주특별자치도 제주시 아란9길 6""}"
ba_14691996,naver_place,1.0,1,,25,5,"{""found_in_local"": true, ""local_rank"": 1, ""first_title"": ""본죽&amp;비빔밥 부산덕천점"", ""address_input"": ""부산광역시 북구 덕천2길 42-1""}"
ba_14691997,naver_place,1.0,1,,28,1,"{""found_in_local"": true, ""local_rank"": 1, ""first_title"": ""본 죽&amp;비빔밥 부산사상점"", ""address_input"": ""부산광역시 사상구 사상로 218""}"
ba_14691998,naver_place,1.0,2,,11,2,"{""found_in_local"": true, ""local_rank"": 1, ""first_title"": ""본죽&amp;비빔밥cafe 부산엄궁점"", ""address_input"": ""부산광역시 사상구 엄궁북로 24""}"
ba_14691999,naver_place,1.0,1,,39,25,"{""found_in_local"": true, ""local_rank"": 1, ""first_title"": ""본죽&amp;비빔밥 부산동래점"", ""address_input"": ""부산광역시 동래구 충렬대로 211""}"
ba_14692012,naver_place,1.0,1,,15,1,"{""found_in_local"": true, ""local_rank"": 1, ""first_title"": ""본죽&amp;비빔밥 여수여서점"", ""address_input"": ""전라남도 여수시 여서1로 9""}"
ba_14692022,naver_place,1.0,1,,16,8,"{""found_in_local"": true, ""local_rank"": 1, ""first_title"": ""본죽&amp;비빔밥 여수죽림점"", ""address_input"": ""전라남도 여수시 소라면 죽림로 5""}"
ba_14692035,naver_place,1.0,2,,8,2,"{""found_in_local"": true, ""local_rank"": 1, ""first_title"": ""본죽&amp;비빔밥cafe 여수미평점"", ""address_input"": ""전라남도 여수시 둔덕2길 6-4""}"
ba_14692056,naver_place,1.0,1,,3,2,"{""found_in_local"": true, ""local_rank"": 1, ""first_title"": ""본 죽&amp;비빔밥 자양동점"", ""address_input"": ""서울특별시 광진구 뚝섬로 642""}"
ba_14692060,naver_place,1.0,1,,14,9,"{""found_in_local"": true, ""local_rank"": 1, ""first_title"": ""본죽&amp;비빔밥 돌곶이역점"", ""address_input"": ""서울특별시 성북구 돌곶이로 65""}"
ba_14692077,naver_place,1.0,1,,223,33,"{""found_in_local"": true, ""local_rank"": 1, ""first_title"": ""본죽&amp;비빔밥cafe 진주혁신중앙점"", ""address_input"": ""경상남도 진주시 충의로 20-37""}"
ba_14692092,naver_place,1.0,1,,20,2,"{""found_in_local"": true, ""local_rank"": 1, ""first_title"": ""본 죽&amp;비빔밥 제주외도점"", ""address_input"": ""제주특별자치도 제주시 우정로 52""}"
ba_14692116,naver_place,1.0,1,,28,9,"{""found_in_local"": true, ""local_rank"": 1, ""first_title"": ""본죽&amp;비빔밥cafe 부산수영점"", ""address_input"": ""부산광역시 수영구 수영로666번길 6""}"
ba_14692118,naver_place,1.0,1,,19,0,"{""found_in_local"": true, ""local_rank"": 1, ""first_title"": ""본죽&amp;비빔밥 여수소호점"", ""address_input"": ""전라남도 여수시 소호로 471-1""}"
ba_14692121,naver_place,1.0,1,,175,28,"{""found_in_local"": true, ""local_rank"": 1, ""first_title"": ""본죽&amp;비빔밥cafe 부산법조타운점"", ""address_input"": ""부산광역시 연제구 법원남로10번길 7""}"
ba_14692146,naver_place,1.0,1,,16,2,"{""found_in_local"": true, ""local_rank"": 1, ""first_title"": ""본죽&amp;비빔밥cafe 부산재송점"", ""address_input"": ""부산광역시 해운대구 재반로 123""}"
ba_14692155,naver_place,1.0,1,,229,50,"{""found_in_local"": true, ""local_rank"": 1, ""first_title"": ""본죽&amp;비빔밥 해운대백병원점"", ""address_input"": ""부산광역시 해운대구 좌동순환로 252""}"
ba_14692164,naver_place,1.0,1,,42,15,"{""found_in_local"": true, ""local_rank"": 1, ""first_title"": ""본죽 세종고운점"", ""address_input"": ""세종특별자치시 마음로 264""}"
ba_14692165,naver_place,1.0,1,,50,10,"{""found_in_local"": true, ""local_rank"": 1, ""first_title"": ""본죽 세종아름점"", ""address_input"": ""세종특별자치시 보듬3로 95""}"
ba_14692168,naver_place,1.0,1,,268,24,"{""found_in_local"": true, ""local_rank"": 1, ""first_title"": ""본죽&amp;비빔밥 해운대장산역점"", ""address_input"": ""부산광역시 해운대구 세실로 48""}"
ba_14692178,naver_place,1.0,1,,19,1,"{""found_in_local"": true, ""local_rank"": 1, ""first_title"": ""본 죽&amp;비빔밥 제주함덕점"", ""address_input"": ""제주특별자치도 제주시 조천읍 신북로 507""}"
ba_14692185,naver_place,1.0,1,,299,95,"{""found_in_local"": true, ""local_rank"": 1, ""first_title"": ""본죽&amp;비빔밥 세종첫마을점"", ""address_input"": ""세종특별자치시 노을3로 19""}"
ba_14692190,naver_place,1.0,1,,18,10,"{""found_in_local"": true, ""local_rank"": 1, ""first_title"": ""본죽&amp;비빔밥 세종다정점"", ""address_input"": ""세종특별자치시 다정중앙로 46""}"
ba_14692194,naver_place,1.0,1,,21,10,"{""found_in_local"": true, ""local_rank"": 1, ""first_title"": ""본죽&amp;비빔밥 익산영등제일점"", ""address_input"": ""전북특별자치도 익산시 고봉로30길 11""}"
ba_14692201,naver_place,1.0,3,,20,5,"{""found_in_local"": true, ""local_rank"": 1, ""first_title"": ""본죽&amp;비빔밥cafe 세종반곡점"", ""address_input"": ""세종특별자치시 한누리대로 1820""}"
ba_14692211,naver_place,1.0,1,,14,4,"{""found_in_local"": true, ""local_rank"": 1, ""first_title"": ""본죽&amp;비빔밥 세종해밀점"", ""address_input"": ""세종특별자치시 해밀3로 43""}"
ba_14692212,naver_place,1.0,3,,14,0,"{""found_in_local"": true, ""local_rank"": 1, ""first_title"": ""본죽&amp;비빔밥cafe 세종대평점"", ""address_input"": ""세종특별자치시 한누리대로 2265""}"
ba_14692216,naver_place,1.0,1,,10,0,"{""found_in_local"": true, ""local_rank"": 1, ""first_title"": ""본죽&amp;비빔밥 조치원죽림점"", ""address_input"": ""세종특별자치시 조치원읍 은행나무1길 42""}"
ba_14692232,naver_place,1.0,4,,29,1,"{""found_in_local"": true, ""local_rank"": 1, ""first_title"": ""본죽&amp;비빔밥 아산용화점"", ""address_input"": ""충청남도 아산시 용화로9번길 4-12""}"
ba_14692242,naver_place,1.0,1,,149,37,"{""found_in_local"": true, ""local_rank"": 1, ""first_title"": ""본죽&amp;비빔밥 천안쌍용이마트점"", ""address_input"": ""충청남도 천안시 서북구 충무로 205""}"
ba_14692246,naver_place,1.0,1,,23,3,"{""found_in_local"": true, ""local_rank"": 1, ""first_title"": ""본죽&amp;비빔밥 천안성성점"", ""address_input"": ""충청남도 천안시 서북구 성성8로 14-10""}"
ba_14692251,naver_place,1.0,1,,67,5,"{""found_in_local"": true, ""local_rank"": 1, ""first_title"": ""본죽&amp;비빔밥 천안두정점"", ""address_input"": ""충청남도 천안시 서북구 서부대로 688""}"
ba_14692258,naver_place,1.0,5,,1061,127838,"{""found_in_local"": true, ""local_rank"": 1, ""first_title"": ""본죽&amp;비빔밥 천안쌍용3동점"", ""address_input"": ""충청남도 천안시 서북구 봉명로 25""}"
ba_14692275,naver_place,1.0,1,,31,2,"{""found_in_local"": true, ""local_rank"": 1, ""first_title"": ""본죽&amp;비빔밥 전주객사점"", ""address_input"": ""전북특별자치도 전주시 완산구 충경로 40""}"
ba_14692278,naver_place,1.0,2,,11,1,"{""found_in_local"": true, ""local_rank"": 1, ""first_title"": ""본죽&amp;비빔밥 제천하소점"", ""address_input"": ""충청북도 제천시 하소로 42""}"
ba_14692291,naver_place,1.0,1,,10,2,"{""found_in_local"": true, ""local_rank"": 1, ""first_title"": ""본죽 청주하복대점"", ""address_input"": ""충청북도 청주시 흥덕구 증안로 28-1""}"
ba_14692326,naver_place,1.0,1,,8,0,"{""found_in_local"": true, ""local_rank"": 1, ""first_title"": ""본죽&amp;비빔밥 제천청전점"", ""address_input"": ""충청북도 제천시 청전대로 177""}"
ba_14692339,naver_place,1.0,1,,20,0,"{""found_in_local"": true, ""local_rank"": 1, ""first_title"": ""본죽&amp;비빔밥 청주분평점"", ""address_input"": ""충청북도 청주시 서원구 청남로 1992""}"
ba_14692346,naver_place,1.0,1,,11,1,"{""found_in_local"": true, ""local_rank"": 1, ""first_title"": ""본죽&amp;비빔밥cafe 보령동대점"", ""address_input"": ""충청남도 보령시 한내로터리길 85""}"
ba_14692368,naver_place,1.0,1,,156,42,"{""found_in_local"": true, ""local_rank"": 1, ""first_title"": ""본죽&amp;비빔밥 제주서귀포동홍점"", ""address_input"": ""제주특별자치도 서귀포시 일주동로 8572""}"
ba_14692383,naver_place,1.0,1,,138,22,"{""found_in_local"": true, ""local_rank"": 1, ""first_title"": ""본죽&amp;비빔밥cafe 울산신정시장점"", ""address_input"": ""울산광역시 남구 중앙로 237""}"
ba_14692433,naver_place,1.0,1,,78,50,"{""found_in_local"": true, ""local_rank"": 1, ""first_title"": ""본죽&amp;비빔밥cafe 충주계룡힐스점"", ""address_input"": ""충청북도 충주시 연수동산로3길 20""}"
ba_14692434,naver_place,1.0,1,,51,28,"{""found_in_local"": true, ""local_rank"": 1, ""first_title"": ""본죽&amp;비빔밥cafe 천안백석푸르지오점"", ""address_input"": ""충청남도 천안시 서북구 한들3로 84""}"
ba_14692439,naver_place,1.0,1,,114,121,"{""found_in_local"": true, ""local_rank"": 1, ""first_title"": ""본죽&amp;비빔밥 청주오송파라곤점"", ""address_input"": ""충청북도 청주시 흥덕구 오송읍 오송생명7로 146""}"
ba_14692455,naver_place,1.0,1,,58,6,"{""found_in_local"": true, ""local_rank"": 1, ""first_title"": ""본죽&amp;비빔밥cafe 천안신불당북부점"", ""address_input"": ""충청남도 천안시 서북구 불당25로 192""}"
ba_14692459,naver_place,1.0,1,,43,7,"{""found_in_local"": true, ""local_rank"": 1, ""first_title"": ""본 죽&amp;비빔밥 천안불당점"", ""address_input"": ""충청남도 천안시 서북구 불당3길 33""}"
ba_14692460,naver_place,1.0,1,,14,3,"{""found_in_local"": true, ""local_rank"": 1, ""first_title"": ""본죽 안양샘병원점"", ""address_input"": ""경기도 안양시 만안구 현충로48번길 63""}"
ba_14692482,naver_place,1.0,2,,29,2,"{""found_in_local"": true, ""local_rank"": 1, ""first_title"": ""본죽&amp;비빔밥cafe 충주호암점"", ""address_input"": ""충청북도 충주시 호암수청2로 29""}"
ba_14692505,naver_place,1.0,3,,8,2,"{""found_in_local"": true, ""local_rank"": 1, ""first_title"": ""본죽&amp;비빔밥 울산서부명덕점"", ""address_input"": ""울산광역시 동구 방어진순환도로 1120""}"
ba_14692549,naver_place,1.0,1,,26,7,"{""found_in_local"": true, ""local_rank"": 1, ""first_title"": ""본죽&amp;비빔밥cafe 안양덕천래미안점"", ""address_input"": ""경기도 안양시 만안구 태평로60번길 42""}"
ba_14692551,naver_place,1.0,1,,48,18,"{""found_in_local"": true, ""local_rank"": 1, ""first_title"": ""본죽&amp;비빔밥 당산점"", ""address_input"": ""서울특별시 영등포구 양평로 16""}"
ba_14692592,naver_place,1.0,1,,71,43,"{""found_in_local"": true, ""local_rank"": 1, ""first_title"": ""본죽 의정부가능역점"", ""address_input"": ""경기도 의정부시 평화로 629""}"
ba_14692796,naver_place,1.0,1,,18,0,"{""found_in_local"": true, ""local_rank"": 1, ""first_title"": ""본죽&amp;비빔밥cafe 아산모종점"", ""address_input"": ""충청남도 아산시 모종남로12번길 11""}"
ba_14692985,naver_place,1.0,4,,27,4,"{""found_in_local"": true, ""local_rank"": 1, ""first_title"": ""본죽&amp;비빔밥cafe 천안청당점"", ""address_input"": ""충청남도 천안시 동남구 청수4로 10""}"
ba_14693042,naver_place,1.0,1,,187,1,"{""found_in_local"": true, ""local_rank"": 1, ""first_title"": ""본죽&amp;비빔밥cafe 전주예수병원점"", ""address_input"": ""전북특별자치도 전주시 완산구 서원로 365""}"
ba_14693289,naver_place,1.0,1,,129,34,"{""found_in_local"": true, ""local_rank"": 1, ""first_title"": ""본죽&amp;비빔밥 천안쌍용3동점"", ""address_input"": ""충청남도 천안시 서북구 쌍용11길 8""}"
ba_14694145,naver_place,1.0,5,,52,11,"{""found_in_local"": true, ""local_rank"": 1, ""first_title"": ""본죽&amp;비빔밥cafe 합정역점"", ""address_input"": ""서울특별시 마포구 양화로 73""}"
ba_14694148,naver_place,1.0,1,,27,11,"{""found_in_local"": true, ""local_rank"": 1, ""first_title"": ""본죽 통영점"", ""address_input"": ""경상남도 통영시 원문로 11""}"
ba_14694278,naver_place,1.0,1,,14,1,"{""found_in_local"": true, ""local_rank"": 1, ""first_title"": ""본죽&amp;비빔밥 오금동사거리점"", ""address_input"": ""서울특별시 송파구 동남로 317""}"
ba_14694287,naver_place,1.0,1,,29,4,"{""found_in_local"": true, ""local_rank"": 1, ""first_title"": ""본죽&amp;비빔밥 인사동점"", ""address_input"": ""서울특별시 종로구 인사동길 51""}"
ba_14694390,naver_place,1.0,1,,101,12,"{""found_in_local"": true, ""local_rank"": 1, ""first_title"": ""본죽&amp;비빔밥 평택시청점"", ""address_input"": ""경기도 평택시 평택5로20번길 39""}"
ba_14694402,naver_place,1.0,2,,64,12,"{""found_in_local"": true, ""local_rank"": 1, ""first_title"": ""본죽&amp;비빔밥 월곡점"", ""address_input"": ""서울특별시 성북구 오패산로 46""}"
ba_14694577,naver_place,1.0,1,,473,72,"{""found_in_local"": true, ""local_rank"": 1, ""first_title"": ""본죽&amp;비빔밥cafe 대구동성로중앙점"", ""address_input"": ""대구광역시 중구 중앙대로 388""}"
ba_14694620,naver_place,1.0,1,,5,3,"{""found_in_local"": true, ""local_rank"": 1, ""first_title"": ""본죽&amp;비빔밥 경산신대부적점"", ""address_input"": ""경상북도 경산시 압량읍 압독3로 27""}"
ba_14694670,naver_place,1.0,1,,82,15,"{""found_in_local"": true, ""local_rank"": 1, ""first_title"": ""본죽&amp;비빔밥 충무로역점"", ""address_input"": ""서울특별시 중구 서애로1길 11""}"
ba_14694671,naver_place,1.0,1,,45,5,"{""found_in_local"": true, ""local_rank"": 1, ""first_title"": ""본죽&amp;비빔밥cafe 범계로데오점"", ""address_input"": ""경기도 안양시 동안구 평촌대로223번길 48""}"
ba_14695006,naver_place,1.0,1,,6,0,"{""found_in_local"": true, ""local_rank"": 1, ""first_title"": ""본죽 안양관양동점"", ""address_input"": ""경기도 안양시 동안구 관평로 327""}"
ba_14695008,naver_place,1.0,1,,31,15,"{""found_in_local"": true, ""local_rank"": 1, ""first_title"": ""본죽&amp;비빔밥cafe 부산연산점"", ""address_input"": ""부산광역시 연제구 반송로 33""}"
ba_14695236,naver_place,1.0,1,,36,9,"{""found_in_local"": true, ""local_rank"": 1, ""first_title"": ""본죽&amp;비빔밥 제주법원점"", ""address_input"": ""제주특별자치도 제주시 중앙로 320-1""}"
ba_14695290,naver_place,1.0,1,,29,5,"{""found_in_local"": true, ""local_rank"": 1, ""first_title"": ""본 죽&amp;비빔밥 용산센트럴점"", ""address_input"": ""서울특별시 용산구 한강대로 95""}"
ba_14695958,naver_place,1.0,1,,30,17,"{""found_in_local"": true, ""local_rank"": 1, ""first_title"": ""본죽 삼양사거리점"", ""address_input"": ""서울특별시 강북구 삼양로 167""}"
ba_14696546,naver_place,1.0,3,,19,3,"{""found_in_local"": true, ""local_rank"": 1, ""first_title"": ""굽네치킨 구리갈매점"", ""address_input"": ""경기도 구리시 갈매순환로204번길 8-34""}"
ba_14698239,naver_place,1.0,1,,3,0,"{""found_in_local"": true, ""local_rank"": 1, ""first_title"": ""본죽&amp;비빔밥 의왕고천점"", ""address_input"": ""경기도 의왕시 전주남이길 8""}"
ba_14698364,naver_place,1.0,1,,10,2,"{""found_in_local"": true, ""local_rank"": 1, ""first_title"": ""본죽&amp;비빔밥 청주사창점"", ""address_input"": ""충청북도 청주시 서원구 사직대로 125-1""}"
ba_14699201,naver_place,1.0,5,,5,1,"{""found_in_local"": true, ""local_rank"": 1, ""first_title"": ""본죽&amp;비빔밥 청량리롯데캐슬앞점"", ""address_input"": ""서울특별시 동대문구 사가정로 136""}"
ba_14699399,naver_place,1.0,1,,23,10,"{""found_in_local"": true, ""local_rank"": 1, ""first_title"": ""굽네치킨 와동점"", ""address_input"": ""경기도 안산시 단원구 보화로 3""}"
ba_14699649,naver_place,1.0,1,,28,17,"{""found_in_local"": true, ""local_rank"": 1, ""first_title"": ""굽네치킨 시흥신천점"", ""address_input"": ""경기도 시흥시 신천3길 41""}"
ba_14700021,naver_place,1.0,4,,10,0,"{""found_in_local"": true, ""local_rank"": 1, ""first_title"": ""굽네치킨 신길뉴타운점"", ""address_input"": ""서울특별시 영등포구 영신로19길 7""}"
ba_14700213,naver_place,1.0,1,,19,9,"{""found_in_local"": true, ""local_rank"": 1, ""first_title"": ""본 죽&amp;비빔밥 김포마산점"", ""address_input"": ""경기도 김포시 김포한강8로 167""}"
ba_14700905,naver_place,1.0,3,,6,0,"{""found_in_local"": true, ""local_rank"": 1, ""first_title"": ""본죽&amp;비빔밥 진주호탄점"", ""address_input"": ""경상남도 진주시 가호로 53""}"
ba_14701137,naver_place,1.0,1,,11,3,"{""found_in_local"": true, ""local_rank"": 1, ""first_title"": ""본 죽&amp;비빔밥 남양주호평점"", ""address_input"": ""경기도 남양주시 늘을1로16번길 29""}"
ba_14701165,naver_place,1.0,1,,122,296,"{""found_in_local"": true, ""local_rank"": 1, ""first_title"": ""본죽&amp;비빔밥cafe 연세세브란스빌딩점"", ""address_input"": ""서울특별시 중구 통일로 10""}"
ba_14702063,naver_place,1.0,1,,108,2,"{""found_in_local"": true, ""local_rank"": 1, ""first_title"": ""본죽&amp;비빔밥 목동파라곤점"", ""address_input"": ""서울특별시 양천구 목동서로 155""}"
ba_14702120,naver_place,1.0,1,,2,0,"{""found_in_local"": true, ""local_rank"": 1, ""first_title"": ""본죽&amp;비빔밥 천안풍세점"", ""address_input"": ""충청남도 천안시 동남구 풍세면 풍세산단로 283""}"
ba_14702996,naver_place,1.0,1,,79,1,"{""found_in_local"": true, ""local_rank"": 1, ""first_title"": ""본죽&amp;비빔밥cafe 사당연세사랑병원점"", ""address_input"": ""서울특별시 서초구 효령로 22""}"
ba_14703930,naver_place,1.0,1,,255,88,"{""found_in_local"": true, ""local_rank"": 1, ""first_title"": ""본죽 중화역점"", ""address_input"": ""서울특별시 중랑구 봉화산로 36""}"
ba_14706394,naver_place,1.0,3,,6,0,"{""found_in_local"": true, ""local_rank"": 1, ""first_title"": ""본죽&amp;비빔밥 진주호탄점"", ""address_input"": ""경상남도 진주시 가호로 53""}"
ba_14708789,naver_place,1.0,1,,179,61,"{""found_in_local"": true, ""local_rank"": 1, ""first_title"": ""본죽&amp;비빔밥 파주금릉역점"", ""address_input"": ""경기도 파주시 금빛로 18""}"
ba_14708929,naver_place,1.0,1,,5,1,"{""found_in_local"": true, ""local_rank"": 1, ""first_title"": ""굽네치킨 고령다산점"", ""address_input"": ""경상북도 고령군 다산면 상곡1길 16""}"
ba_14712294,naver_place,1.0,1,,1081,12,"{""found_in_local"": true, ""local_rank"": 1, ""first_title"": ""본죽&amp;비빔밥 서울대입구역점"", ""address_input"": ""서울특별시 관악구 중앙1가길 1""}"
ba_14712797,naver_place,1.0,1,,0,2,"{""found_in_local"": true, ""local_rank"": 1, ""first_title"": ""굽네치킨 논공점"", ""address_input"": ""대구광역시 달성군 논공읍 논공로5길 150""}"
ba_14714062,naver_place,1.0,1,,68,3,"{""found_in_local"": true, ""local_rank"": 1, ""first_title"": ""본죽&amp;비빔밥 파주운정산내마을점"", ""address_input"": ""경기도 파주시 책향기로 573""}"
ba_14714070,naver_place,1.0,1,,2,0,"{""found_in_local"": true, ""local_rank"": 1, ""first_title"": ""본 죽&amp;비빔밥 의정부발곡점"", ""address_input"": ""경기도 의정부시 회룡로192번길 39""}"
ba_14715313,naver_place,1.0,1,,2,1,"{""found_in_local"": true, ""local_rank"": 1, ""first_title"": ""굽네치킨 불광1동점"", ""address_input"": ""서울특별시 서대문구 세검정로1길 67""}"
ba_14716102,naver_place,1.0,1,,2,0,"{""found_in_local"": true, ""local_rank"": 1, ""first_title"": ""본 죽&amp;비빔밥 의정부발곡점"", ""address_input"": ""경기도 의정부시 회룡로192번길 39""}"
ba_14716332,naver_place,1.0,3,,9,0,"{""found_in_local"": true, ""local_rank"": 1, ""first_title"": ""굽네치킨 태평3동점"", ""address_input"": ""경기도 성남시 수정구 남문로44번길 20-1""}"
ba_14719522,naver_place,1.0,1,,554,39,"{""found_in_local"": true, ""local_rank"": 1, ""first_title"": ""본죽&amp;비빔밥 전주혁신도시점"", ""address_input"": ""전북특별자치도 완주군 이서면 기지로 51""}"
ba_14719554,naver_place,1.0,1,,179,61,"{""found_in_local"": true, ""local_rank"": 1, ""first_title"": ""본죽&amp;비빔밥 파주금릉역점"", ""address_input"": ""경기도 파주시 금빛로 18""}"
ba_14720262,naver_place,1.0,1,,5,1,"{""found_in_local"": true, ""local_rank"": 1, ""first_title"": ""굽네치킨 강화온수점"", ""address_input"": ""인천광역시 강화군 길상면 전등사로 97""}"
ba_14720263,naver_place,0.0,0,,0,1,"{""found_in_local"": false, ""local_rank"": null, ""first_title"": null, ""address_input"": ""인천광역시 강화군 길상면 전등사로 97""}"
ba_14720368,naver_place,1.0,1,,19,9,"{""found_in_local"": true, ""local_rank"": 1, ""first_title"": ""본 죽&amp;비빔밥 김포마산점"", ""address_input"": ""경기도 김포시 김포한강8로 167""}"
ba_14721018,naver_place,1.0,4,,5,1,"{""found_in_local"": true, ""local_rank"": 1, ""first_title"": ""굽네치킨 대구서재점"", ""address_input"": ""대구광역시 달성군 다사읍 서재로 143-1""}"
ba_14725485,naver_place,1.0,1,,0,0,"{""found_in_local"": true, ""local_rank"": 1, ""first_title"": ""굽네치킨 구례읍점"", ""address_input"": ""전라남도 구례군 구례읍 중앙로 34""}"
ba_14725627,naver_place,1.0,1,,3,0,"{""found_in_local"": true, ""local_rank"": 1, ""first_title"": ""본죽&amp;비빔밥 가평현리점"", ""address_input"": ""경기도 가평군 조종면 현창로 41-1""}"
ba_14726472,naver_place,1.0,1,,6,2,"{""found_in_local"": true, ""local_rank"": 1, ""first_title"": ""굽네치킨 신대부적점"", ""address_input"": ""경상북도 경산시 압량읍 압독4로 17""}"
ba_14726738,naver_place,1.0,2,,326,58,"{""found_in_local"": true, ""local_rank"": 1, ""first_title"": ""본 죽&amp;비빔밥 해운대센텀역점"", ""address_input"": ""부산광역시 해운대구 센텀중앙로 145""}"
ba_14726741,naver_place,1.0,1,,63,14,"{""found_in_local"": true, ""local_rank"": 1, ""first_title"": ""본죽&amp;비빔밥 대구방촌해안역점"", ""address_input"": ""대구광역시 동구 동촌로 190""}"
ba_14727030,naver_place,1.0,1,,495,201,"{""found_in_local"": true, ""local_rank"": 1, ""first_title"": ""본죽&amp;비빔밥 부산명장역점"", ""address_input"": ""부산광역시 동래구 명장로20번길 32""}"
ba_14727064,naver_place,1.0,1,,554,39,"{""found_in_local"": true, ""local_rank"": 1, ""first_title"": ""본죽&amp;비빔밥 전주혁신도시점"", ""address_input"": ""전북특별자치도 완주군 이서면 기지로 51""}"
ba_14727755,naver_place,1.0,2,,2,1,"{""found_in_local"": true, ""local_rank"": 1, ""first_title"": ""굽네치킨 덕진금암점"", ""address_input"": ""전북특별자치도 전주시 덕진구 조경단로 59""}"
ba_14728291,naver_place,1.0,5,,22,2,"{""found_in_local"": true, ""local_rank"": 1, ""first_title"": ""본죽&amp;비빔밥 논산취암점"", ""address_input"": ""충청남도 논산시 중앙로 473""}"
ba_14728444,naver_place,1.0,2,,29,2,"{""found_in_local"": true, ""local_rank"": 1, ""first_title"": ""본죽&amp;비빔밥cafe 속초점"", ""address_input"": ""강원특별자치도 속초시 중앙로 89-1""}"
ba_14728839,naver_place,1.0,2,,1,1,"{""found_in_local"": true, ""local_rank"": 1, ""first_title"": ""굽네치킨 대구동인점"", ""address_input"": ""대구광역시 중구 동덕로30길 55""}"
ba_14729038,naver_place,1.0,2,,0,1,"{""found_in_local"": true, ""local_rank"": 1, ""first_title"": ""굽네치킨 파주읍점"", ""address_input"": ""경기도 파주시 파주읍 우계로 77-1""}"
ba_14729159,naver_place,1.0,1,,3,0,"{""found_in_local"": true, ""local_rank"": 1, ""first_title"": ""굽네치킨 대구원대자이점"", ""address_input"": ""대구광역시 서구 고성로 33""}"
ba_14729784,naver_place,1.0,1,,7,1,"{""found_in_local"": true, ""local_rank"": 1, ""first_title"": ""굽네치킨 경북울진점"", ""address_input"": ""경상북도 울진군 울진읍 울진중앙로 186-4""}"
ba_14729971,naver_place,1.0,2,,10,5,"{""found_in_local"": true, ""local_rank"": 1, ""first_title"": ""굽네치킨 군포1동점"", ""address_input"": ""경기도 군포시 당산로29번길 1""}"
ba_14730328,naver_place,1.0,1,,17,0,"{""found_in_local"": true, ""local_rank"": 1, ""first_title"": ""본 죽&amp;비빔밥 동탄꼬모점"", ""address_input"": ""경기도 화성시 동탄대로 198""}"
ba_14730330,naver_place,1.0,1,,17,0,"{""found_in_local"": true, ""local_rank"": 1, ""first_title"": ""본 죽&amp;비빔밥 동탄꼬모점"", ""address_input"": ""경기도 화성시 동탄대로 198""}"
ba_14731363,naver_place,1.0,1,,62,10,"{""found_in_local"": true, ""local_rank"": 1, ""first_title"": ""본죽&amp;비빔밥 충북대병원앞점"", ""address_input"": ""충청북도 청주시 서원구 1순환로 771""}"
ba_14732026,naver_place,1.0,1,,36,16,"{""found_in_local"": true, ""local_rank"": 1, ""first_title"": ""굽네치킨 부산전포점"", ""address_input"": ""부산광역시 부산진구 중앙대로 802""}"
ba_14732355,naver_place,1.0,2,,29,2,"{""found_in_local"": true, ""local_rank"": 1, ""first_title"": ""본죽&amp;비빔밥cafe 속초점"", ""address_input"": ""강원특별자치도 속초시 중앙로 89-1""}"
ba_14732602,naver_place,1.0,1,,14,9,"{""found_in_local"": true, ""local_rank"": 1, ""first_title"": ""굽네치킨 서수원점"", ""address_input"": ""경기도 수원시 권선구 당진로 29-4""}"
ba_14733665,naver_place,1.0,1,,9,4,"{""found_in_local"": true, ""local_rank"": 1, ""first_title"": ""굽네치킨 수원조원점"", ""address_input"": ""경기도 수원시 장안구 금당로 46""}"
ba_14735216,naver_place,1.0,1,,15,3,"{""found_in_local"": true, ""local_rank"": 1, ""first_title"": ""본 죽&amp;비빔밥 수지성복점"", ""address_input"": ""경기도 용인시 수지구 성복2로 51""}"
ba_14735878,naver_place,1.0,1,,32,4,"{""found_in_local"": true, ""local_rank"": 1, ""first_title"": ""본죽&amp;비빔밥 시흥능곡점"", ""address_input"": ""경기도 시흥시 승지로59번길 1""}"
ba_14736681,naver_place,1.0,1,,251,11,"{""found_in_local"": true, ""local_rank"": 1, ""first_title"": ""본죽&amp;비빔밥 신림녹두거리점"", ""address_input"": ""서울특별시 관악구 호암로 598""}"
ba_14736683,naver_place,1.0,1,,251,11,"{""found_in_local"": true, ""local_rank"": 1, ""first_title"": ""본죽&amp;비빔밥 신림녹두거리점"", ""address_input"": ""서울특별시 관악구 호암로 598""}"
ba_14736722,naver_place,1.0,1,,1,2,"{""found_in_local"": true, ""local_rank"": 1, ""first_title"": ""굽네치킨 철원와수점"", ""address_input"": ""강원특별자치도 철원군 서면 와수로173번길 13""}"
ba_14737726,naver_place,1.0,1,,8,2,"{""found_in_local"": true, ""local_rank"": 1, ""first_title"": ""굽네치킨 대치4동점"", ""address_input"": ""서울특별시 강남구 삼성로71길 34""}"
ba_14739745,naver_place,1.0,1,,35,10,"{""found_in_local"": true, ""local_rank"": 1, ""first_title"": ""굽네치킨 감정점"", ""address_input"": ""경기도 김포시 북변1로 36""}"
ba_14739746,naver_place,1.0,1,,9,4,"{""found_in_local"": true, ""local_rank"": 1, ""first_title"": ""굽네치킨 감정점"", ""address_input"": ""경기도 김포시 북변1로 36""}"
ba_14739815,naver_place,1.0,1,,5,0,"{""found_in_local"": true, ""local_rank"": 1, ""first_title"": ""굽네치킨 신창신가점"", ""address_input"": ""광주광역시 광산구 신창로86번길 7-9""}"
ba_14740022,naver_place,1.0,2,,28,12,"{""found_in_local"": true, ""local_rank"": 1, ""first_title"": ""굽네치킨 신봉점"", ""address_input"": ""경기도 용인시 수지구 신봉1로 84""}"
ba_14740239,naver_place,1.0,1,,1,0,"{""found_in_local"": true, ""local_rank"": 1, ""first_title"": ""굽네치킨 임실읍점"", ""address_input"": ""전북특별자치도 임실군 임실읍 봉황11길 102""}"
ba_14741847,naver_place,1.0,1,,17,1,"{""found_in_local"": true, ""local_rank"": 1, ""first_title"": ""굽네치킨 거제아시아드점"", ""address_input"": ""부산광역시 연제구 아시아드대로 7""}"
ba_14742704,naver_place,1.0,1,,11,3,"{""found_in_local"": true, ""local_rank"": 1, ""first_title"": ""본죽&amp;비빔밥 청주개신점"", ""address_input"": ""충청북도 청주시 서원구 복대로 27""}"
ba_14742705,naver_place,1.0,1,,11,3,"{""found_in_local"": true, ""local_rank"": 1, ""first_title"": ""본죽&amp;비빔밥 청주개신점"", ""address_input"": ""충청북도 청주시 서원구 복대로 27""}"
ba_14743271,naver_place,1.0,1,,15,0,"{""found_in_local"": true, ""local_rank"": 1, ""first_title"": ""본죽&amp;비빔밥 안양석수점"", ""address_input"": ""경기도 안양시 만안구 충훈로 81""}"
ba_14743731,naver_place,1.0,1,,85,16,"{""found_in_local"": true, ""local_rank"": 1, ""first_title"": ""본 죽&amp;비빔밥 인천오류왕길점"", ""address_input"": ""인천광역시 서구 봉화로 52""}"
ba_14743732,naver_place,1.0,1,,85,16,"{""found_in_local"": true, ""local_rank"": 1, ""first_title"": ""본 죽&amp;비빔밥 인천오류왕길점"", ""address_input"": ""인천광역시 서구 봉화로 52""}"
ba_14744329,naver_place,1.0,1,,110,17,"{""found_in_local"": true, ""local_rank"": 1, ""first_title"": ""본죽&amp;비빔밥 송파헬리오시티점"", ""address_input"": ""서울특별시 송파구 가락로12길 4""}"
ba_14744706,naver_place,1.0,1,,110,17,"{""found_in_local"": true, ""local_rank"": 1, ""first_title"": ""본죽&amp;비빔밥 세종시청점"", ""address_input"": ""세종특별자치시 한누리대로 2144""}"
ba_14744959,naver_place,1.0,1,,15,5,"{""found_in_local"": true, ""local_rank"": 1, ""first_title"": ""굽네치킨 부산수정점"", ""address_input"": ""부산광역시 동구 홍곡로 74""}"
ba_14746052,naver_place,1.0,1,,15,1,"{""found_in_local"": true, ""local_rank"": 1, ""first_title"": ""본죽&amp;비빔밥 포항두호점"", ""address_input"": ""경상북도 포항시 북구 두호로 22""}"
ba_14746091,naver_place,1.0,1,,6,1,"{""found_in_local"": true, ""local_rank"": 1, ""first_title"": ""굽네치킨 별내청학점"", ""address_input"": ""경기도 남양주시 별내면 청학로 113""}"
ba_14746216,naver_place,1.0,1,,5,1,"{""found_in_local"": true, ""local_rank"": 1, ""first_title"": ""굽네치킨 내수점"", ""address_input"": ""충청북도 청주시 청원구 내수읍 청암로 37""}"
ba_14747382,naver_place,1.0,1,,3,4,"{""found_in_local"": true, ""local_rank"": 1, ""first_title"": ""굽네치킨 양주광적점"", ""address_input"": ""경기도 양주시 광적면 가래비길 79-3""}"
ba_14749296,naver_place,1.0,1,,2,0,"{""found_in_local"": true, ""local_rank"": 1, ""first_title"": ""굽네치킨 석촌고분점"", ""address_input"": ""서울특별시 송파구 백제고분로33길 13""}"
ba_14753110,naver_place,1.0,1,,5,1,"{""found_in_local"": true, ""local_rank"": 1, ""first_title"": ""본죽&amp;비빔밥 청주성화점"", ""address_input"": ""충청북도 청주시 서원구 신화로 38""}"
ba_14754395,naver_place,1.0,1,,16,12,"{""found_in_local"": true, ""local_rank"": 1, ""first_title"": ""굽네치킨 구이점"", ""address_input"": ""전북특별자치도 완주군 구이면 구이로 1524""}"
ba_14754893,naver_place,1.0,1,,89,20,"{""found_in_local"": true, ""local_rank"": 1, ""first_title"": ""본 죽&amp;비빔밥 일산탄현큰마을점"", ""address_input"": ""경기도 고양시 일산서구 탄현로 136""}"
ba_14754936,naver_place,1.0,1,,8,2,"{""found_in_local"": true, ""local_rank"": 1, ""first_title"": ""굽네치킨 경주외동점"", ""address_input"": ""경상북도 경주시 외동읍 계동1길 29""}"
ba_14754965,naver_place,1.0,1,,101,12,"{""found_in_local"": true, ""local_rank"": 1, ""first_title"": ""본죽&amp;비빔밥 평택시청점"", ""address_input"": ""경기도 평택시 평택5로20번길 39""}"
ba_14756247,naver_place,1.0,1,,18,5,"{""found_in_local"": true, ""local_rank"": 1, ""first_title"": ""본 죽&amp;비빔밥 일산가좌점"", ""address_input"": ""경기도 고양시 일산서구 가좌3로 7-1""}"
ba_14756888,naver_place,1.0,1,,36,0,"{""found_in_local"": true, ""local_rank"": 1, ""first_title"": ""본 죽&amp;비빔밥 창원대원점"", ""address_input"": ""경상남도 창원시 성산구 대원로 79""}"
ba_14756889,naver_place,1.0,1,,36,0,"{""found_in_local"": true, ""local_rank"": 1, ""first_title"": ""본 죽&amp;비빔밥 창원대원점"", ""address_input"": ""경상남도 창원시 성산구 대원로 79""}"
ba_14757543,naver_place,1.0,1,,17,2,"{""found_in_local"": true, ""local_rank"": 1, ""first_title"": ""굽네치킨 동두천중앙점"", ""address_input"": ""경기도 동두천시 중앙로 343""}"
ba_14757711,naver_place,1.0,1,,3,3,"{""found_in_local"": true, ""local_rank"": 1, ""first_title"": ""굽네치킨 칠금문화점"", ""address_input"": ""충청북도 충주시 칠금3길 16-1""}"
ba_14758255,naver_place,1.0,5,,14,6,"{""found_in_local"": true, ""local_rank"": 1, ""first_title"": ""굽네치킨 대구송현점"", ""address_input"": ""대구광역시 달서구 학산남로 90""}"
ba_14759786,naver_place,1.0,1,,738,211,"{""found_in_local"": true, ""local_rank"": 1, ""first_title"": ""굽네치킨 퇴계CGV점"", ""address_input"": ""강원특별자치도 춘천시 승지골길16번길 16""}"
ba_14760741,naver_place,1.0,2,,22,2,"{""found_in_local"": true, ""local_rank"": 1, ""first_title"": ""본죽&amp;비빔밥 용인신갈점(새천년)"", ""address_input"": ""경기도 용인시 기흥구 새천년로26번길 2""}"
ba_14760742,naver_place,1.0,2,,22,2,"{""found_in_local"": true, ""local_rank"": 1, ""first_title"": ""본죽&amp;비빔밥 용인신갈점(새천년)"", ""address_input"": ""경기도 용인시 기흥구 새천년로26번길 2""}"
ba_14762166,naver_place,1.0,1,,23,3,"{""found_in_local"": true, ""local_rank"": 1, ""first_title"": ""본 죽&amp;비빔밥 광주북구청점"", ""address_input"": ""광주광역시 북구 호동로 16""}"
ba_14766646,naver_place,1.0,1,,13,5,"{""found_in_local"": true, ""local_rank"": 1, ""first_title"": ""본 죽&amp;비빔밥 대전한남대점"", ""address_input"": ""대전광역시 동구 한남로 2-1""}"
ba_14766647,naver_place,1.0,1,,13,5,"{""found_in_local"": true, ""local_rank"": 1, ""first_title"": ""본 죽&amp;비빔밥 대전한남대점"", ""address_input"": ""대전광역시 동구 한남로 2-1""}"
ba_14766686,naver_place,1.0,2,,60,20,"{""found_in_local"": true, ""local_rank"": 1, ""first_title"": ""굽네치킨 운정2호점"", ""address_input"": ""경기도 파주시 한울로 84""}"
ba_14767892,naver_place,1.0,1,,10,1,"{""found_in_local"": true, ""local_rank"": 1, ""first_title"": ""굽네치킨 둔촌시장점"", ""address_input"": ""서울특별시 강동구 양재대로89길 69""}"
ba_14767931,naver_place,1.0,1,,24,4,"{""found_in_local"": true, ""local_rank"": 1, ""first_title"": ""본죽&amp;비빔밥 신중동점"", ""address_input"": ""경기도 부천시 원미구 중동로248번길 86""}"
ba_14767932,naver_place,1.0,1,,24,4,"{""found_in_local"": true, ""local_rank"": 1, ""first_title"": ""본죽&amp;비빔밥 신중동점"", ""address_input"": ""경기도 부천시 원미구 중동로248번길 86""}"
ba_14769185,naver_place,1.0,1,,2,4,"{""found_in_local"": true, ""local_rank"": 1, ""first_title"": ""굽네치킨 김천신음점"", ""address_input"": ""경상북도 김천시 시청6길 46""}"
ba_14770149,naver_place,1.0,1,,266,10,"{""found_in_local"": true, ""local_rank"": 1, ""first_title"": ""본 죽&amp;비빔밥 동탄테크노밸리점"", ""address_input"": ""경기도 화성시 동탄대로 635""}"
ba_14772060,naver_place,1.0,4,,8,2,"{""found_in_local"": true, ""local_rank"": 1, ""first_title"": ""굽네치킨 천호1동점"", ""address_input"": ""서울특별시 강동구 상암로 122""}"
ba_14772844,naver_place,0.0,0,,6,3,"{""found_in_local"": false, ""local_rank"": null, ""first_title"": null, ""address_input"": ""경기도 김포시 양촌읍 황금로109번길 3""}"
ba_14773134,naver_place,1.0,1,,13,1,"{""found_in_local"": true, ""local_rank"": 1, ""first_title"": ""본 죽&amp;비빔밥 용인보라점"", ""address_input"": ""경기도 용인시 기흥구 한보라1로 14""}"
ba_14773135,naver_place,1.0,1,,13,1,"{""found_in_local"": true, ""local_rank"": 1, ""first_title"": ""본 죽&amp;비빔밥 용인보라점"", ""address_input"": ""경기도 용인시 기흥구 한보라1로 14""}"
ba_14773140,naver_place,1.0,1,,8,7,"{""found_in_local"": true, ""local_rank"": 1, ""first_title"": ""굽네치킨 전주효자중화산1호점"", ""address_input"": ""전북특별자치도 전주시 완산구 효동3길 24""}"
ba_14773773,naver_place,1.0,1,,60,7,"{""found_in_local"": true, ""local_rank"": 1, ""first_title"": ""굽네치킨 고덕로데오점"", ""address_input"": ""경기도 평택시 고덕갈평6길 29""}"
ba_14775022,naver_place,1.0,1,,6,2,"{""found_in_local"": true, ""local_rank"": 1, ""first_title"": ""본 죽&amp;비빔밥 광혜원점"", ""address_input"": ""충청북도 진천군 광혜원면 장기길 95""}"
ba_14775582,naver_place,1.0,1,,116,27,"{""found_in_local"": true, ""local_rank"": 1, ""first_title"": ""본죽&amp;비빔밥 시흥배곧한라점"", ""address_input"": ""경기도 시흥시 배곧1로 27-15""}"
ba_14775705,naver_place,1.0,1,,64,46,"{""found_in_local"": true, ""local_rank"": 1, ""first_title"": ""본죽&amp;비빔밥 익산원광대병원점"", ""address_input"": ""전북특별자치도 익산시 무왕로 898""}"
ba_14775877,naver_place,1.0,4,,37,4,"{""found_in_local"": true, ""local_rank"": 1, ""first_title"": ""굽네치킨 세종종촌점"", ""address_input"": ""세종특별자치시 세종로 1219""}"
ba_14776515,naver_place,1.0,1,,9,3,"{""found_in_local"": true, ""local_rank"": 1, ""first_title"": ""굽네치킨 대소점"", ""address_input"": ""충청북도 음성군 대소면 대화길 30-11""}"
ba_14778106,naver_place,1.0,1,,43,9,"{""found_in_local"": true, ""local_rank"": 1, ""first_title"": ""굽네치킨 구로디지털점"", ""address_input"": ""서울특별시 구로구 디지털로27가길 5-1""}"
ba_14778684,naver_place,1.0,1,,5,4,"{""found_in_local"": true, ""local_rank"": 1, ""first_title"": ""본죽&amp;비빔밥 대구대천점"", ""address_input"": ""대구광역시 달서구 조암남로32길 40""}"
ba_14780115,naver_place,1.0,1,,2,1,"{""found_in_local"": true, ""local_rank"": 1, ""first_title"": ""굽네치킨 부사문창점"", ""address_input"": ""대전광역시 중구 대종로 364""}"
ba_14780432,naver_place,1.0,1,,240,56,"{""found_in_local"": true, ""local_rank"": 1, ""first_title"": ""본죽&amp;비빔밥 경기광주태전 힐스테이트점"", ""address_input"": ""경기도 광주시 태봉로 145-2""}"
ba_14781731,naver_place,1.0,1,,78,17,"{""found_in_local"": true, ""local_rank"": 1, ""first_title"": ""본죽&amp;비빔밥 하남시청점"", ""address_input"": ""경기도 하남시 대청로 15""}"
ba_14782074,naver_place,1.0,1,,16,6,"{""found_in_local"": true, ""local_rank"": 1, ""first_title"": ""굽네치킨 대구관음점"", ""address_input"": ""대구광역시 북구 관음중앙로 42""}"
ba_14782170,naver_place,1.0,1,,2,1,"{""found_in_local"": true, ""local_rank"": 1, ""first_title"": ""굽네치킨 밀양수산점"", ""address_input"": ""경상남도 밀양시 하남읍 수산로 20-1""}"
ba_14782523,naver_place,1.0,1,,1,0,"{""found_in_local"": true, ""local_rank"": 1, ""first_title"": ""굽네치킨 동부산오시리아점"", ""address_input"": ""부산광역시 기장군 기장읍 기장대로 67""}"
ba_14782607,naver_place,1.0,1,,5,2,"{""found_in_local"": true, ""local_rank"": 1, ""first_title"": ""굽네치킨 경산중방점"", ""address_input"": ""경상북도 경산시 남매공원로1길 12""}"
ba_14783137,naver_place,1.0,1,,7,1,"{""found_in_local"": true, ""local_rank"": 1, ""first_title"": ""굽네치킨 포천이동점"", ""address_input"": ""경기도 포천시 이동면 장암1길 31-1""}"
ba_14783436,naver_place,1.0,1,,22,1,"{""found_in_local"": true, ""local_rank"": 1, ""first_title"": ""본 죽&amp;비빔밥 마산합포오동점"", ""address_input"": ""경상남도 창원시 마산합포구 회원천북길 491""}"
ba_14783596,naver_place,1.0,3,,65,48,"{""found_in_local"": true, ""local_rank"": 1, ""first_title"": ""굽네치킨 부산사상점"", ""address_input"": ""부산광역시 사상구 사상로202번길 6""}"
ba_14785504,naver_place,1.0,1,,14,6,"{""found_in_local"": true, ""local_rank"": 1, ""first_title"": ""본죽&amp;비빔밥 증평점"", ""address_input"": ""충청북도 증평군 증평읍 중앙로 194-5""}"
ba_14786815,naver_place,1.0,1,,13,1,"{""found_in_local"": true, ""local_rank"": 1, ""first_title"": ""본 죽&amp;비빔밥 부산남천동점"", ""address_input"": ""부산광역시 수영구 수영로 377""}"
ba_14787229,naver_place,1.0,1,,33,1,"{""found_in_local"": true, ""local_rank"": 1, ""first_title"": ""본죽&amp;비빔밥cafe 수원호매실화홍병원점"", ""address_input"": ""경기도 수원시 권선구 호매실로90번길 86""}"
ba_14787776,naver_place,1.0,1,,7,3,"{""found_in_local"": true, ""local_rank"": 1, ""first_title"": ""굽네치킨 지제동삭점"", ""address_input"": ""경기도 평택시 상서재로5길 15""}"
ba_14788152,naver_place,0.0,5,,6,4,"{""found_in_local"": false, ""local_rank"": null, ""first_title"": ""굽네치킨 부산초읍점"", ""address_input"": ""부산광역시 부산진구 초읍천로108번길 73""}"
ba_14788494,naver_place,1.0,1,,35,8,"{""found_in_local"": true, ""local_rank"": 1, ""first_title"": ""굽네치킨 경화태백점"", ""address_input"": ""경상남도 창원시 진해구 중초로 37""}"
ba_14788679,naver_place,1.0,1,,23,7,"{""found_in_local"": true, ""local_rank"": 1, ""first_title"": ""본죽&amp;비빔밥 안산선부점"", ""address_input"": ""경기도 안산시 단원구 선부광장1로 56""}"
ba_14789833,naver_place,1.0,5,,37,3,"{""found_in_local"": true, ""local_rank"": 1, ""first_title"": ""굽네치킨 순천풍덕점"", ""address_input"": ""전라남도 순천시 남산로 153""}"
ba_14789844,naver_place,1.0,1,,3,2,"{""found_in_local"": true, ""local_rank"": 1, ""first_title"": ""굽네치킨 부산우2동점"", ""address_input"": ""부산광역시 해운대구 해운대로 361""}"
ba_14791302,naver_place,1.0,5,,17,4,"{""found_in_local"": true, ""local_rank"": 1, ""first_title"": ""굽네치킨 부산초읍점"", ""address_input"": ""부산광역시 부산진구 초읍천로108번길 73""}"
ba_14791437,naver_place,1.0,1,,7,15,"{""found_in_local"": true, ""local_rank"": 1, ""first_title"": ""굽네치킨 신수점"", ""address_input"": ""서울특별시 마포구 토정로18길 11""}"
ba_14792754,naver_place,1.0,1,,25,15,"{""found_in_local"": true, ""local_rank"": 1, ""first_title"": ""굽네치킨 용인보라점"", ""address_input"": ""경기도 용인시 기흥구 한보라1로 42-4""}"
ba_14793023,naver_place,1.0,1,,0,0,"{""found_in_local"": true, ""local_rank"": 1, ""first_title"": ""본죽&amp;비빔밥 장호원점"", ""address_input"": ""경기도 이천시 장호원읍 장감로 60""}"
ba_14794083,naver_place,1.0,1,,587,208,"{""found_in_local"": true, ""local_rank"": 1, ""first_title"": ""본죽&amp;비빔밥 부산광안역점"", ""address_input"": ""부산광역시 수영구 수영로588번길 7""}"
ba_14794547,naver_place,1.0,1,,16,6,"{""found_in_local"": true, ""local_rank"": 1, ""first_title"": ""굽네치킨 전농동점"", ""address_input"": ""서울특별시 동대문구 망우로 67""}"
ba_14795104,naver_place,0.0,0,,5,2,"{""found_in_local"": false, ""local_rank"": null, ""first_title"": null, ""address_input"": ""서울특별시 금천구 독산로74길 24""}"
ba_14795563,naver_place,1.0,1,,6,5,"{""found_in_local"": true, ""local_rank"": 1, ""first_title"": ""본죽&amp;비빔밥 잠원역점"", ""address_input"": ""서울특별시 서초구 잠원로4길 50""}"
ba_14796833,naver_place,0.0,0,,0,0,"{""found_in_local"": false, ""local_rank"": null, ""first_title"": null, ""address_input"": ""전라남도 광양시 성황6길 14""}"
ba_14796835,naver_place,1.0,3,,10,8,"{""found_in_local"": true, ""local_rank"": 1, ""first_title"": ""굽네치킨 부산모라점"", ""address_input"": ""부산광역시 사상구 백양대로 916""}"
ba_14797330,naver_place,1.0,1,,13,2,"{""found_in_local"": true, ""local_rank"": 1, ""first_title"": ""굽네치킨 진주초전점"", ""address_input"": ""경상남도 진주시 초전북로61번길 12-1""}"
ba_14797390,naver_place,1.0,1,,8,3,"{""found_in_local"": true, ""local_rank"": 1, ""first_title"": ""굽네치킨 수원연무점"", ""address_input"": ""경기도 수원시 장안구 창훈로60번길 29""}"
ba_14797999,naver_place,1.0,3,,53,8,"{""found_in_local"": true, ""local_rank"": 1, ""first_title"": ""굽네치킨 신수점"", ""address_input"": ""서울특별시 마포구 백범로 109""}"
ba_14798760,naver_place,1.0,1,,5,4,"{""found_in_local"": true, ""local_rank"": 1, ""first_title"": ""굽네치킨 도래울점"", ""address_input"": ""경기도 고양시 덕양구 도래울2로 9-1""}"
ba_14798893,naver_place,1.0,1,,3,0,"{""found_in_local"": true, ""local_rank"": 1, ""first_title"": ""본죽&amp;비빔밥 남양주퇴계원점"", ""address_input"": ""경기도 남양주시 퇴계원읍 퇴계원로 21""}"
ba_14798894,naver_place,1.0,1,,3,0,"{""found_in_local"": true, ""local_rank"": 1, ""first_title"": ""본죽&amp;비빔밥 남양주퇴계원점"", ""address_input"": ""경기도 남양주시 퇴계원읍 퇴계원로 21""}"
ba_14799070,naver_place,1.0,5,,3,3,"{""found_in_local"": true, ""local_rank"": 1, ""first_title"": ""굽네치킨 나주혁신도시점"", ""address_input"": ""전라남도 나주시 중앙로 20""}"
ba_14799629,naver_place,1.0,1,,10,5,"{""found_in_local"": true, ""local_rank"": 1, ""first_title"": ""굽네치킨 수원신동점"", ""address_input"": ""경기도 수원시 영통구 덕영대로1499번길 79""}"
ba_14799660,naver_place,1.0,1,,115,48,"{""found_in_local"": true, ""local_rank"": 1, ""first_title"": ""본 죽&amp;비빔밥 의정부역점(보룡약국 옆 이전)"", ""address_input"": ""경기도 의정부시 시민로131번길 62""}"
ba_14799661,naver_place,1.0,1,,115,48,"{""found_in_local"": true, ""local_rank"": 1, ""first_title"": ""본 죽&amp;비빔밥 의정부역점(보룡약국 옆 이전)"", ""address_input"": ""경기도 의정부시 시민로131번길 62""}"
ba_14800284,naver_place,1.0,1,,14,11,"{""found_in_local"": true, ""local_rank"": 1, ""first_title"": ""굽네치킨 광주양산점"", ""address_input"": ""광주광역시 북구 양산택지로 89""}"
ba_14800652,naver_place,1.0,1,,128,12,"{""found_in_local"": true, ""local_rank"": 1, ""first_title"": ""본죽&amp;비빔밥 내방역점"", ""address_input"": ""서울특별시 서초구 방배로 195""}"
ba_14801006,naver_place,1.0,5,,25,20,"{""found_in_local"": true, ""local_rank"": 1, ""first_title"": ""굽네치킨 상봉점"", ""address_input"": ""서울특별시 중랑구 면목로 465""}"
ba_14801139,naver_place,1.0,1,,6,0,"{""found_in_local"": true, ""local_rank"": 1, ""first_title"": ""굽네치킨 김해율하스타점"", ""address_input"": ""경상남도 김해시 율하숲길 16""}"
ba_14801362,naver_place,1.0,1,,431,7,"{""found_in_local"": true, ""local_rank"": 1, ""first_title"": ""본죽&amp;비빔밥 청주지웰시티점"", ""address_input"": ""충청북도 청주시 흥덕구 대농로 33""}"
ba_14803437,naver_place,1.0,1,,2,0,"{""found_in_local"": true, ""local_rank"": 1, ""first_title"": ""굽네치킨 창원명곡대원점"", ""address_input"": ""경상남도 창원시 의창구 지귀로 38""}"
ba_14808489,naver_place,1.0,1,,2,0,"{""found_in_local"": true, ""local_rank"": 1, ""first_title"": ""굽네치킨 전주서학점"", ""address_input"": ""전북특별자치도 전주시 완산구 장승배기로 341""}"
ba_14809478,naver_place,1.0,1,,3,1,"{""found_in_local"": true, ""local_rank"": 1, ""first_title"": ""굽네치킨 권선1동점"", ""address_input"": ""경기도 수원시 권선구 경수대로338번길 17""}"
ba_14809544,naver_place,1.0,1,,29,14,"{""found_in_local"": true, ""local_rank"": 1, ""first_title"": ""굽네치킨 송도4동점"", ""address_input"": ""인천광역시 연수구 인천타워대로 323""}"
ba_14809938,naver_place,0.0,0,,7,1,"{""found_in_local"": false, ""local_rank"": null, ""first_title"": null, ""address_input"": ""서울특별시 강남구 논현로34길 20""}"
ba_14809961,naver_place,1.0,2,,10,12,"{""found_in_local"": true, ""local_rank"": 1, ""first_title"": ""굽네치킨 창원소답점"", ""address_input"": ""경상남도 창원시 의창구 읍성로89번길 2""}"
ba_14810162,naver_place,1.0,2,,37,27,"{""found_in_local"": true, ""local_rank"": 1, ""first_title"": ""굽네치킨 서현역점"", ""address_input"": ""경기도 성남시 분당구 중앙공원로31번길 42""}"
ba_14810163,naver_place,1.0,2,,40,28,"{""found_in_local"": true, ""local_rank"": 1, ""first_title"": ""굽네치킨 서현역점"", ""address_input"": ""경기도 성남시 분당구 중앙공원로31번길 42""}"
ba_14810724,naver_place,1.0,1,,3,0,"{""found_in_local"": true, ""local_rank"": 1, ""first_title"": ""굽네치킨 동대구해모로점"", ""address_input"": ""대구광역시 동구 동북로75길 13""}"
ba_14812126,naver_place,1.0,1,,6,0,"{""found_in_local"": true, ""local_rank"": 1, ""first_title"": ""본죽&amp;비빔밥 가평설악점"", ""address_input"": ""경기도 가평군 설악면 신천중앙로 118-1""}"
ba_14812426,naver_place,1.0,1,,28,0,"{""found_in_local"": true, ""local_rank"": 1, ""first_title"": ""본 죽&amp;비빔밥 대전선화점"", ""address_input"": ""대전광역시 중구 대종로594번길 51""}"
ba_14812430,naver_place,1.0,1,,28,0,"{""found_in_local"": true, ""local_rank"": 1, ""first_title"": ""본 죽&amp;비빔밥 대전선화점"", ""address_input"": ""대전광역시 중구 대종로594번길 51""}"
ba_14818313,naver_place,1.0,1,,10,1,"{""found_in_local"": true, ""local_rank"": 1, ""first_title"": ""본 죽&amp;비빔밥 대전복수점"", ""address_input"": ""대전광역시 서구 복수동로 54""}"
ba_14818314,naver_place,1.0,1,,10,1,"{""found_in_local"": true, ""local_rank"": 1, ""first_title"": ""본 죽&amp;비빔밥 대전복수점"", ""address_input"": ""대전광역시 서구 복수동로 54""}"
