platform_shop_id,source,visibility_score,review_count,avg_rating,blog_mention_30d,sns_mention_30d,raw,tot_ppltn,avg_age,tot_household,adm_cd
ba_10015935,sgis_population,,,,,,"{""tot_ppltn"": 214516, ""avg_age"": 43.8, ""tot_household"": 0, ""adm_cd"": ""38111"", ""adm_nm"": ""창원시 의창구"", ""matched_level"": ""sigungu""}",214516,43.8,0,38111
ba_10016162,sgis_population,,,,,,"{""tot_ppltn"": 243412, ""avg_age"": 42.0, ""tot_household"": 0, ""adm_cd"": ""38112"", ""adm_nm"": ""창원시 성산구"", ""matched_level"": ""sigungu""}",243412,42.0,0,38112
ba_10019194,sgis_population,,,,,,"{""tot_ppltn"": 171779, ""avg_age"": 45.1, ""tot_household"": 0, ""adm_cd"": ""25050"", ""adm_nm"": ""대덕구"", ""matched_level"": ""sigungu""}",171779,45.1,0,25050
ba_10019807,sgis_population,,,,,,"{""tot_ppltn"": 270951, ""avg_age"": 46.3, ""tot_household"": 0, ""adm_cd"": ""21080"", ""adm_nm"": ""북구"", ""matched_level"": ""sigungu""}",270951,46.3,0,21080
ba_10020109,sgis_population,,,,,,"{""tot_ppltn"": 109389, ""avg_age"": 49.7, ""tot_household"": 0, ""adm_cd"": ""21040"", ""adm_nm"": ""영도구"", ""matched_level"": ""sigungu""}",109389,49.7,0,21040
ba_10022124,sgis_population,,,,,,"{""tot_ppltn"": 498558, ""avg_age"": 44.6, ""tot_household"": 0, ""adm_cd"": ""23060"", ""adm_nm"": ""부평구"", ""matched_level"": ""sigungu""}",498558,44.6,0,23060
ba_10024499,sgis_population,,,,,,"{""tot_ppltn"": 96890, ""avg_age"": 49.6, ""tot_household"": 0, ""adm_cd"": ""34030"", ""adm_nm"": ""보령시"", ""matched_level"": ""sigungu""}",96890,49.6,0,34030
ba_10040420,sgis_population,,,,,,"{""tot_ppltn"": 548672, ""avg_age"": 41.9, ""tot_household"": 0, ""adm_cd"": ""38070"", ""adm_nm"": ""김해시"", ""matched_level"": ""sigungu""}",548672,41.9,0,38070
ba_10040590,sgis_population,,,,,,"{""tot_ppltn"": 269641, ""avg_age"": 43.0, ""tot_household"": 0, ""adm_cd"": ""31260"", ""adm_nm"": ""양주시"", ""matched_level"": ""sigungu""}",269641,43.0,0,31260
ba_10040621,sgis_population,,,,,,"{""tot_ppltn"": 203534, ""avg_age"": 45.2, ""tot_household"": 0, ""adm_cd"": ""26010"", ""adm_nm"": ""중구"", ""matched_level"": ""sigungu""}",203534,45.2,0,26010
ba_10040679,sgis_population,,,,,,"{""tot_ppltn"": 348272, ""avg_age"": 43.8, ""tot_household"": 0, ""adm_cd"": ""38030"", ""adm_nm"": ""진주시"", ""matched_level"": ""sigungu""}",348272,43.8,0,38030
ba_10040685,sgis_population,,,,,,"{""tot_ppltn"": 214516, ""avg_age"": 43.8, ""tot_household"": 0, ""adm_cd"": ""38111"", ""adm_nm"": ""창원시 의창구"", ""matched_level"": ""sigungu""}",214516,43.8,0,38111
ba_10041246,sgis_population,,,,,,"{""tot_ppltn"": 452988, ""avg_age"": 45.2, ""tot_household"": 0, ""adm_cd"": ""11120"", ""adm_nm"": ""은평구"", ""matched_level"": ""sigungu""}",452988,45.2,0,11120
ba_10204887,sgis_population,,,,,,"{""tot_ppltn"": 396295, ""avg_age"": 44.3, ""tot_household"": 0, ""adm_cd"": ""22060"", ""adm_nm"": ""수성구"", ""matched_level"": ""sigungu""}",396295,44.3,0,22060
ba_10401021,sgis_population,,,,,,"{""tot_ppltn"": 245860, ""avg_age"": 45.7, ""tot_household"": 0, ""adm_cd"": ""11180"", ""adm_nm"": ""금천구"", ""matched_level"": ""sigungu""}",245860,45.7,0,11180
ba_10416959,sgis_population,,,,,,"{""tot_ppltn"": 210665, ""avg_age"": 44.6, ""tot_household"": 0, ""adm_cd"": ""31022"", ""adm_nm"": ""성남시 중원구"", ""matched_level"": ""sigungu""}",210665,44.6,0,31022
ba_10418082,sgis_population,,,,,,"{""tot_ppltn"": 267392, ""avg_age"": 45.9, ""tot_household"": 0, ""adm_cd"": ""36020"", ""adm_nm"": ""여수시"", ""matched_level"": ""sigungu""}",267392,45.9,0,36020
ba_10432360,sgis_population,,,,,,"{""tot_ppltn"": 100479, ""avg_age"": 49.9, ""tot_household"": 0, ""adm_cd"": ""37060"", ""adm_nm"": ""영주시"", ""matched_level"": ""sigungu""}",100479,49.9,0,37060
ba_10469515,sgis_population,,,,,,"{""tot_ppltn"": 539884, ""avg_age"": 43.9, ""tot_household"": 0, ""adm_cd"": ""22070"", ""adm_nm"": ""달서구"", ""matched_level"": ""sigungu""}",539884,43.9,0,22070
ba_10476209,sgis_population,,,,,,"{""tot_ppltn"": 109008, ""avg_age"": 47.5, ""tot_household"": 0, ""adm_cd"": ""38060"", ""adm_nm"": ""사천시"", ""matched_level"": ""sigungu""}",109008,47.5,0,38060
ba_10497667,sgis_population,,,,,,"{""tot_ppltn"": 292504, ""avg_age"": 44.0, ""tot_household"": 0, ""adm_cd"": ""32010"", ""adm_nm"": ""춘천시"", ""matched_level"": ""sigungu""}",292504,44.0,0,32010
ba_10499851,sgis_population,,,,,,"{""tot_ppltn"": 103883, ""avg_age"": 48.5, ""tot_household"": 0, ""adm_cd"": ""21020"", ""adm_nm"": ""서구"", ""matched_level"": ""sigungu""}",103883,48.5,0,21020
ba_10501929,sgis_population,,,,,,"{""tot_ppltn"": 266458, ""avg_age"": 45.5, ""tot_household"": 0, ""adm_cd"": ""37012"", ""adm_nm"": ""포항시 북구"", ""matched_level"": ""sigungu""}",266458,45.5,0,37012
ba_10509105,sgis_population,,,,,,"{""tot_ppltn"": 131583, ""avg_age"": 47.5, ""tot_household"": 0, ""adm_cd"": ""33030"", ""adm_nm"": ""제천시"", ""matched_level"": ""sigungu""}",131583,47.5,0,33030
ba_10571616,sgis_population,,,,,,"{""tot_ppltn"": 355999, ""avg_age"": 43.2, ""tot_household"": 0, ""adm_cd"": ""11060"", ""adm_nm"": ""동대문구"", ""matched_level"": ""sigungu""}",355999,43.2,0,11060
ba_10580903,sgis_population,,,,,,"{""tot_ppltn"": 432874, ""avg_age"": 43.2, ""tot_household"": 0, ""adm_cd"": ""11080"", ""adm_nm"": ""성북구"", ""matched_level"": ""sigungu""}",432874,43.2,0,11080
ba_10583009,sgis_population,,,,,,"{""tot_ppltn"": 432033, ""avg_age"": 43.2, ""tot_household"": 0, ""adm_cd"": ""24040"", ""adm_nm"": ""북구"", ""matched_level"": ""sigungu""}",432033,43.2,0,24040
ba_10597203,sgis_population,,,,,,"{""tot_ppltn"": 284014, ""avg_age"": 43.5, ""tot_household"": 0, ""adm_cd"": ""24020"", ""adm_nm"": ""서구"", ""matched_level"": ""sigungu""}",284014,43.5,0,24020
ba_10604883,sgis_population,,,,,,"{""tot_ppltn"": 238671, ""avg_age"": 42.0, ""tot_household"": 0, ""adm_cd"": ""38090"", ""adm_nm"": ""거제시"", ""matched_level"": ""sigungu""}",238671,42.0,0,38090
ba_10605803,sgis_population,,,,,,"{""tot_ppltn"": 500087, ""avg_age"": 44.0, ""tot_household"": 0, ""adm_cd"": ""23050"", ""adm_nm"": ""남동구"", ""matched_level"": ""sigungu""}",500087,44.0,0,23050
ba_10620671,sgis_population,,,,,,"{""tot_ppltn"": 211536, ""avg_age"": 44.2, ""tot_household"": 0, ""adm_cd"": ""24030"", ""adm_nm"": ""남구"", ""matched_level"": ""sigungu""}",211536,44.2,0,24030
ba_10627648,sgis_population,,,,,,"{""tot_ppltn"": 92990, ""avg_age"": 52.2, ""tot_household"": 0, ""adm_cd"": ""37080"", ""adm_nm"": ""상주시"", ""matched_level"": ""sigungu""}",92990,52.2,0,37080
ba_10636815,sgis_population,,,,,,"{""tot_ppltn"": 47655, ""avg_age"": 51.4, ""tot_household"": 0, ""adm_cd"": ""36660"", ""adm_nm"": ""완도군"", ""matched_level"": ""sigungu""}",47655,51.4,0,36660
ba_10636817,sgis_population,,,,,,"{""tot_ppltn"": 355412, ""avg_age"": 42.9, ""tot_household"": 0, ""adm_cd"": ""38100"", ""adm_nm"": ""양산시"", ""matched_level"": ""sigungu""}",355412,42.9,0,38100
ba_10638951,sgis_population,,,,,,"{""tot_ppltn"": 100492, ""avg_age"": 50.6, ""tot_household"": 0, ""adm_cd"": ""37070"", ""adm_nm"": ""영천시"", ""matched_level"": ""sigungu""}",100492,50.6,0,37070
ba_10657170,sgis_population,,,,,,"{""tot_ppltn"": 621848, ""avg_age"": 40.7, ""tot_household"": 0, ""adm_cd"": ""23080"", ""adm_nm"": ""서구"", ""matched_level"": ""sigungu""}",621848,40.7,0,23080
ba_10685624,sgis_population,,,,,,"{""tot_ppltn"": 432033, ""avg_age"": 43.2, ""tot_household"": 0, ""adm_cd"": ""24040"", ""adm_nm"": ""북구"", ""matched_level"": ""sigungu""}",432033,43.2,0,24040
ba_10698232,sgis_population,,,,,,"{""tot_ppltn"": 335589, ""avg_age"": 46.1, ""tot_household"": 0, ""adm_cd"": ""22020"", ""adm_nm"": ""동구"", ""matched_level"": ""sigungu""}",335589,46.1,0,22020
ba_10698315,sgis_population,,,,,,"{""tot_ppltn"": 100479, ""avg_age"": 49.9, ""tot_household"": 0, ""adm_cd"": ""37060"", ""adm_nm"": ""영주시"", ""matched_level"": ""sigungu""}",100479,49.9,0,37060
ba_10705443,sgis_population,,,,,,"{""tot_ppltn"": 238671, ""avg_age"": 42.0, ""tot_household"": 0, ""adm_cd"": ""38090"", ""adm_nm"": ""거제시"", ""matched_level"": ""sigungu""}",238671,42.0,0,38090
ba_10706208,sgis_population,,,,,,"{""tot_ppltn"": 370849, ""avg_age"": 45.7, ""tot_household"": 0, ""adm_cd"": ""21090"", ""adm_nm"": ""해운대구"", ""matched_level"": ""sigungu""}",370849,45.7,0,21090
ba_10739524,sgis_population,,,,,,"{""tot_ppltn"": 45789, ""avg_age"": 52.6, ""tot_household"": 0, ""adm_cd"": ""32520"", ""adm_nm"": ""횡성군"", ""matched_level"": ""sigungu""}",45789,52.6,0,32520
ba_10739556,sgis_population,,,,,,"{""tot_ppltn"": 355412, ""avg_age"": 42.9, ""tot_household"": 0, ""adm_cd"": ""38100"", ""adm_nm"": ""양산시"", ""matched_level"": ""sigungu""}",355412,42.9,0,38100
ba_10750970,sgis_population,,,,,,"{""tot_ppltn"": 281394, ""avg_age"": 40.5, ""tot_household"": 0, ""adm_cd"": ""33043"", ""adm_nm"": ""청주시 흥덕구"", ""matched_level"": ""sigungu""}",281394,40.5,0,33043
ba_10759478,sgis_population,,,,,,"{""tot_ppltn"": 157071, ""avg_age"": 42.5, ""tot_household"": 0, ""adm_cd"": ""26030"", ""adm_nm"": ""동구"", ""matched_level"": ""sigungu""}",157071,42.5,0,26030
ba_10768614,sgis_population,,,,,,"{""tot_ppltn"": 243412, ""avg_age"": 42.0, ""tot_household"": 0, ""adm_cd"": ""38112"", ""adm_nm"": ""창원시 성산구"", ""matched_level"": ""sigungu""}",243412,42.0,0,38112
ba_10771255,sgis_population,,,,,,"{""tot_ppltn"": 131583, ""avg_age"": 47.5, ""tot_household"": 0, ""adm_cd"": ""33030"", ""adm_nm"": ""제천시"", ""matched_level"": ""sigungu""}",131583,47.5,0,33030
ba_10774000,sgis_population,,,,,,"{""tot_ppltn"": 308537, ""avg_age"": 43.3, ""tot_household"": 0, ""adm_cd"": ""26020"", ""adm_nm"": ""남구"", ""matched_level"": ""sigungu""}",308537,43.3,0,26020
ba_10774794,sgis_population,,,,,,"{""tot_ppltn"": 394667, ""avg_age"": 43.0, ""tot_household"": 0, ""adm_cd"": ""31250"", ""adm_nm"": ""광주시"", ""matched_level"": ""sigungu""}",394667,43.0,0,31250
ba_10776500,sgis_population,,,,,,"{""tot_ppltn"": 549557, ""avg_age"": 43.8, ""tot_household"": 0, ""adm_cd"": ""11160"", ""adm_nm"": ""강서구"", ""matched_level"": ""sigungu""}",549557,43.8,0,11160
ba_10798649,sgis_population,,,,,,"{""tot_ppltn"": 446561, ""avg_age"": 43.7, ""tot_household"": 0, ""adm_cd"": ""11250"", ""adm_nm"": ""강동구"", ""matched_level"": ""sigungu""}",446561,43.7,0,11250
ba_10800862,sgis_population,,,,,,"{""tot_ppltn"": 630744, ""avg_age"": 42.9, ""tot_household"": 0, ""adm_cd"": ""11240"", ""adm_nm"": ""송파구"", ""matched_level"": ""sigungu""}",630744,42.9,0,11240
ba_10821092,sgis_population,,,,,,"{""tot_ppltn"": 414941, ""avg_age"": 44.5, ""tot_household"": 0, ""adm_cd"": ""23090"", ""adm_nm"": ""미추홀구"", ""matched_level"": ""sigungu""}",414941,44.5,0,23090
ba_10840065,sgis_population,,,,,,"{""tot_ppltn"": 413907, ""avg_age"": 39.1, ""tot_household"": 0, ""adm_cd"": ""34012"", ""adm_nm"": ""천안시 서북구"", ""matched_level"": ""sigungu""}",413907,39.1,0,34012
ba_10841421,sgis_population,,,,,,"{""tot_ppltn"": 211665, ""avg_age"": 43.6, ""tot_household"": 0, ""adm_cd"": ""31013"", ""adm_nm"": ""수원시 팔달구"", ""matched_level"": ""sigungu""}",211665,43.6,0,31013
ba_10841883,sgis_population,,,,,,"{""tot_ppltn"": 353190, ""avg_age"": 42.5, ""tot_household"": 0, ""adm_cd"": ""31092"", ""adm_nm"": ""안산시 단원구"", ""matched_level"": ""sigungu""}",353190,42.5,0,31092
ba_10872945,sgis_population,,,,,,"{""tot_ppltn"": 430146, ""avg_age"": 43.5, ""tot_household"": 0, ""adm_cd"": ""22050"", ""adm_nm"": ""북구"", ""matched_level"": ""sigungu""}",430146,43.5,0,22050
ba_12014214,sgis_population,,,,,,"{""tot_ppltn"": 230134, ""avg_age"": 44.3, ""tot_household"": 0, ""adm_cd"": ""25010"", ""adm_nm"": ""동구"", ""matched_level"": ""sigungu""}",230134,44.3,0,25010
ba_12015187,sgis_population,,,,,,"{""tot_ppltn"": 432874, ""avg_age"": 43.2, ""tot_household"": 0, ""adm_cd"": ""11080"", ""adm_nm"": ""성북구"", ""matched_level"": ""sigungu""}",432874,43.2,0,11080
ba_12016615,sgis_population,,,,,,"{""tot_ppltn"": 308537, ""avg_age"": 43.3, ""tot_household"": 0, ""adm_cd"": ""26020"", ""adm_nm"": ""남구"", ""matched_level"": ""sigungu""}",308537,43.3,0,26020
ba_12018905,sgis_population,,,,,,"{""tot_ppltn"": 238671, ""avg_age"": 42.0, ""tot_household"": 0, ""adm_cd"": ""38090"", ""adm_nm"": ""거제시"", ""matched_level"": ""sigungu""}",238671,42.0,0,38090
ba_12019541,sgis_population,,,,,,"{""tot_ppltn"": 355412, ""avg_age"": 42.9, ""tot_household"": 0, ""adm_cd"": ""38100"", ""adm_nm"": ""양산시"", ""matched_level"": ""sigungu""}",355412,42.9,0,38100
ba_12020564,sgis_population,,,,,,"{""tot_ppltn"": 238671, ""avg_age"": 42.0, ""tot_household"": 0, ""adm_cd"": ""38090"", ""adm_nm"": ""거제시"", ""matched_level"": ""sigungu""}",238671,42.0,0,38090
ba_12029686,sgis_population,,,,,,"{""tot_ppltn"": 117012, ""avg_age"": 45.3, ""tot_household"": 0, ""adm_cd"": ""36040"", ""adm_nm"": ""나주시"", ""matched_level"": ""sigungu""}",117012,45.3,0,36040
ba_13003575,sgis_population,,,,,,"{""tot_ppltn"": 267392, ""avg_age"": 45.9, ""tot_household"": 0, ""adm_cd"": ""36020"", ""adm_nm"": ""여수시"", ""matched_level"": ""sigungu""}",267392,45.9,0,36020
ba_13052096,sgis_population,,,,,,"{""tot_ppltn"": 423397, ""avg_age"": 45.3, ""tot_household"": 0, ""adm_cd"": ""11170"", ""adm_nm"": ""구로구"", ""matched_level"": ""sigungu""}",423397,45.3,0,11170
ba_13056957,sgis_population,,,,,,"{""tot_ppltn"": 621848, ""avg_age"": 40.7, ""tot_household"": 0, ""adm_cd"": ""23080"", ""adm_nm"": ""서구"", ""matched_level"": ""sigungu""}",621848,40.7,0,23080
ba_13062668,sgis_population,,,,,,"{""tot_ppltn"": 266458, ""avg_age"": 45.5, ""tot_household"": 0, ""adm_cd"": ""37012"", ""adm_nm"": ""포항시 북구"", ""matched_level"": ""sigungu""}",266458,45.5,0,37012
ba_13076527,sgis_population,,,,,,"{""tot_ppltn"": 299931, ""avg_age"": 47.0, ""tot_household"": 0, ""adm_cd"": ""11100"", ""adm_nm"": ""도봉구"", ""matched_level"": ""sigungu""}",299931,47.0,0,11100
ba_13081281,sgis_population,,,,,,"{""tot_ppltn"": 157324, ""avg_age"": 41.9, ""tot_household"": 0, ""adm_cd"": ""23010"", ""adm_nm"": ""중구"", ""matched_level"": ""sigungu""}",157324,41.9,0,23010
ba_13085339,sgis_population,,,,,,"{""tot_ppltn"": 549557, ""avg_age"": 43.8, ""tot_household"": 0, ""adm_cd"": ""11160"", ""adm_nm"": ""강서구"", ""matched_level"": ""sigungu""}",549557,43.8,0,11160
ba_13103901,sgis_population,,,,,,"{""tot_ppltn"": 117012, ""avg_age"": 45.3, ""tot_household"": 0, ""adm_cd"": ""36040"", ""adm_nm"": ""나주시"", ""matched_level"": ""sigungu""}",117012,45.3,0,36040
ba_13168465,sgis_population,,,,,,"{""tot_ppltn"": 203534, ""avg_age"": 45.2, ""tot_household"": 0, ""adm_cd"": ""26010"", ""adm_nm"": ""중구"", ""matched_level"": ""sigungu""}",203534,45.2,0,26010
ba_13181486,sgis_population,,,,,,"{""tot_ppltn"": 413907, ""avg_age"": 39.1, ""tot_household"": 0, ""adm_cd"": ""34012"", ""adm_nm"": ""천안시 서북구"", ""matched_level"": ""sigungu""}",413907,39.1,0,34012
ba_13181699,sgis_population,,,,,,"{""tot_ppltn"": 496323, ""avg_age"": 40.9, ""tot_household"": 0, ""adm_cd"": ""31230"", ""adm_nm"": ""김포시"", ""matched_level"": ""sigungu""}",496323,40.9,0,31230
ba_13181719,sgis_population,,,,,,"{""tot_ppltn"": 112465, ""avg_age"": 44.7, ""tot_household"": 0, ""adm_cd"": ""37590"", ""adm_nm"": ""칠곡군"", ""matched_level"": ""sigungu""}",112465,44.7,0,37590
ba_13181957,sgis_population,,,,,,"{""tot_ppltn"": 413907, ""avg_age"": 39.1, ""tot_household"": 0, ""adm_cd"": ""34012"", ""adm_nm"": ""천안시 서북구"", ""matched_level"": ""sigungu""}",413907,39.1,0,34012
ba_13182018,sgis_population,,,,,,"{""tot_ppltn"": 272041, ""avg_age"": 43.6, ""tot_household"": 0, ""adm_cd"": ""36030"", ""adm_nm"": ""순천시"", ""matched_level"": ""sigungu""}",272041,43.6,0,36030
ba_13182129,sgis_population,,,,,,"{""tot_ppltn"": 275944, ""avg_age"": 42.6, ""tot_household"": 0, ""adm_cd"": ""34011"", ""adm_nm"": ""천안시 동남구"", ""matched_level"": ""sigungu""}",275944,42.6,0,34011
ba_13186079,sgis_population,,,,,,"{""tot_ppltn"": 243832, ""avg_age"": 40.3, ""tot_household"": 0, ""adm_cd"": ""31140"", ""adm_nm"": ""오산시"", ""matched_level"": ""sigungu""}",243832,40.3,0,31140
ba_13188150,sgis_population,,,,,,"{""tot_ppltn"": 495553, ""avg_age"": 42.5, ""tot_household"": 0, ""adm_cd"": ""39010"", ""adm_nm"": ""제주시"", ""matched_level"": ""sigungu""}",495553,42.5,0,39010
ba_13189796,sgis_population,,,,,,"{""tot_ppltn"": 376632, ""avg_age"": 40.1, ""tot_household"": 0, ""adm_cd"": ""34040"", ""adm_nm"": ""아산시"", ""matched_level"": ""sigungu""}",376632,40.1,0,34040
ba_13189894,sgis_population,,,,,,"{""tot_ppltn"": 355412, ""avg_age"": 42.9, ""tot_household"": 0, ""adm_cd"": ""38100"", ""adm_nm"": ""양산시"", ""matched_level"": ""sigungu""}",355412,42.9,0,38100
ba_13193158,sgis_population,,,,,,"{""tot_ppltn"": 621848, ""avg_age"": 40.7, ""tot_household"": 0, ""adm_cd"": ""23080"", ""adm_nm"": ""서구"", ""matched_level"": ""sigungu""}",621848,40.7,0,23080
ba_13199208,sgis_population,,,,,,"{""tot_ppltn"": 223371, ""avg_age"": 44.5, ""tot_household"": 0, ""adm_cd"": ""26510"", ""adm_nm"": ""울주군"", ""matched_level"": ""sigungu""}",223371,44.5,0,26510
ba_13199335,sgis_population,,,,,,"{""tot_ppltn"": 214918, ""avg_age"": 40.0, ""tot_household"": 0, ""adm_cd"": ""26040"", ""adm_nm"": ""북구"", ""matched_level"": ""sigungu""}",214918,40.0,0,26040
ba_13199394,sgis_population,,,,,,"{""tot_ppltn"": 308537, ""avg_age"": 43.3, ""tot_household"": 0, ""adm_cd"": ""26020"", ""adm_nm"": ""남구"", ""matched_level"": ""sigungu""}",308537,43.3,0,26020
ba_13199864,sgis_population,,,,,,"{""tot_ppltn"": 157071, ""avg_age"": 42.5, ""tot_household"": 0, ""adm_cd"": ""26030"", ""adm_nm"": ""동구"", ""matched_level"": ""sigungu""}",157071,42.5,0,26030
ba_13200219,sgis_population,,,,,,"{""tot_ppltn"": 210390, ""avg_age"": 43.8, ""tot_household"": 0, ""adm_cd"": ""31220"", ""adm_nm"": ""안성시"", ""matched_level"": ""sigungu""}",210390,43.8,0,31220
ba_13200236,sgis_population,,,,,,"{""tot_ppltn"": 716123, ""avg_age"": 43.0, ""tot_household"": 0, ""adm_cd"": ""31130"", ""adm_nm"": ""남양주시"", ""matched_level"": ""sigungu""}",716123,43.0,0,31130
ba_13203399,sgis_population,,,,,,"{""tot_ppltn"": 181214, ""avg_age"": 45.7, ""tot_household"": 0, ""adm_cd"": ""39020"", ""adm_nm"": ""서귀포시"", ""matched_level"": ""sigungu""}",181214,45.7,0,39020
ba_13207953,sgis_population,,,,,,"{""tot_ppltn"": 348160, ""avg_age"": 42.8, ""tot_household"": 0, ""adm_cd"": ""11050"", ""adm_nm"": ""광진구"", ""matched_level"": ""sigungu""}",348160,42.8,0,11050
ba_13219045,sgis_population,,,,,,"{""tot_ppltn"": 183048, ""avg_age"": 43.9, ""tot_household"": 0, ""adm_cd"": ""31120"", ""adm_nm"": ""구리시"", ""matched_level"": ""sigungu""}",183048,43.9,0,31120
ba_13219094,sgis_population,,,,,,"{""tot_ppltn"": 716123, ""avg_age"": 43.0, ""tot_household"": 0, ""adm_cd"": ""31130"", ""adm_nm"": ""남양주시"", ""matched_level"": ""sigungu""}",716123,43.0,0,31130
ba_13219734,sgis_population,,,,,,"{""tot_ppltn"": 183048, ""avg_age"": 43.9, ""tot_household"": 0, ""adm_cd"": ""31120"", ""adm_nm"": ""구리시"", ""matched_level"": ""sigungu""}",183048,43.9,0,31120
ba_13219951,sgis_population,,,,,,"{""tot_ppltn"": 272041, ""avg_age"": 43.6, ""tot_household"": 0, ""adm_cd"": ""36030"", ""adm_nm"": ""순천시"", ""matched_level"": ""sigungu""}",272041,43.6,0,36030
ba_13221638,sgis_population,,,,,,"{""tot_ppltn"": 228695, ""avg_age"": 42.3, ""tot_household"": 0, ""adm_cd"": ""31210"", ""adm_nm"": ""이천시"", ""matched_level"": ""sigungu""}",228695,42.3,0,31210
ba_13221865,sgis_population,,,,,,"{""tot_ppltn"": 274005, ""avg_age"": 42.7, ""tot_household"": 0, ""adm_cd"": ""31191"", ""adm_nm"": ""용인시 처인구"", ""matched_level"": ""sigungu""}",274005,42.7,0,31191
ba_13221975,sgis_population,,,,,,"{""tot_ppltn"": 274005, ""avg_age"": 42.7, ""tot_household"": 0, ""adm_cd"": ""31191"", ""adm_nm"": ""용인시 처인구"", ""matched_level"": ""sigungu""}",274005,42.7,0,31191
ba_13222051,sgis_population,,,,,,"{""tot_ppltn"": 228695, ""avg_age"": 42.3, ""tot_household"": 0, ""adm_cd"": ""31210"", ""adm_nm"": ""이천시"", ""matched_level"": ""sigungu""}",228695,42.3,0,31210
ba_13222170,sgis_population,,,,,,"{""tot_ppltn"": 79663, ""avg_age"": 51.9, ""tot_household"": 0, ""adm_cd"": ""35060"", ""adm_nm"": ""김제시"", ""matched_level"": ""sigungu""}",79663,51.9,0,35060
ba_13222803,sgis_population,,,,,,"{""tot_ppltn"": 630744, ""avg_age"": 42.9, ""tot_household"": 0, ""adm_cd"": ""11240"", ""adm_nm"": ""송파구"", ""matched_level"": ""sigungu""}",630744,42.9,0,11240
ba_13223141,sgis_population,,,,,,"{""tot_ppltn"": 277209, ""avg_age"": 43.7, ""tot_household"": 0, ""adm_cd"": ""31104"", ""adm_nm"": ""고양시 일산서구"", ""matched_level"": ""sigungu""}",277209,43.7,0,31104
ba_13223329,sgis_population,,,,,,"{""tot_ppltn"": 269641, ""avg_age"": 43.0, ""tot_household"": 0, ""adm_cd"": ""31260"", ""adm_nm"": ""양주시"", ""matched_level"": ""sigungu""}",269641,43.0,0,31260
ba_13223367,sgis_population,,,,,,"{""tot_ppltn"": 277683, ""avg_age"": 43.5, ""tot_household"": 0, ""adm_cd"": ""11040"", ""adm_nm"": ""성동구"", ""matched_level"": ""sigungu""}",277683,43.5,0,11040
ba_13223504,sgis_population,,,,,,"{""tot_ppltn"": 630744, ""avg_age"": 42.9, ""tot_household"": 0, ""adm_cd"": ""11240"", ""adm_nm"": ""송파구"", ""matched_level"": ""sigungu""}",630744,42.9,0,11240
ba_13223520,sgis_population,,,,,,"{""tot_ppltn"": 493677, ""avg_age"": 42.9, ""tot_household"": 0, ""adm_cd"": ""11210"", ""adm_nm"": ""관악구"", ""matched_level"": ""sigungu""}",493677,42.9,0,11210
ba_13223538,sgis_population,,,,,,"{""tot_ppltn"": 157324, ""avg_age"": 41.9, ""tot_household"": 0, ""adm_cd"": ""23010"", ""adm_nm"": ""중구"", ""matched_level"": ""sigungu""}",157324,41.9,0,23010
ba_13223654,sgis_population,,,,,,"{""tot_ppltn"": 484424, ""avg_age"": 43.6, ""tot_household"": 0, ""adm_cd"": ""31101"", ""adm_nm"": ""고양시 덕양구"", ""matched_level"": ""sigungu""}",484424,43.6,0,31101
ba_13223711,sgis_population,,,,,,"{""tot_ppltn"": 384089, ""avg_age"": 43.4, ""tot_household"": 0, ""adm_cd"": ""11200"", ""adm_nm"": ""동작구"", ""matched_level"": ""sigungu""}",384089,43.4,0,11200
ba_13223885,sgis_population,,,,,,"{""tot_ppltn"": 493677, ""avg_age"": 42.9, ""tot_household"": 0, ""adm_cd"": ""11210"", ""adm_nm"": ""관악구"", ""matched_level"": ""sigungu""}",493677,42.9,0,11210
ba_13224027,sgis_population,,,,,,"{""tot_ppltn"": 630744, ""avg_age"": 42.9, ""tot_household"": 0, ""adm_cd"": ""11240"", ""adm_nm"": ""송파구"", ""matched_level"": ""sigungu""}",630744,42.9,0,11240
ba_13224710,sgis_population,,,,,,"{""tot_ppltn"": 302751, ""avg_age"": 42.3, ""tot_household"": 0, ""adm_cd"": ""31042"", ""adm_nm"": ""안양시 동안구"", ""matched_level"": ""sigungu""}",302751,42.3,0,31042
ba_13224790,sgis_population,,,,,,"{""tot_ppltn"": 234408, ""avg_age"": 45.2, ""tot_household"": 0, ""adm_cd"": ""31041"", ""adm_nm"": ""안양시 만안구"", ""matched_level"": ""sigungu""}",234408,45.2,0,31041
ba_13224802,sgis_population,,,,,,"{""tot_ppltn"": 234408, ""avg_age"": 45.2, ""tot_household"": 0, ""adm_cd"": ""31041"", ""adm_nm"": ""안양시 만안구"", ""matched_level"": ""sigungu""}",234408,45.2,0,31041
ba_13224833,sgis_population,,,,,,"{""tot_ppltn"": 234408, ""avg_age"": 45.2, ""tot_household"": 0, ""adm_cd"": ""31041"", ""adm_nm"": ""안양시 만안구"", ""matched_level"": ""sigungu""}",234408,45.2,0,31041
ba_13224844,sgis_population,,,,,,"{""tot_ppltn"": 302751, ""avg_age"": 42.3, ""tot_household"": 0, ""adm_cd"": ""31042"", ""adm_nm"": ""안양시 동안구"", ""matched_level"": ""sigungu""}",302751,42.3,0,31042
ba_13225746,sgis_population,,,,,,"{""tot_ppltn"": 484424, ""avg_age"": 43.6, ""tot_household"": 0, ""adm_cd"": ""31101"", ""adm_nm"": ""고양시 덕양구"", ""matched_level"": ""sigungu""}",484424,43.6,0,31101
ba_13225754,sgis_population,,,,,,"{""tot_ppltn"": 285959, ""avg_age"": 44.1, ""tot_household"": 0, ""adm_cd"": ""31103"", ""adm_nm"": ""고양시 일산동구"", ""matched_level"": ""sigungu""}",285959,44.1,0,31103
ba_13225842,sgis_population,,,,,,"{""tot_ppltn"": 157324, ""avg_age"": 41.9, ""tot_household"": 0, ""adm_cd"": ""23010"", ""adm_nm"": ""중구"", ""matched_level"": ""sigungu""}",157324,41.9,0,23010
ba_13225939,sgis_population,,,,,,"{""tot_ppltn"": 238671, ""avg_age"": 42.0, ""tot_household"": 0, ""adm_cd"": ""38090"", ""adm_nm"": ""거제시"", ""matched_level"": ""sigungu""}",238671,42.0,0,38090
ba_13226530,sgis_population,,,,,,"{""tot_ppltn"": 422248, ""avg_age"": 43.7, ""tot_household"": 0, ""adm_cd"": ""11150"", ""adm_nm"": ""양천구"", ""matched_level"": ""sigungu""}",422248,43.7,0,11150
ba_13226546,sgis_population,,,,,,"{""tot_ppltn"": 103883, ""avg_age"": 48.5, ""tot_household"": 0, ""adm_cd"": ""21020"", ""adm_nm"": ""서구"", ""matched_level"": ""sigungu""}",103883,48.5,0,21020
ba_13226567,sgis_population,,,,,,"{""tot_ppltn"": 422248, ""avg_age"": 43.7, ""tot_household"": 0, ""adm_cd"": ""11150"", ""adm_nm"": ""양천구"", ""matched_level"": ""sigungu""}",422248,43.7,0,11150
ba_13226580,sgis_population,,,,,,"{""tot_ppltn"": 422248, ""avg_age"": 43.7, ""tot_household"": 0, ""adm_cd"": ""11150"", ""adm_nm"": ""양천구"", ""matched_level"": ""sigungu""}",422248,43.7,0,11150
ba_13226670,sgis_population,,,,,,"{""tot_ppltn"": 109389, ""avg_age"": 49.7, ""tot_household"": 0, ""adm_cd"": ""21040"", ""adm_nm"": ""영도구"", ""matched_level"": ""sigungu""}",109389,49.7,0,21040
ba_13226843,sgis_population,,,,,,"{""tot_ppltn"": 355644, ""avg_age"": 45.5, ""tot_household"": 0, ""adm_cd"": ""21050"", ""adm_nm"": ""부산진구"", ""matched_level"": ""sigungu""}",355644,45.5,0,21050
ba_13226851,sgis_population,,,,,,"{""tot_ppltn"": 87477, ""avg_age"": 49.4, ""tot_household"": 0, ""adm_cd"": ""21030"", ""adm_nm"": ""동구"", ""matched_level"": ""sigungu""}",87477,49.4,0,21030
ba_13226860,sgis_population,,,,,,"{""tot_ppltn"": 355644, ""avg_age"": 45.5, ""tot_household"": 0, ""adm_cd"": ""21050"", ""adm_nm"": ""부산진구"", ""matched_level"": ""sigungu""}",355644,45.5,0,21050
ba_13226947,sgis_population,,,,,,"{""tot_ppltn"": 198491, ""avg_age"": 46.2, ""tot_household"": 0, ""adm_cd"": ""21130"", ""adm_nm"": ""연제구"", ""matched_level"": ""sigungu""}",198491,46.2,0,21130
ba_13227070,sgis_population,,,,,,"{""tot_ppltn"": 144102, ""avg_age"": 39.1, ""tot_household"": 0, ""adm_cd"": ""21120"", ""adm_nm"": ""강서구"", ""matched_level"": ""sigungu""}",144102,39.1,0,21120
ba_13227516,sgis_population,,,,,,"{""tot_ppltn"": 265047, ""avg_age"": 45.3, ""tot_household"": 0, ""adm_cd"": ""21060"", ""adm_nm"": ""동래구"", ""matched_level"": ""sigungu""}",265047,45.3,0,21060
ba_13227543,sgis_population,,,,,,"{""tot_ppltn"": 258412, ""avg_age"": 45.3, ""tot_household"": 0, ""adm_cd"": ""21070"", ""adm_nm"": ""남구"", ""matched_level"": ""sigungu""}",258412,45.3,0,21070
ba_13227659,sgis_population,,,,,,"{""tot_ppltn"": 298826, ""avg_age"": 46.6, ""tot_household"": 0, ""adm_cd"": ""21100"", ""adm_nm"": ""사하구"", ""matched_level"": ""sigungu""}",298826,46.6,0,21100
ba_13227696,sgis_population,,,,,,"{""tot_ppltn"": 265047, ""avg_age"": 45.3, ""tot_household"": 0, ""adm_cd"": ""21060"", ""adm_nm"": ""동래구"", ""matched_level"": ""sigungu""}",265047,45.3,0,21060
ba_13228166,sgis_population,,,,,,"{""tot_ppltn"": 131583, ""avg_age"": 47.5, ""tot_household"": 0, ""adm_cd"": ""33030"", ""adm_nm"": ""제천시"", ""matched_level"": ""sigungu""}",131583,47.5,0,33030
ba_13228453,sgis_population,,,,,,"{""tot_ppltn"": 144102, ""avg_age"": 39.1, ""tot_household"": 0, ""adm_cd"": ""21120"", ""adm_nm"": ""강서구"", ""matched_level"": ""sigungu""}",144102,39.1,0,21120
ba_13228520,sgis_population,,,,,,"{""tot_ppltn"": 210665, ""avg_age"": 44.6, ""tot_household"": 0, ""adm_cd"": ""31022"", ""adm_nm"": ""성남시 중원구"", ""matched_level"": ""sigungu""}",210665,44.6,0,31022
ba_13228647,sgis_population,,,,,,"{""tot_ppltn"": 230134, ""avg_age"": 44.3, ""tot_household"": 0, ""adm_cd"": ""25010"", ""adm_nm"": ""동구"", ""matched_level"": ""sigungu""}",230134,44.3,0,25010
ba_13228668,sgis_population,,,,,,"{""tot_ppltn"": 379100, ""avg_age"": 39.0, ""tot_household"": 0, ""adm_cd"": ""25040"", ""adm_nm"": ""유성구"", ""matched_level"": ""sigungu""}",379100,39.0,0,25040
ba_13228675,sgis_population,,,,,,"{""tot_ppltn"": 379100, ""avg_age"": 39.0, ""tot_household"": 0, ""adm_cd"": ""25040"", ""adm_nm"": ""유성구"", ""matched_level"": ""sigungu""}",379100,39.0,0,25040
ba_13228677,sgis_population,,,,,,"{""tot_ppltn"": 281394, ""avg_age"": 40.5, ""tot_household"": 0, ""adm_cd"": ""33043"", ""adm_nm"": ""청주시 흥덕구"", ""matched_level"": ""sigungu""}",281394,40.5,0,33043
ba_13228869,sgis_population,,,,,,"{""tot_ppltn"": 230134, ""avg_age"": 44.3, ""tot_household"": 0, ""adm_cd"": ""25010"", ""adm_nm"": ""동구"", ""matched_level"": ""sigungu""}",230134,44.3,0,25010
ba_13228874,sgis_population,,,,,,"{""tot_ppltn"": 197451, ""avg_age"": 43.3, ""tot_household"": 0, ""adm_cd"": ""33041"", ""adm_nm"": ""청주시 상당구"", ""matched_level"": ""sigungu""}",197451,43.3,0,33041
ba_13228878,sgis_population,,,,,,"{""tot_ppltn"": 469031, ""avg_age"": 41.8, ""tot_household"": 0, ""adm_cd"": ""25030"", ""adm_nm"": ""서구"", ""matched_level"": ""sigungu""}",469031,41.8,0,25030
ba_13228909,sgis_population,,,,,,"{""tot_ppltn"": 195222, ""avg_age"": 43.3, ""tot_household"": 0, ""adm_cd"": ""33042"", ""adm_nm"": ""청주시 서원구"", ""matched_level"": ""sigungu""}",195222,43.3,0,33042
ba_13228939,sgis_population,,,,,,"{""tot_ppltn"": 241230, ""avg_age"": 44.4, ""tot_household"": 0, ""adm_cd"": ""31021"", ""adm_nm"": ""성남시 수정구"", ""matched_level"": ""sigungu""}",241230,44.4,0,31021
ba_13228945,sgis_population,,,,,,"{""tot_ppltn"": 379100, ""avg_age"": 39.0, ""tot_household"": 0, ""adm_cd"": ""25040"", ""adm_nm"": ""유성구"", ""matched_level"": ""sigungu""}",379100,39.0,0,25040
ba_13228978,sgis_population,,,,,,"{""tot_ppltn"": 621848, ""avg_age"": 40.7, ""tot_household"": 0, ""adm_cd"": ""23080"", ""adm_nm"": ""서구"", ""matched_level"": ""sigungu""}",621848,40.7,0,23080
ba_13228993,sgis_population,,,,,,"{""tot_ppltn"": 974156, ""avg_age"": 38.2, ""tot_household"": 0, ""adm_cd"": ""31240"", ""adm_nm"": ""화성시"", ""matched_level"": ""sigungu""}",974156,38.2,0,31240
ba_13229107,sgis_population,,,,,,"{""tot_ppltn"": 379100, ""avg_age"": 39.0, ""tot_household"": 0, ""adm_cd"": ""25040"", ""adm_nm"": ""유성구"", ""matched_level"": ""sigungu""}",379100,39.0,0,25040
ba_13229152,sgis_population,,,,,,"{""tot_ppltn"": 208245, ""avg_age"": 46.5, ""tot_household"": 0, ""adm_cd"": ""21150"", ""adm_nm"": ""사상구"", ""matched_level"": ""sigungu""}",208245,46.5,0,21150
ba_13229173,sgis_population,,,,,,"{""tot_ppltn"": 430146, ""avg_age"": 43.5, ""tot_household"": 0, ""adm_cd"": ""22050"", ""adm_nm"": ""북구"", ""matched_level"": ""sigungu""}",430146,43.5,0,22050
ba_13229184,sgis_population,,,,,,"{""tot_ppltn"": 430146, ""avg_age"": 43.5, ""tot_household"": 0, ""adm_cd"": ""22050"", ""adm_nm"": ""북구"", ""matched_level"": ""sigungu""}",430146,43.5,0,22050
ba_13229527,sgis_population,,,,,,"{""tot_ppltn"": 92990, ""avg_age"": 52.2, ""tot_household"": 0, ""adm_cd"": ""37080"", ""adm_nm"": ""상주시"", ""matched_level"": ""sigungu""}",92990,52.2,0,37080
ba_13229560,sgis_population,,,,,,"{""tot_ppltn"": 422248, ""avg_age"": 43.7, ""tot_household"": 0, ""adm_cd"": ""11150"", ""adm_nm"": ""양천구"", ""matched_level"": ""sigungu""}",422248,43.7,0,11150
ba_13229747,sgis_population,,,,,,"{""tot_ppltn"": 243412, ""avg_age"": 42.0, ""tot_household"": 0, ""adm_cd"": ""38112"", ""adm_nm"": ""창원시 성산구"", ""matched_level"": ""sigungu""}",243412,42.0,0,38112
ba_13229858,sgis_population,,,,,,"{""tot_ppltn"": 243412, ""avg_age"": 42.0, ""tot_household"": 0, ""adm_cd"": ""38112"", ""adm_nm"": ""창원시 성산구"", ""matched_level"": ""sigungu""}",243412,42.0,0,38112
ba_13229960,sgis_population,,,,,,"{""tot_ppltn"": 214516, ""avg_age"": 43.8, ""tot_household"": 0, ""adm_cd"": ""38111"", ""adm_nm"": ""창원시 의창구"", ""matched_level"": ""sigungu""}",214516,43.8,0,38111
ba_13229975,sgis_population,,,,,,"{""tot_ppltn"": 428463, ""avg_age"": 42.0, ""tot_household"": 0, ""adm_cd"": ""31192"", ""adm_nm"": ""용인시 기흥구"", ""matched_level"": ""sigungu""}",428463,42.0,0,31192
ba_13230007,sgis_population,,,,,,"{""tot_ppltn"": 364511, ""avg_age"": 41.2, ""tot_household"": 0, ""adm_cd"": ""31193"", ""adm_nm"": ""용인시 수지구"", ""matched_level"": ""sigungu""}",364511,41.2,0,31193
ba_13230502,sgis_population,,,,,,"{""tot_ppltn"": 974156, ""avg_age"": 38.2, ""tot_household"": 0, ""adm_cd"": ""31240"", ""adm_nm"": ""화성시"", ""matched_level"": ""sigungu""}",974156,38.2,0,31240
ba_13230793,sgis_population,,,,,,"{""tot_ppltn"": 423397, ""avg_age"": 45.3, ""tot_household"": 0, ""adm_cd"": ""11170"", ""adm_nm"": ""구로구"", ""matched_level"": ""sigungu""}",423397,45.3,0,11170
ba_13230813,sgis_population,,,,,,"{""tot_ppltn"": 428463, ""avg_age"": 42.0, ""tot_household"": 0, ""adm_cd"": ""31192"", ""adm_nm"": ""용인시 기흥구"", ""matched_level"": ""sigungu""}",428463,42.0,0,31192
ba_13230824,sgis_population,,,,,,"{""tot_ppltn"": 245860, ""avg_age"": 45.7, ""tot_household"": 0, ""adm_cd"": ""11180"", ""adm_nm"": ""금천구"", ""matched_level"": ""sigungu""}",245860,45.7,0,11180
ba_13230834,sgis_population,,,,,,"{""tot_ppltn"": 408476, ""avg_age"": 39.9, ""tot_household"": 0, ""adm_cd"": ""23040"", ""adm_nm"": ""연수구"", ""matched_level"": ""sigungu""}",408476,39.9,0,23040
ba_13230838,sgis_population,,,,,,"{""tot_ppltn"": 245860, ""avg_age"": 45.7, ""tot_household"": 0, ""adm_cd"": ""11180"", ""adm_nm"": ""금천구"", ""matched_level"": ""sigungu""}",245860,45.7,0,11180
ba_13230846,sgis_population,,,,,,"{""tot_ppltn"": 372852, ""avg_age"": 42.0, ""tot_household"": 0, ""adm_cd"": ""31012"", ""adm_nm"": ""수원시 권선구"", ""matched_level"": ""sigungu""}",372852,42.0,0,31012
ba_13230879,sgis_population,,,,,,"{""tot_ppltn"": 400544, ""avg_age"": 44.0, ""tot_household"": 0, ""adm_cd"": ""11190"", ""adm_nm"": ""영등포구"", ""matched_level"": ""sigungu""}",400544,44.0,0,11190
ba_13230903,sgis_population,,,,,,"{""tot_ppltn"": 568455, ""avg_age"": 40.7, ""tot_household"": 0, ""adm_cd"": ""31150"", ""adm_nm"": ""시흥시"", ""matched_level"": ""sigungu""}",568455,40.7,0,31150
ba_13230921,sgis_population,,,,,,"{""tot_ppltn"": 400544, ""avg_age"": 44.0, ""tot_household"": 0, ""adm_cd"": ""11190"", ""adm_nm"": ""영등포구"", ""matched_level"": ""sigungu""}",400544,44.0,0,11190
ba_13230969,sgis_population,,,,,,"{""tot_ppltn"": 364511, ""avg_age"": 41.2, ""tot_household"": 0, ""adm_cd"": ""31193"", ""adm_nm"": ""용인시 수지구"", ""matched_level"": ""sigungu""}",364511,41.2,0,31193
ba_13231050,sgis_population,,,,,,"{""tot_ppltn"": 353190, ""avg_age"": 42.5, ""tot_household"": 0, ""adm_cd"": ""31092"", ""adm_nm"": ""안산시 단원구"", ""matched_level"": ""sigungu""}",353190,42.5,0,31092
ba_13231120,sgis_population,,,,,,"{""tot_ppltn"": 355957, ""avg_age"": 42.8, ""tot_household"": 0, ""adm_cd"": ""31091"", ""adm_nm"": ""안산시 상록구"", ""matched_level"": ""sigungu""}",355957,42.8,0,31091
ba_13231147,sgis_population,,,,,,"{""tot_ppltn"": 408476, ""avg_age"": 39.9, ""tot_household"": 0, ""adm_cd"": ""23040"", ""adm_nm"": ""연수구"", ""matched_level"": ""sigungu""}",408476,39.9,0,23040
ba_13231157,sgis_population,,,,,,"{""tot_ppltn"": 211665, ""avg_age"": 43.6, ""tot_household"": 0, ""adm_cd"": ""31013"", ""adm_nm"": ""수원시 팔달구"", ""matched_level"": ""sigungu""}",211665,43.6,0,31013
ba_13231195,sgis_population,,,,,,"{""tot_ppltn"": 366636, ""avg_age"": 38.2, ""tot_household"": 0, ""adm_cd"": ""31014"", ""adm_nm"": ""수원시 영통구"", ""matched_level"": ""sigungu""}",366636,38.2,0,31014
ba_13231218,sgis_population,,,,,,"{""tot_ppltn"": 568455, ""avg_age"": 40.7, ""tot_household"": 0, ""adm_cd"": ""31150"", ""adm_nm"": ""시흥시"", ""matched_level"": ""sigungu""}",568455,40.7,0,31150
ba_13231481,sgis_population,,,,,,"{""tot_ppltn"": 275397, ""avg_age"": 43.4, ""tot_household"": 0, ""adm_cd"": ""31060"", ""adm_nm"": ""광명시"", ""matched_level"": ""sigungu""}",275397,43.4,0,31060
ba_13231795,sgis_population,,,,,,"{""tot_ppltn"": 500087, ""avg_age"": 44.0, ""tot_household"": 0, ""adm_cd"": ""23050"", ""adm_nm"": ""남동구"", ""matched_level"": ""sigungu""}",500087,44.0,0,23050
ba_13231958,sgis_population,,,,,,"{""tot_ppltn"": 408476, ""avg_age"": 39.9, ""tot_household"": 0, ""adm_cd"": ""23040"", ""adm_nm"": ""연수구"", ""matched_level"": ""sigungu""}",408476,39.9,0,23040
ba_13232110,sgis_population,,,,,,"{""tot_ppltn"": 198491, ""avg_age"": 46.2, ""tot_household"": 0, ""adm_cd"": ""21130"", ""adm_nm"": ""연제구"", ""matched_level"": ""sigungu""}",198491,46.2,0,21130
ba_13232134,sgis_population,,,,,,"{""tot_ppltn"": 417491, ""avg_age"": 39.5, ""tot_household"": 0, ""adm_cd"": ""24050"", ""adm_nm"": ""광산구"", ""matched_level"": ""sigungu""}",417491,39.5,0,24050
ba_13232348,sgis_population,,,,,,"{""tot_ppltn"": 417491, ""avg_age"": 39.5, ""tot_household"": 0, ""adm_cd"": ""24050"", ""adm_nm"": ""광산구"", ""matched_level"": ""sigungu""}",417491,39.5,0,24050
ba_13232508,sgis_population,,,,,,"{""tot_ppltn"": 548672, ""avg_age"": 41.9, ""tot_household"": 0, ""adm_cd"": ""38070"", ""adm_nm"": ""김해시"", ""matched_level"": ""sigungu""}",548672,41.9,0,38070
ba_13233027,sgis_population,,,,,,"{""tot_ppltn"": 423397, ""avg_age"": 45.3, ""tot_household"": 0, ""adm_cd"": ""11170"", ""adm_nm"": ""구로구"", ""matched_level"": ""sigungu""}",423397,45.3,0,11170
ba_13233115,sgis_population,,,,,,"{""tot_ppltn"": 430146, ""avg_age"": 43.5, ""tot_household"": 0, ""adm_cd"": ""22050"", ""adm_nm"": ""북구"", ""matched_level"": ""sigungu""}",430146,43.5,0,22050
ba_13233212,sgis_population,,,,,,"{""tot_ppltn"": 121626, ""avg_age"": 47.0, ""tot_household"": 0, ""adm_cd"": ""38050"", ""adm_nm"": ""통영시"", ""matched_level"": ""sigungu""}",121626,47.0,0,38050
ba_13233433,sgis_population,,,,,,"{""tot_ppltn"": 141259, ""avg_age"": 48.2, ""tot_household"": 0, ""adm_cd"": ""22040"", ""adm_nm"": ""남구"", ""matched_level"": ""sigungu""}",141259,48.2,0,22040
ba_13233436,sgis_population,,,,,,"{""tot_ppltn"": 141259, ""avg_age"": 48.2, ""tot_household"": 0, ""adm_cd"": ""22040"", ""adm_nm"": ""남구"", ""matched_level"": ""sigungu""}",141259,48.2,0,22040
ba_13233445,sgis_population,,,,,,"{""tot_ppltn"": 267392, ""avg_age"": 45.9, ""tot_household"": 0, ""adm_cd"": ""36020"", ""adm_nm"": ""여수시"", ""matched_level"": ""sigungu""}",267392,45.9,0,36020
ba_13233448,sgis_population,,,,,,"{""tot_ppltn"": 539884, ""avg_age"": 43.9, ""tot_household"": 0, ""adm_cd"": ""22070"", ""adm_nm"": ""달서구"", ""matched_level"": ""sigungu""}",539884,43.9,0,22070
ba_13233454,sgis_population,,,,,,"{""tot_ppltn"": 178618, ""avg_age"": 45.0, ""tot_household"": 0, ""adm_cd"": ""34050"", ""adm_nm"": ""서산시"", ""matched_level"": ""sigungu""}",178618,45.0,0,34050
ba_13233457,sgis_population,,,,,,"{""tot_ppltn"": 539884, ""avg_age"": 43.9, ""tot_household"": 0, ""adm_cd"": ""22070"", ""adm_nm"": ""달서구"", ""matched_level"": ""sigungu""}",539884,43.9,0,22070
ba_13233463,sgis_population,,,,,,"{""tot_ppltn"": 430146, ""avg_age"": 43.5, ""tot_household"": 0, ""adm_cd"": ""22050"", ""adm_nm"": ""북구"", ""matched_level"": ""sigungu""}",430146,43.5,0,22050
ba_13233466,sgis_population,,,,,,"{""tot_ppltn"": 267045, ""avg_age"": 41.6, ""tot_household"": 0, ""adm_cd"": ""22510"", ""adm_nm"": ""달성군"", ""matched_level"": ""sigungu""}",267045,41.6,0,22510
ba_13233483,sgis_population,,,,,,"{""tot_ppltn"": 296453, ""avg_age"": 42.7, ""tot_household"": 0, ""adm_cd"": ""37100"", ""adm_nm"": ""경산시"", ""matched_level"": ""sigungu""}",296453,42.7,0,37100
ba_13233484,sgis_population,,,,,,"{""tot_ppltn"": 348272, ""avg_age"": 43.8, ""tot_household"": 0, ""adm_cd"": ""38030"", ""adm_nm"": ""진주시"", ""matched_level"": ""sigungu""}",348272,43.8,0,38030
ba_13233506,sgis_population,,,,,,"{""tot_ppltn"": 147378, ""avg_age"": 43.2, ""tot_household"": 0, ""adm_cd"": ""36060"", ""adm_nm"": ""광양시"", ""matched_level"": ""sigungu""}",147378,43.2,0,36060
ba_13233554,sgis_population,,,,,,"{""tot_ppltn"": 267045, ""avg_age"": 41.6, ""tot_household"": 0, ""adm_cd"": ""22510"", ""adm_nm"": ""달성군"", ""matched_level"": ""sigungu""}",267045,41.6,0,22510
ba_13233575,sgis_population,,,,,,"{""tot_ppltn"": 396295, ""avg_age"": 44.3, ""tot_household"": 0, ""adm_cd"": ""22060"", ""adm_nm"": ""수성구"", ""matched_level"": ""sigungu""}",396295,44.3,0,22060
ba_13233576,sgis_population,,,,,,"{""tot_ppltn"": 174955, ""avg_age"": 44.6, ""tot_household"": 0, ""adm_cd"": ""34080"", ""adm_nm"": ""당진시"", ""matched_level"": ""sigungu""}",174955,44.6,0,34080
ba_13233578,sgis_population,,,,,,"{""tot_ppltn"": 539884, ""avg_age"": 43.9, ""tot_household"": 0, ""adm_cd"": ""22070"", ""adm_nm"": ""달서구"", ""matched_level"": ""sigungu""}",539884,43.9,0,22070
ba_13233579,sgis_population,,,,,,"{""tot_ppltn"": 296453, ""avg_age"": 42.7, ""tot_household"": 0, ""adm_cd"": ""37100"", ""adm_nm"": ""경산시"", ""matched_level"": ""sigungu""}",296453,42.7,0,37100
ba_13233581,sgis_population,,,,,,"{""tot_ppltn"": 348272, ""avg_age"": 43.8, ""tot_household"": 0, ""adm_cd"": ""38030"", ""adm_nm"": ""진주시"", ""matched_level"": ""sigungu""}",348272,43.8,0,38030
ba_13233587,sgis_population,,,,,,"{""tot_ppltn"": 117012, ""avg_age"": 45.3, ""tot_household"": 0, ""adm_cd"": ""36040"", ""adm_nm"": ""나주시"", ""matched_level"": ""sigungu""}",117012,45.3,0,36040
ba_13233592,sgis_population,,,,,,"{""tot_ppltn"": 296453, ""avg_age"": 42.7, ""tot_household"": 0, ""adm_cd"": ""37100"", ""adm_nm"": ""경산시"", ""matched_level"": ""sigungu""}",296453,42.7,0,37100
ba_13233594,sgis_population,,,,,,"{""tot_ppltn"": 539884, ""avg_age"": 43.9, ""tot_household"": 0, ""adm_cd"": ""22070"", ""adm_nm"": ""달서구"", ""matched_level"": ""sigungu""}",539884,43.9,0,22070
ba_13233606,sgis_population,,,,,,"{""tot_ppltn"": 430146, ""avg_age"": 43.5, ""tot_household"": 0, ""adm_cd"": ""22050"", ""adm_nm"": ""북구"", ""matched_level"": ""sigungu""}",430146,43.5,0,22050
ba_13233607,sgis_population,,,,,,"{""tot_ppltn"": 101002, ""avg_age"": 45.9, ""tot_household"": 0, ""adm_cd"": ""35510"", ""adm_nm"": ""완주군"", ""matched_level"": ""sigungu""}",101002,45.9,0,35510
ba_13233639,sgis_population,,,,,,"{""tot_ppltn"": 85775, ""avg_age"": 43.3, ""tot_household"": 0, ""adm_cd"": ""22010"", ""adm_nm"": ""중구"", ""matched_level"": ""sigungu""}",85775,43.3,0,22010
ba_13233688,sgis_population,,,,,,"{""tot_ppltn"": 267045, ""avg_age"": 41.6, ""tot_household"": 0, ""adm_cd"": ""22510"", ""adm_nm"": ""달성군"", ""matched_level"": ""sigungu""}",267045,41.6,0,22510
ba_13233716,sgis_population,,,,,,"{""tot_ppltn"": 266458, ""avg_age"": 45.5, ""tot_household"": 0, ""adm_cd"": ""37012"", ""adm_nm"": ""포항시 북구"", ""matched_level"": ""sigungu""}",266458,45.5,0,37012
ba_13233724,sgis_population,,,,,,"{""tot_ppltn"": 85775, ""avg_age"": 43.3, ""tot_household"": 0, ""adm_cd"": ""22010"", ""adm_nm"": ""중구"", ""matched_level"": ""sigungu""}",85775,43.3,0,22010
ba_13233726,sgis_population,,,,,,"{""tot_ppltn"": 267045, ""avg_age"": 41.6, ""tot_household"": 0, ""adm_cd"": ""22510"", ""adm_nm"": ""달성군"", ""matched_level"": ""sigungu""}",267045,41.6,0,22510
ba_13233735,sgis_population,,,,,,"{""tot_ppltn"": 539884, ""avg_age"": 43.9, ""tot_household"": 0, ""adm_cd"": ""22070"", ""adm_nm"": ""달서구"", ""matched_level"": ""sigungu""}",539884,43.9,0,22070
ba_13233742,sgis_population,,,,,,"{""tot_ppltn"": 161396, ""avg_age"": 49.6, ""tot_household"": 0, ""adm_cd"": ""22030"", ""adm_nm"": ""서구"", ""matched_level"": ""sigungu""}",161396,49.6,0,22030
ba_13233764,sgis_population,,,,,,"{""tot_ppltn"": 335589, ""avg_age"": 46.1, ""tot_household"": 0, ""adm_cd"": ""22020"", ""adm_nm"": ""동구"", ""matched_level"": ""sigungu""}",335589,46.1,0,22020
ba_13233767,sgis_population,,,,,,"{""tot_ppltn"": 386261, ""avg_age"": 37.7, ""tot_household"": 0, ""adm_cd"": ""29"", ""adm_nm"": ""세종특별자치시"", ""matched_level"": ""province""}",386261,37.7,0,29
ba_13233778,sgis_population,,,,,,"{""tot_ppltn"": 226936, ""avg_age"": 45.5, ""tot_household"": 0, ""adm_cd"": ""37011"", ""adm_nm"": ""포항시 남구"", ""matched_level"": ""sigungu""}",226936,45.5,0,37011
ba_13233782,sgis_population,,,,,,"{""tot_ppltn"": 161396, ""avg_age"": 49.6, ""tot_household"": 0, ""adm_cd"": ""22030"", ""adm_nm"": ""서구"", ""matched_level"": ""sigungu""}",161396,49.6,0,22030
ba_13233856,sgis_population,,,,,,"{""tot_ppltn"": 386261, ""avg_age"": 37.7, ""tot_household"": 0, ""adm_cd"": ""29"", ""adm_nm"": ""세종특별자치시"", ""matched_level"": ""province""}",386261,37.7,0,29
ba_13234034,sgis_population,,,,,,"{""tot_ppltn"": 226936, ""avg_age"": 45.5, ""tot_household"": 0, ""adm_cd"": ""37011"", ""adm_nm"": ""포항시 남구"", ""matched_level"": ""sigungu""}",226936,45.5,0,37011
ba_13234089,sgis_population,,,,,,"{""tot_ppltn"": 386261, ""avg_age"": 37.7, ""tot_household"": 0, ""adm_cd"": ""29"", ""adm_nm"": ""세종특별자치시"", ""matched_level"": ""province""}",386261,37.7,0,29
ba_13234101,sgis_population,,,,,,"{""tot_ppltn"": 386261, ""avg_age"": 37.7, ""tot_household"": 0, ""adm_cd"": ""29"", ""adm_nm"": ""세종특별자치시"", ""matched_level"": ""province""}",386261,37.7,0,29
ba_13234187,sgis_population,,,,,,"{""tot_ppltn"": 296453, ""avg_age"": 42.7, ""tot_household"": 0, ""adm_cd"": ""37100"", ""adm_nm"": ""경산시"", ""matched_level"": ""sigungu""}",296453,42.7,0,37100
ba_13234188,sgis_population,,,,,,"{""tot_ppltn"": 296453, ""avg_age"": 42.7, ""tot_household"": 0, ""adm_cd"": ""37100"", ""adm_nm"": ""경산시"", ""matched_level"": ""sigungu""}",296453,42.7,0,37100
ba_13234193,sgis_population,,,,,,"{""tot_ppltn"": 259505, ""avg_age"": 47.5, ""tot_household"": 0, ""adm_cd"": ""37020"", ""adm_nm"": ""경주시"", ""matched_level"": ""sigungu""}",259505,47.5,0,37020
ba_13234475,sgis_population,,,,,,"{""tot_ppltn"": 384089, ""avg_age"": 43.4, ""tot_household"": 0, ""adm_cd"": ""11200"", ""adm_nm"": ""동작구"", ""matched_level"": ""sigungu""}",384089,43.4,0,11200
ba_13234523,sgis_population,,,,,,"{""tot_ppltn"": 974156, ""avg_age"": 38.2, ""tot_household"": 0, ""adm_cd"": ""31240"", ""adm_nm"": ""화성시"", ""matched_level"": ""sigungu""}",974156,38.2,0,31240
ba_13234578,sgis_population,,,,,,"{""tot_ppltn"": 428463, ""avg_age"": 42.0, ""tot_household"": 0, ""adm_cd"": ""31192"", ""adm_nm"": ""용인시 기흥구"", ""matched_level"": ""sigungu""}",428463,42.0,0,31192
ba_13234790,sgis_population,,,,,,"{""tot_ppltn"": 269641, ""avg_age"": 43.0, ""tot_household"": 0, ""adm_cd"": ""31260"", ""adm_nm"": ""양주시"", ""matched_level"": ""sigungu""}",269641,43.0,0,31260
ba_13235318,sgis_population,,,,,,"{""tot_ppltn"": 361380, ""avg_age"": 42.2, ""tot_household"": 0, ""adm_cd"": ""11140"", ""adm_nm"": ""마포구"", ""matched_level"": ""sigungu""}",361380,42.2,0,11140
ba_13235498,sgis_population,,,,,,"{""tot_ppltn"": 355999, ""avg_age"": 43.2, ""tot_household"": 0, ""adm_cd"": ""11060"", ""adm_nm"": ""동대문구"", ""matched_level"": ""sigungu""}",355999,43.2,0,11060
ba_13235500,sgis_population,,,,,,"{""tot_ppltn"": 458966, ""avg_age"": 43.9, ""tot_household"": 0, ""adm_cd"": ""31030"", ""adm_nm"": ""의정부시"", ""matched_level"": ""sigungu""}",458966,43.9,0,31030
ba_13235508,sgis_population,,,,,,"{""tot_ppltn"": 458966, ""avg_age"": 43.9, ""tot_household"": 0, ""adm_cd"": ""31030"", ""adm_nm"": ""의정부시"", ""matched_level"": ""sigungu""}",458966,43.9,0,31030
ba_13235535,sgis_population,,,,,,"{""tot_ppltn"": 458966, ""avg_age"": 43.9, ""tot_household"": 0, ""adm_cd"": ""31030"", ""adm_nm"": ""의정부시"", ""matched_level"": ""sigungu""}",458966,43.9,0,31030
ba_13235557,sgis_population,,,,,,"{""tot_ppltn"": 299931, ""avg_age"": 47.0, ""tot_household"": 0, ""adm_cd"": ""11100"", ""adm_nm"": ""도봉구"", ""matched_level"": ""sigungu""}",299931,47.0,0,11100
ba_13235588,sgis_population,,,,,,"{""tot_ppltn"": 146179, ""avg_age"": 44.1, ""tot_household"": 0, ""adm_cd"": ""11010"", ""adm_nm"": ""종로구"", ""matched_level"": ""sigungu""}",146179,44.1,0,11010
ba_13235631,sgis_population,,,,,,"{""tot_ppltn"": 320168, ""avg_age"": 42.7, ""tot_household"": 0, ""adm_cd"": ""11130"", ""adm_nm"": ""서대문구"", ""matched_level"": ""sigungu""}",320168,42.7,0,11130
ba_13236401,sgis_population,,,,,,"{""tot_ppltn"": 146179, ""avg_age"": 44.1, ""tot_household"": 0, ""adm_cd"": ""11010"", ""adm_nm"": ""종로구"", ""matched_level"": ""sigungu""}",146179,44.1,0,11010
ba_13236479,sgis_population,,,,,,"{""tot_ppltn"": 263939, ""avg_age"": 44.0, ""tot_household"": 0, ""adm_cd"": ""31160"", ""adm_nm"": ""군포시"", ""matched_level"": ""sigungu""}",263939,44.0,0,31160
ba_13236481,sgis_population,,,,,,"{""tot_ppltn"": 266458, ""avg_age"": 45.5, ""tot_household"": 0, ""adm_cd"": ""37012"", ""adm_nm"": ""포항시 북구"", ""matched_level"": ""sigungu""}",266458,45.5,0,37012
ba_13236584,sgis_population,,,,,,"{""tot_ppltn"": 263939, ""avg_age"": 44.0, ""tot_household"": 0, ""adm_cd"": ""31160"", ""adm_nm"": ""군포시"", ""matched_level"": ""sigungu""}",263939,44.0,0,31160
ba_13236745,sgis_population,,,,,,"{""tot_ppltn"": 548672, ""avg_age"": 41.9, ""tot_household"": 0, ""adm_cd"": ""38070"", ""adm_nm"": ""김해시"", ""matched_level"": ""sigungu""}",548672,41.9,0,38070
ba_13237293,sgis_population,,,,,,"{""tot_ppltn"": 154788, ""avg_age"": 43.6, ""tot_household"": 0, ""adm_cd"": ""31170"", ""adm_nm"": ""의왕시"", ""matched_level"": ""sigungu""}",154788,43.6,0,31170
ba_13237700,sgis_population,,,,,,"{""tot_ppltn"": 548672, ""avg_age"": 41.9, ""tot_household"": 0, ""adm_cd"": ""38070"", ""adm_nm"": ""김해시"", ""matched_level"": ""sigungu""}",548672,41.9,0,38070
ba_13243478,sgis_population,,,,,,"{""tot_ppltn"": 428463, ""avg_age"": 42.0, ""tot_household"": 0, ""adm_cd"": ""31192"", ""adm_nm"": ""용인시 기흥구"", ""matched_level"": ""sigungu""}",428463,42.0,0,31192
ba_13243585,sgis_population,,,,,,"{""tot_ppltn"": 299931, ""avg_age"": 47.0, ""tot_household"": 0, ""adm_cd"": ""11100"", ""adm_nm"": ""도봉구"", ""matched_level"": ""sigungu""}",299931,47.0,0,11100
ba_13247000,sgis_population,,,,,,"{""tot_ppltn"": 364511, ""avg_age"": 41.2, ""tot_household"": 0, ""adm_cd"": ""31193"", ""adm_nm"": ""용인시 수지구"", ""matched_level"": ""sigungu""}",364511,41.2,0,31193
ba_13248384,sgis_population,,,,,,"{""tot_ppltn"": 183048, ""avg_age"": 43.9, ""tot_household"": 0, ""adm_cd"": ""31120"", ""adm_nm"": ""구리시"", ""matched_level"": ""sigungu""}",183048,43.9,0,31120
ba_13249105,sgis_population,,,,,,"{""tot_ppltn"": 214516, ""avg_age"": 43.8, ""tot_household"": 0, ""adm_cd"": ""38111"", ""adm_nm"": ""창원시 의창구"", ""matched_level"": ""sigungu""}",214516,43.8,0,38111
ba_13249989,sgis_population,,,,,,"{""tot_ppltn"": 308537, ""avg_age"": 43.3, ""tot_household"": 0, ""adm_cd"": ""26020"", ""adm_nm"": ""남구"", ""matched_level"": ""sigungu""}",308537,43.3,0,26020
ba_13251048,sgis_population,,,,,,"{""tot_ppltn"": 214918, ""avg_age"": 40.0, ""tot_household"": 0, ""adm_cd"": ""26040"", ""adm_nm"": ""북구"", ""matched_level"": ""sigungu""}",214918,40.0,0,26040
ba_13260523,sgis_population,,,,,,"{""tot_ppltn"": 605678, ""avg_age"": 40.8, ""tot_household"": 0, ""adm_cd"": ""31070"", ""adm_nm"": ""평택시"", ""matched_level"": ""sigungu""}",605678,40.8,0,31070
ba_13260584,sgis_population,,,,,,"{""tot_ppltn"": 417491, ""avg_age"": 39.5, ""tot_household"": 0, ""adm_cd"": ""24050"", ""adm_nm"": ""광산구"", ""matched_level"": ""sigungu""}",417491,39.5,0,24050
ba_13265806,sgis_population,,,,,,"{""tot_ppltn"": 274350, ""avg_age"": 45.8, ""tot_household"": 0, ""adm_cd"": ""35030"", ""adm_nm"": ""익산시"", ""matched_level"": ""sigungu""}",274350,45.8,0,35030
ba_13267079,sgis_population,,,,,,"{""tot_ppltn"": 171779, ""avg_age"": 45.1, ""tot_household"": 0, ""adm_cd"": ""25050"", ""adm_nm"": ""대덕구"", ""matched_level"": ""sigungu""}",171779,45.1,0,25050
ba_13268955,sgis_population,,,,,,"{""tot_ppltn"": 333353, ""avg_age"": 44.0, ""tot_household"": 0, ""adm_cd"": ""35011"", ""adm_nm"": ""전주시 완산구"", ""matched_level"": ""sigungu""}",333353,44.0,0,35011
ba_13292835,sgis_population,,,,,,"{""tot_ppltn"": 379100, ""avg_age"": 39.0, ""tot_household"": 0, ""adm_cd"": ""25040"", ""adm_nm"": ""유성구"", ""matched_level"": ""sigungu""}",379100,39.0,0,25040
ba_13301511,sgis_population,,,,,,"{""tot_ppltn"": 408476, ""avg_age"": 39.9, ""tot_household"": 0, ""adm_cd"": ""23040"", ""adm_nm"": ""연수구"", ""matched_level"": ""sigungu""}",408476,39.9,0,23040
ba_13305413,sgis_population,,,,,,"{""tot_ppltn"": 385267, ""avg_age"": 42.5, ""tot_household"": 0, ""adm_cd"": ""11220"", ""adm_nm"": ""서초구"", ""matched_level"": ""sigungu""}",385267,42.5,0,11220
ba_13308613,sgis_population,,,,,,"{""tot_ppltn"": 496323, ""avg_age"": 40.9, ""tot_household"": 0, ""adm_cd"": ""31230"", ""adm_nm"": ""김포시"", ""matched_level"": ""sigungu""}",496323,40.9,0,31230
ba_13311793,sgis_population,,,,,,"{""tot_ppltn"": 452988, ""avg_age"": 45.2, ""tot_household"": 0, ""adm_cd"": ""11120"", ""adm_nm"": ""은평구"", ""matched_level"": ""sigungu""}",452988,45.2,0,11120
ba_13313413,sgis_population,,,,,,"{""tot_ppltn"": 469031, ""avg_age"": 41.8, ""tot_household"": 0, ""adm_cd"": ""25030"", ""adm_nm"": ""서구"", ""matched_level"": ""sigungu""}",469031,41.8,0,25030
ba_13313909,sgis_population,,,,,,"{""tot_ppltn"": 500087, ""avg_age"": 44.0, ""tot_household"": 0, ""adm_cd"": ""23050"", ""adm_nm"": ""남동구"", ""matched_level"": ""sigungu""}",500087,44.0,0,23050
ba_13326281,sgis_population,,,,,,"{""tot_ppltn"": 127576, ""avg_age"": 44.6, ""tot_household"": 0, ""adm_cd"": ""11020"", ""adm_nm"": ""중구"", ""matched_level"": ""sigungu""}",127576,44.6,0,11020
ba_13348011,sgis_population,,,,,,"{""tot_ppltn"": 320562, ""avg_age"": 41.1, ""tot_household"": 0, ""adm_cd"": ""31180"", ""adm_nm"": ""하남시"", ""matched_level"": ""sigungu""}",320562,41.1,0,31180
ba_13379446,sgis_population,,,,,,"{""tot_ppltn"": 716123, ""avg_age"": 43.0, ""tot_household"": 0, ""adm_cd"": ""31130"", ""adm_nm"": ""남양주시"", ""matched_level"": ""sigungu""}",716123,43.0,0,31130
ba_13412065,sgis_population,,,,,,"{""tot_ppltn"": 400544, ""avg_age"": 44.0, ""tot_household"": 0, ""adm_cd"": ""11190"", ""adm_nm"": ""영등포구"", ""matched_level"": ""sigungu""}",400544,44.0,0,11190
ba_13436824,sgis_population,,,,,,"{""tot_ppltn"": 605678, ""avg_age"": 40.8, ""tot_household"": 0, ""adm_cd"": ""31070"", ""adm_nm"": ""평택시"", ""matched_level"": ""sigungu""}",605678,40.8,0,31070
ba_13448308,sgis_population,,,,,,"{""tot_ppltn"": 452988, ""avg_age"": 45.2, ""tot_household"": 0, ""adm_cd"": ""11120"", ""adm_nm"": ""은평구"", ""matched_level"": ""sigungu""}",452988,45.2,0,11120
ba_13451078,sgis_population,,,,,,"{""tot_ppltn"": 496323, ""avg_age"": 40.9, ""tot_household"": 0, ""adm_cd"": ""31230"", ""adm_nm"": ""김포시"", ""matched_level"": ""sigungu""}",496323,40.9,0,31230
ba_13452835,sgis_population,,,,,,"{""tot_ppltn"": 39706, ""avg_age"": 55.8, ""tot_household"": 0, ""adm_cd"": ""38550"", ""adm_nm"": ""남해군"", ""matched_level"": ""sigungu""}",39706,55.8,0,38550
ba_13459937,sgis_population,,,,,,"{""tot_ppltn"": 484424, ""avg_age"": 43.6, ""tot_household"": 0, ""adm_cd"": ""31101"", ""adm_nm"": ""고양시 덕양구"", ""matched_level"": ""sigungu""}",484424,43.6,0,31101
ba_13470236,sgis_population,,,,,,"{""tot_ppltn"": 495553, ""avg_age"": 42.5, ""tot_household"": 0, ""adm_cd"": ""39010"", ""adm_nm"": ""제주시"", ""matched_level"": ""sigungu""}",495553,42.5,0,39010
ba_13471384,sgis_population,,,,,,"{""tot_ppltn"": 121626, ""avg_age"": 47.0, ""tot_household"": 0, ""adm_cd"": ""38050"", ""adm_nm"": ""통영시"", ""matched_level"": ""sigungu""}",121626,47.0,0,38050
ba_13472981,sgis_population,,,,,,"{""tot_ppltn"": 92990, ""avg_age"": 52.2, ""tot_household"": 0, ""adm_cd"": ""37080"", ""adm_nm"": ""상주시"", ""matched_level"": ""sigungu""}",92990,52.2,0,37080
ba_13473077,sgis_population,,,,,,"{""tot_ppltn"": 217950, ""avg_age"": 44.6, ""tot_household"": 0, ""adm_cd"": ""36010"", ""adm_nm"": ""목포시"", ""matched_level"": ""sigungu""}",217950,44.6,0,36010
ba_13475914,sgis_population,,,,,,"{""tot_ppltn"": 211536, ""avg_age"": 44.2, ""tot_household"": 0, ""adm_cd"": ""24030"", ""adm_nm"": ""남구"", ""matched_level"": ""sigungu""}",211536,44.2,0,24030
ba_13477857,sgis_population,,,,,,"{""tot_ppltn"": 115925, ""avg_age"": 49.0, ""tot_household"": 0, ""adm_cd"": ""34060"", ""adm_nm"": ""논산시"", ""matched_level"": ""sigungu""}",115925,49.0,0,34060
ba_13492399,sgis_population,,,,,,"{""tot_ppltn"": 549557, ""avg_age"": 43.8, ""tot_household"": 0, ""adm_cd"": ""11160"", ""adm_nm"": ""강서구"", ""matched_level"": ""sigungu""}",549557,43.8,0,11160
ba_13504506,sgis_population,,,,,,"{""tot_ppltn"": 386261, ""avg_age"": 37.7, ""tot_household"": 0, ""adm_cd"": ""29"", ""adm_nm"": ""세종특별자치시"", ""matched_level"": ""province""}",386261,37.7,0,29
ba_13522931,sgis_population,,,,,,"{""tot_ppltn"": 495339, ""avg_age"": 42.1, ""tot_household"": 0, ""adm_cd"": ""31200"", ""adm_nm"": ""파주시"", ""matched_level"": ""sigungu""}",495339,42.1,0,31200
ba_13539608,sgis_population,,,,,,"{""tot_ppltn"": 243412, ""avg_age"": 42.0, ""tot_household"": 0, ""adm_cd"": ""38112"", ""adm_nm"": ""창원시 성산구"", ""matched_level"": ""sigungu""}",243412,42.0,0,38112
ba_13539851,sgis_population,,,,,,"{""tot_ppltn"": 214516, ""avg_age"": 43.8, ""tot_household"": 0, ""adm_cd"": ""38111"", ""adm_nm"": ""창원시 의창구"", ""matched_level"": ""sigungu""}",214516,43.8,0,38111
ba_13539979,sgis_population,,,,,,"{""tot_ppltn"": 171779, ""avg_age"": 45.1, ""tot_household"": 0, ""adm_cd"": ""25050"", ""adm_nm"": ""대덕구"", ""matched_level"": ""sigungu""}",171779,45.1,0,25050
ba_13550181,sgis_population,,,,,,"{""tot_ppltn"": 269641, ""avg_age"": 43.0, ""tot_household"": 0, ""adm_cd"": ""31260"", ""adm_nm"": ""양주시"", ""matched_level"": ""sigungu""}",269641,43.0,0,31260
ba_13550240,sgis_population,,,,,,"{""tot_ppltn"": 196291, ""avg_age"": 40.9, ""tot_household"": 0, ""adm_cd"": ""33044"", ""adm_nm"": ""청주시 청원구"", ""matched_level"": ""sigungu""}",196291,40.9,0,33044
ba_13574800,sgis_population,,,,,,"{""tot_ppltn"": 396295, ""avg_age"": 44.3, ""tot_household"": 0, ""adm_cd"": ""22060"", ""adm_nm"": ""수성구"", ""matched_level"": ""sigungu""}",396295,44.3,0,22060
ba_13580972,sgis_population,,,,,,"{""tot_ppltn"": 361380, ""avg_age"": 42.2, ""tot_household"": 0, ""adm_cd"": ""11140"", ""adm_nm"": ""마포구"", ""matched_level"": ""sigungu""}",361380,42.2,0,11140
ba_13584348,sgis_population,,,,,,"{""tot_ppltn"": 355644, ""avg_age"": 45.5, ""tot_household"": 0, ""adm_cd"": ""21050"", ""adm_nm"": ""부산진구"", ""matched_level"": ""sigungu""}",355644,45.5,0,21050
ba_13596071,sgis_population,,,,,,"{""tot_ppltn"": 452988, ""avg_age"": 45.2, ""tot_household"": 0, ""adm_cd"": ""11120"", ""adm_nm"": ""은평구"", ""matched_level"": ""sigungu""}",452988,45.2,0,11120
ba_13596730,sgis_population,,,,,,"{""tot_ppltn"": 335589, ""avg_age"": 46.1, ""tot_household"": 0, ""adm_cd"": ""22020"", ""adm_nm"": ""동구"", ""matched_level"": ""sigungu""}",335589,46.1,0,22020
ba_13612153,sgis_population,,,,,,"{""tot_ppltn"": 275397, ""avg_age"": 43.4, ""tot_household"": 0, ""adm_cd"": ""31060"", ""adm_nm"": ""광명시"", ""matched_level"": ""sigungu""}",275397,43.4,0,31060
ba_13628326,sgis_population,,,,,,"{""tot_ppltn"": 355644, ""avg_age"": 45.5, ""tot_household"": 0, ""adm_cd"": ""21050"", ""adm_nm"": ""부산진구"", ""matched_level"": ""sigungu""}",355644,45.5,0,21050
ba_13630053,sgis_population,,,,,,"{""tot_ppltn"": 109008, ""avg_age"": 47.5, ""tot_household"": 0, ""adm_cd"": ""38060"", ""adm_nm"": ""사천시"", ""matched_level"": ""sigungu""}",109008,47.5,0,38060
ba_13639608,sgis_population,,,,,,"{""tot_ppltn"": 284014, ""avg_age"": 43.5, ""tot_household"": 0, ""adm_cd"": ""24020"", ""adm_nm"": ""서구"", ""matched_level"": ""sigungu""}",284014,43.5,0,24020
ba_13648667,sgis_population,,,,,,"{""tot_ppltn"": 379100, ""avg_age"": 39.0, ""tot_household"": 0, ""adm_cd"": ""25040"", ""adm_nm"": ""유성구"", ""matched_level"": ""sigungu""}",379100,39.0,0,25040
ba_13651212,sgis_population,,,,,,"{""tot_ppltn"": 284014, ""avg_age"": 43.5, ""tot_household"": 0, ""adm_cd"": ""24020"", ""adm_nm"": ""서구"", ""matched_level"": ""sigungu""}",284014,43.5,0,24020
ba_13683573,sgis_population,,,,,,"{""tot_ppltn"": 495553, ""avg_age"": 42.5, ""tot_household"": 0, ""adm_cd"": ""39010"", ""adm_nm"": ""제주시"", ""matched_level"": ""sigungu""}",495553,42.5,0,39010
ba_13722581,sgis_population,,,,,,"{""tot_ppltn"": 154788, ""avg_age"": 43.6, ""tot_household"": 0, ""adm_cd"": ""31170"", ""adm_nm"": ""의왕시"", ""matched_level"": ""sigungu""}",154788,43.6,0,31170
ba_13730162,sgis_population,,,,,,"{""tot_ppltn"": 296453, ""avg_age"": 42.7, ""tot_household"": 0, ""adm_cd"": ""37100"", ""adm_nm"": ""경산시"", ""matched_level"": ""sigungu""}",296453,42.7,0,37100
ba_13752011,sgis_population,,,,,,"{""tot_ppltn"": 366636, ""avg_age"": 38.2, ""tot_household"": 0, ""adm_cd"": ""31014"", ""adm_nm"": ""수원시 영통구"", ""matched_level"": ""sigungu""}",366636,38.2,0,31014
ba_13768149,sgis_population,,,,,,"{""tot_ppltn"": 171779, ""avg_age"": 45.1, ""tot_household"": 0, ""adm_cd"": ""25050"", ""adm_nm"": ""대덕구"", ""matched_level"": ""sigungu""}",171779,45.1,0,25050
ba_13769748,sgis_population,,,,,,"{""tot_ppltn"": 37607, ""avg_age"": 54.2, ""tot_household"": 0, ""adm_cd"": ""33560"", ""adm_nm"": ""괴산군"", ""matched_level"": ""sigungu""}",37607,54.2,0,33560
ba_13787561,sgis_population,,,,,,"{""tot_ppltn"": 605678, ""avg_age"": 40.8, ""tot_household"": 0, ""adm_cd"": ""31070"", ""adm_nm"": ""평택시"", ""matched_level"": ""sigungu""}",605678,40.8,0,31070
ba_13870012,sgis_population,,,,,,"{""tot_ppltn"": 568455, ""avg_age"": 40.7, ""tot_household"": 0, ""adm_cd"": ""31150"", ""adm_nm"": ""시흥시"", ""matched_level"": ""sigungu""}",568455,40.7,0,31150
ba_13918069,sgis_population,,,,,,"{""tot_ppltn"": 605678, ""avg_age"": 40.8, ""tot_household"": 0, ""adm_cd"": ""31070"", ""adm_nm"": ""평택시"", ""matched_level"": ""sigungu""}",605678,40.8,0,31070
ba_13928548,sgis_population,,,,,,"{""tot_ppltn"": 230134, ""avg_age"": 44.3, ""tot_household"": 0, ""adm_cd"": ""25010"", ""adm_nm"": ""동구"", ""matched_level"": ""sigungu""}",230134,44.3,0,25010
ba_13969584,sgis_population,,,,,,"{""tot_ppltn"": 430146, ""avg_age"": 43.5, ""tot_household"": 0, ""adm_cd"": ""22050"", ""adm_nm"": ""북구"", ""matched_level"": ""sigungu""}",430146,43.5,0,22050
ba_13969607,sgis_population,,,,,,"{""tot_ppltn"": 214516, ""avg_age"": 43.8, ""tot_household"": 0, ""adm_cd"": ""38111"", ""adm_nm"": ""창원시 의창구"", ""matched_level"": ""sigungu""}",214516,43.8,0,38111
ba_13970104,sgis_population,,,,,,"{""tot_ppltn"": 335589, ""avg_age"": 46.1, ""tot_household"": 0, ""adm_cd"": ""22020"", ""adm_nm"": ""동구"", ""matched_level"": ""sigungu""}",335589,46.1,0,22020
ba_13972155,sgis_population,,,,,,"{""tot_ppltn"": 284014, ""avg_age"": 43.5, ""tot_household"": 0, ""adm_cd"": ""24020"", ""adm_nm"": ""서구"", ""matched_level"": ""sigungu""}",284014,43.5,0,24020
ba_13972425,sgis_population,,,,,,"{""tot_ppltn"": 432033, ""avg_age"": 43.2, ""tot_household"": 0, ""adm_cd"": ""24040"", ""adm_nm"": ""북구"", ""matched_level"": ""sigungu""}",432033,43.2,0,24040
ba_13972595,sgis_population,,,,,,"{""tot_ppltn"": 117012, ""avg_age"": 45.3, ""tot_household"": 0, ""adm_cd"": ""36040"", ""adm_nm"": ""나주시"", ""matched_level"": ""sigungu""}",117012,45.3,0,36040
ba_13972771,sgis_population,,,,,,"{""tot_ppltn"": 284014, ""avg_age"": 43.5, ""tot_household"": 0, ""adm_cd"": ""24020"", ""adm_nm"": ""서구"", ""matched_level"": ""sigungu""}",284014,43.5,0,24020
ba_13972819,sgis_population,,,,,,"{""tot_ppltn"": 366636, ""avg_age"": 38.2, ""tot_household"": 0, ""adm_cd"": ""31014"", ""adm_nm"": ""수원시 영통구"", ""matched_level"": ""sigungu""}",366636,38.2,0,31014
ba_13973349,sgis_population,,,,,,"{""tot_ppltn"": 292504, ""avg_age"": 44.0, ""tot_household"": 0, ""adm_cd"": ""32010"", ""adm_nm"": ""춘천시"", ""matched_level"": ""sigungu""}",292504,44.0,0,32010
ba_13973745,sgis_population,,,,,,"{""tot_ppltn"": 245860, ""avg_age"": 45.7, ""tot_household"": 0, ""adm_cd"": ""11180"", ""adm_nm"": ""금천구"", ""matched_level"": ""sigungu""}",245860,45.7,0,11180
ba_13973813,sgis_population,,,,,,"{""tot_ppltn"": 353190, ""avg_age"": 42.5, ""tot_household"": 0, ""adm_cd"": ""31092"", ""adm_nm"": ""안산시 단원구"", ""matched_level"": ""sigungu""}",353190,42.5,0,31092
ba_13973901,sgis_population,,,,,,"{""tot_ppltn"": 45789, ""avg_age"": 52.6, ""tot_household"": 0, ""adm_cd"": ""32520"", ""adm_nm"": ""횡성군"", ""matched_level"": ""sigungu""}",45789,52.6,0,32520
ba_13974075,sgis_population,,,,,,"{""tot_ppltn"": 211665, ""avg_age"": 43.6, ""tot_household"": 0, ""adm_cd"": ""31013"", ""adm_nm"": ""수원시 팔달구"", ""matched_level"": ""sigungu""}",211665,43.6,0,31013
ba_13975731,sgis_population,,,,,,"{""tot_ppltn"": 400544, ""avg_age"": 44.0, ""tot_household"": 0, ""adm_cd"": ""11190"", ""adm_nm"": ""영등포구"", ""matched_level"": ""sigungu""}",400544,44.0,0,11190
ba_13976616,sgis_population,,,,,,"{""tot_ppltn"": 267392, ""avg_age"": 45.9, ""tot_household"": 0, ""adm_cd"": ""36020"", ""adm_nm"": ""여수시"", ""matched_level"": ""sigungu""}",267392,45.9,0,36020
ba_13976690,sgis_population,,,,,,"{""tot_ppltn"": 361380, ""avg_age"": 42.2, ""tot_household"": 0, ""adm_cd"": ""11140"", ""adm_nm"": ""마포구"", ""matched_level"": ""sigungu""}",361380,42.2,0,11140
ba_13977023,sgis_population,,,,,,"{""tot_ppltn"": 269641, ""avg_age"": 43.0, ""tot_household"": 0, ""adm_cd"": ""31260"", ""adm_nm"": ""양주시"", ""matched_level"": ""sigungu""}",269641,43.0,0,31260
ba_13977167,sgis_population,,,,,,"{""tot_ppltn"": 452988, ""avg_age"": 45.2, ""tot_household"": 0, ""adm_cd"": ""11120"", ""adm_nm"": ""은평구"", ""matched_level"": ""sigungu""}",452988,45.2,0,11120
ba_13984579,sgis_population,,,,,,"{""tot_ppltn"": 446561, ""avg_age"": 43.7, ""tot_household"": 0, ""adm_cd"": ""11250"", ""adm_nm"": ""강동구"", ""matched_level"": ""sigungu""}",446561,43.7,0,11250
ba_14042200,sgis_population,,,,,,"{""tot_ppltn"": 277683, ""avg_age"": 43.5, ""tot_household"": 0, ""adm_cd"": ""11040"", ""adm_nm"": ""성동구"", ""matched_level"": ""sigungu""}",277683,43.5,0,11040
ba_14049107,sgis_population,,,,,,"{""tot_ppltn"": 408476, ""avg_age"": 39.9, ""tot_household"": 0, ""adm_cd"": ""23040"", ""adm_nm"": ""연수구"", ""matched_level"": ""sigungu""}",408476,39.9,0,23040
ba_14092187,sgis_population,,,,,,"{""tot_ppltn"": 285959, ""avg_age"": 44.1, ""tot_household"": 0, ""adm_cd"": ""31103"", ""adm_nm"": ""고양시 일산동구"", ""matched_level"": ""sigungu""}",285959,44.1,0,31103
ba_14103678,sgis_population,,,,,,"{""tot_ppltn"": 452988, ""avg_age"": 45.2, ""tot_household"": 0, ""adm_cd"": ""11120"", ""adm_nm"": ""은평구"", ""matched_level"": ""sigungu""}",452988,45.2,0,11120
ba_14108842,sgis_population,,,,,,"{""tot_ppltn"": 59689, ""avg_age"": 47.7, ""tot_household"": 0, ""adm_cd"": ""36610"", ""adm_nm"": ""영암군"", ""matched_level"": ""sigungu""}",59689,47.7,0,36610
ba_14117511,sgis_population,,,,,,"{""tot_ppltn"": 511084, ""avg_age"": 42.5, ""tot_household"": 0, ""adm_cd"": ""11230"", ""adm_nm"": ""강남구"", ""matched_level"": ""sigungu""}",511084,42.5,0,11230
ba_14117512,sgis_population,,,,,,"{""tot_ppltn"": 511084, ""avg_age"": 42.5, ""tot_household"": 0, ""adm_cd"": ""11230"", ""adm_nm"": ""강남구"", ""matched_level"": ""sigungu""}",511084,42.5,0,11230
ba_14153764,sgis_population,,,,,,"{""tot_ppltn"": 414941, ""avg_age"": 44.5, ""tot_household"": 0, ""adm_cd"": ""23090"", ""adm_nm"": ""미추홀구"", ""matched_level"": ""sigungu""}",414941,44.5,0,23090
ba_14171127,sgis_population,,,,,,"{""tot_ppltn"": 335589, ""avg_age"": 46.1, ""tot_household"": 0, ""adm_cd"": ""22020"", ""adm_nm"": ""동구"", ""matched_level"": ""sigungu""}",335589,46.1,0,22020
ba_14173661,sgis_population,,,,,,"{""tot_ppltn"": 243412, ""avg_age"": 42.0, ""tot_household"": 0, ""adm_cd"": ""38112"", ""adm_nm"": ""창원시 성산구"", ""matched_level"": ""sigungu""}",243412,42.0,0,38112
ba_14185617,sgis_population,,,,,,"{""tot_ppltn"": 100479, ""avg_age"": 49.9, ""tot_household"": 0, ""adm_cd"": ""37060"", ""adm_nm"": ""영주시"", ""matched_level"": ""sigungu""}",100479,49.9,0,37060
ba_14189792,sgis_population,,,,,,"{""tot_ppltn"": 370849, ""avg_age"": 45.7, ""tot_household"": 0, ""adm_cd"": ""21090"", ""adm_nm"": ""해운대구"", ""matched_level"": ""sigungu""}",370849,45.7,0,21090
ba_14190360,sgis_population,,,,,,"{""tot_ppltn"": 285959, ""avg_age"": 44.1, ""tot_household"": 0, ""adm_cd"": ""31103"", ""adm_nm"": ""고양시 일산동구"", ""matched_level"": ""sigungu""}",285959,44.1,0,31103
ba_14228061,sgis_population,,,,,,"{""tot_ppltn"": 492979, ""avg_age"": 44.2, ""tot_household"": 0, ""adm_cd"": ""11110"", ""adm_nm"": ""노원구"", ""matched_level"": ""sigungu""}",492979,44.2,0,11110
ba_14228062,sgis_population,,,,,,"{""tot_ppltn"": 492979, ""avg_age"": 44.2, ""tot_household"": 0, ""adm_cd"": ""11110"", ""adm_nm"": ""노원구"", ""matched_level"": ""sigungu""}",492979,44.2,0,11110
ba_14228480,sgis_population,,,,,,"{""tot_ppltn"": 348160, ""avg_age"": 42.8, ""tot_household"": 0, ""adm_cd"": ""11050"", ""adm_nm"": ""광진구"", ""matched_level"": ""sigungu""}",348160,42.8,0,11050
ba_14228481,sgis_population,,,,,,"{""tot_ppltn"": 348160, ""avg_age"": 42.8, ""tot_household"": 0, ""adm_cd"": ""11050"", ""adm_nm"": ""광진구"", ""matched_level"": ""sigungu""}",348160,42.8,0,11050
ba_14229365,sgis_population,,,,,,"{""tot_ppltn"": 348160, ""avg_age"": 42.8, ""tot_household"": 0, ""adm_cd"": ""11050"", ""adm_nm"": ""광진구"", ""matched_level"": ""sigungu""}",348160,42.8,0,11050
ba_14238012,sgis_population,,,,,,"{""tot_ppltn"": 154581, ""avg_age"": 48.2, ""tot_household"": 0, ""adm_cd"": ""37040"", ""adm_nm"": ""안동시"", ""matched_level"": ""sigungu""}",154581,48.2,0,37040
ba_14239270,sgis_population,,,,,,"{""tot_ppltn"": 539884, ""avg_age"": 43.9, ""tot_household"": 0, ""adm_cd"": ""22070"", ""adm_nm"": ""달서구"", ""matched_level"": ""sigungu""}",539884,43.9,0,22070
ba_14245849,sgis_population,,,,,,"{""tot_ppltn"": 147378, ""avg_age"": 43.2, ""tot_household"": 0, ""adm_cd"": ""36060"", ""adm_nm"": ""광양시"", ""matched_level"": ""sigungu""}",147378,43.2,0,36060
ba_14245878,sgis_population,,,,,,"{""tot_ppltn"": 302751, ""avg_age"": 42.3, ""tot_household"": 0, ""adm_cd"": ""31042"", ""adm_nm"": ""안양시 동안구"", ""matched_level"": ""sigungu""}",302751,42.3,0,31042
ba_14248050,sgis_population,,,,,,"{""tot_ppltn"": 220292, ""avg_age"": 46.3, ""tot_household"": 0, ""adm_cd"": ""25020"", ""adm_nm"": ""중구"", ""matched_level"": ""sigungu""}",220292,46.3,0,25020
ba_14248059,sgis_population,,,,,,"{""tot_ppltn"": 220292, ""avg_age"": 46.3, ""tot_household"": 0, ""adm_cd"": ""25020"", ""adm_nm"": ""중구"", ""matched_level"": ""sigungu""}",220292,46.3,0,25020
ba_14249433,sgis_population,,,,,,"{""tot_ppltn"": 298826, ""avg_age"": 46.6, ""tot_household"": 0, ""adm_cd"": ""21100"", ""adm_nm"": ""사하구"", ""matched_level"": ""sigungu""}",298826,46.6,0,21100
ba_14249441,sgis_population,,,,,,"{""tot_ppltn"": 298826, ""avg_age"": 46.6, ""tot_household"": 0, ""adm_cd"": ""21100"", ""adm_nm"": ""사하구"", ""matched_level"": ""sigungu""}",298826,46.6,0,21100
ba_14250328,sgis_population,,,,,,"{""tot_ppltn"": 183048, ""avg_age"": 43.9, ""tot_household"": 0, ""adm_cd"": ""31120"", ""adm_nm"": ""구리시"", ""matched_level"": ""sigungu""}",183048,43.9,0,31120
ba_14250329,sgis_population,,,,,,"{""tot_ppltn"": 183048, ""avg_age"": 43.9, ""tot_household"": 0, ""adm_cd"": ""31120"", ""adm_nm"": ""구리시"", ""matched_level"": ""sigungu""}",183048,43.9,0,31120
ba_14251741,sgis_population,,,,,,"{""tot_ppltn"": 430146, ""avg_age"": 43.5, ""tot_household"": 0, ""adm_cd"": ""22050"", ""adm_nm"": ""북구"", ""matched_level"": ""sigungu""}",430146,43.5,0,22050
ba_14251745,sgis_population,,,,,,"{""tot_ppltn"": 430146, ""avg_age"": 43.5, ""tot_household"": 0, ""adm_cd"": ""22050"", ""adm_nm"": ""북구"", ""matched_level"": ""sigungu""}",430146,43.5,0,22050
ba_14252159,sgis_population,,,,,,"{""tot_ppltn"": 384089, ""avg_age"": 43.4, ""tot_household"": 0, ""adm_cd"": ""11200"", ""adm_nm"": ""동작구"", ""matched_level"": ""sigungu""}",384089,43.4,0,11200
ba_14253619,sgis_population,,,,,,"{""tot_ppltn"": 400544, ""avg_age"": 44.0, ""tot_household"": 0, ""adm_cd"": ""11190"", ""adm_nm"": ""영등포구"", ""matched_level"": ""sigungu""}",400544,44.0,0,11190
ba_14254080,sgis_population,,,,,,"{""tot_ppltn"": 376621, ""avg_age"": 45.7, ""tot_household"": 0, ""adm_cd"": ""11070"", ""adm_nm"": ""중랑구"", ""matched_level"": ""sigungu""}",376621,45.7,0,11070
ba_14256619,sgis_population,,,,,,"{""tot_ppltn"": 302751, ""avg_age"": 42.3, ""tot_household"": 0, ""adm_cd"": ""31042"", ""adm_nm"": ""안양시 동안구"", ""matched_level"": ""sigungu""}",302751,42.3,0,31042
ba_14259741,sgis_population,,,,,,"{""tot_ppltn"": 292504, ""avg_age"": 44.0, ""tot_household"": 0, ""adm_cd"": ""32010"", ""adm_nm"": ""춘천시"", ""matched_level"": ""sigungu""}",292504,44.0,0,32010
ba_14260091,sgis_population,,,,,,"{""tot_ppltn"": 498558, ""avg_age"": 44.6, ""tot_household"": 0, ""adm_cd"": ""23060"", ""adm_nm"": ""부평구"", ""matched_level"": ""sigungu""}",498558,44.6,0,23060
ba_14260093,sgis_population,,,,,,"{""tot_ppltn"": 498558, ""avg_age"": 44.6, ""tot_household"": 0, ""adm_cd"": ""23060"", ""adm_nm"": ""부평구"", ""matched_level"": ""sigungu""}",498558,44.6,0,23060
ba_14262149,sgis_population,,,,,,"{""tot_ppltn"": 274005, ""avg_age"": 42.7, ""tot_household"": 0, ""adm_cd"": ""31191"", ""adm_nm"": ""용인시 처인구"", ""matched_level"": ""sigungu""}",274005,42.7,0,31191
ba_14267053,sgis_population,,,,,,"{""tot_ppltn"": 228695, ""avg_age"": 42.3, ""tot_household"": 0, ""adm_cd"": ""31210"", ""adm_nm"": ""이천시"", ""matched_level"": ""sigungu""}",228695,42.3,0,31210
ba_14267751,sgis_population,,,,,,"{""tot_ppltn"": 422248, ""avg_age"": 43.7, ""tot_household"": 0, ""adm_cd"": ""11150"", ""adm_nm"": ""양천구"", ""matched_level"": ""sigungu""}",422248,43.7,0,11150
ba_14268780,sgis_population,,,,,,"{""tot_ppltn"": 386261, ""avg_age"": 37.7, ""tot_household"": 0, ""adm_cd"": ""29"", ""adm_nm"": ""세종특별자치시"", ""matched_level"": ""province""}",386261,37.7,0,29
ba_14270407,sgis_population,,,,,,"{""tot_ppltn"": 370849, ""avg_age"": 45.7, ""tot_household"": 0, ""adm_cd"": ""21090"", ""adm_nm"": ""해운대구"", ""matched_level"": ""sigungu""}",370849,45.7,0,21090
ba_14270903,sgis_population,,,,,,"{""tot_ppltn"": 405077, ""avg_age"": 43.7, ""tot_household"": 0, ""adm_cd"": ""31051"", ""adm_nm"": ""부천시 원미구"", ""matched_level"": ""sigungu""}",405077,43.7,0,31051
ba_14270904,sgis_population,,,,,,"{""tot_ppltn"": 405077, ""avg_age"": 43.7, ""tot_household"": 0, ""adm_cd"": ""31051"", ""adm_nm"": ""부천시 원미구"", ""matched_level"": ""sigungu""}",405077,43.7,0,31051
ba_14271330,sgis_population,,,,,,"{""tot_ppltn"": 175691, ""avg_age"": 42.8, ""tot_household"": 0, ""adm_cd"": ""21510"", ""adm_nm"": ""기장군"", ""matched_level"": ""sigungu""}",175691,42.8,0,21510
ba_14271331,sgis_population,,,,,,"{""tot_ppltn"": 175691, ""avg_age"": 42.8, ""tot_household"": 0, ""adm_cd"": ""21510"", ""adm_nm"": ""기장군"", ""matched_level"": ""sigungu""}",175691,42.8,0,21510
ba_14272179,sgis_population,,,,,,"{""tot_ppltn"": 228695, ""avg_age"": 42.3, ""tot_household"": 0, ""adm_cd"": ""31210"", ""adm_nm"": ""이천시"", ""matched_level"": ""sigungu""}",228695,42.3,0,31210
ba_14272566,sgis_population,,,,,,"{""tot_ppltn"": 275397, ""avg_age"": 43.4, ""tot_household"": 0, ""adm_cd"": ""31060"", ""adm_nm"": ""광명시"", ""matched_level"": ""sigungu""}",275397,43.4,0,31060
ba_14273436,sgis_population,,,,,,"{""tot_ppltn"": 238671, ""avg_age"": 42.0, ""tot_household"": 0, ""adm_cd"": ""38090"", ""adm_nm"": ""거제시"", ""matched_level"": ""sigungu""}",238671,42.0,0,38090
ba_14273478,sgis_population,,,,,,"{""tot_ppltn"": 405077, ""avg_age"": 43.7, ""tot_household"": 0, ""adm_cd"": ""31051"", ""adm_nm"": ""부천시 원미구"", ""matched_level"": ""sigungu""}",405077,43.7,0,31051
ba_14273972,sgis_population,,,,,,"{""tot_ppltn"": 26473, ""avg_age"": 54.9, ""tot_household"": 0, ""adm_cd"": ""33580"", ""adm_nm"": ""단양군"", ""matched_level"": ""sigungu""}",26473,54.9,0,33580
ba_14274675,sgis_population,,,,,,"{""tot_ppltn"": 215990, ""avg_age"": 45.9, ""tot_household"": 0, ""adm_cd"": ""33020"", ""adm_nm"": ""충주시"", ""matched_level"": ""sigungu""}",215990,45.9,0,33020
ba_14274836,sgis_population,,,,,,"{""tot_ppltn"": 157111, ""avg_age"": 46.7, ""tot_household"": 0, ""adm_cd"": ""31270"", ""adm_nm"": ""포천시"", ""matched_level"": ""sigungu""}",157111,46.7,0,31270
ba_14276685,sgis_population,,,,,,"{""tot_ppltn"": 40702, ""avg_age"": 47.6, ""tot_household"": 0, ""adm_cd"": ""32560"", ""adm_nm"": ""철원군"", ""matched_level"": ""sigungu""}",40702,47.6,0,32560
ba_14277930,sgis_population,,,,,,"{""tot_ppltn"": 974156, ""avg_age"": 38.2, ""tot_household"": 0, ""adm_cd"": ""31240"", ""adm_nm"": ""화성시"", ""matched_level"": ""sigungu""}",974156,38.2,0,31240
ba_14279612,sgis_population,,,,,,"{""tot_ppltn"": 270951, ""avg_age"": 46.3, ""tot_household"": 0, ""adm_cd"": ""21080"", ""adm_nm"": ""북구"", ""matched_level"": ""sigungu""}",270951,46.3,0,21080
ba_14280570,sgis_population,,,,,,"{""tot_ppltn"": 451221, ""avg_age"": 42.3, ""tot_household"": 0, ""adm_cd"": ""31023"", ""adm_nm"": ""성남시 분당구"", ""matched_level"": ""sigungu""}",451221,42.3,0,31023
ba_14283482,sgis_population,,,,,,"{""tot_ppltn"": 422248, ""avg_age"": 43.7, ""tot_household"": 0, ""adm_cd"": ""11150"", ""adm_nm"": ""양천구"", ""matched_level"": ""sigungu""}",422248,43.7,0,11150
ba_14285796,sgis_population,,,,,,"{""tot_ppltn"": 161396, ""avg_age"": 49.6, ""tot_household"": 0, ""adm_cd"": ""22030"", ""adm_nm"": ""서구"", ""matched_level"": ""sigungu""}",161396,49.6,0,22030
ba_14294026,sgis_population,,,,,,"{""tot_ppltn"": 432033, ""avg_age"": 43.2, ""tot_household"": 0, ""adm_cd"": ""24040"", ""adm_nm"": ""북구"", ""matched_level"": ""sigungu""}",432033,43.2,0,24040
ba_14294656,sgis_population,,,,,,"{""tot_ppltn"": 498558, ""avg_age"": 44.6, ""tot_household"": 0, ""adm_cd"": ""23060"", ""adm_nm"": ""부평구"", ""matched_level"": ""sigungu""}",498558,44.6,0,23060
ba_14296954,sgis_population,,,,,,"{""tot_ppltn"": 197451, ""avg_age"": 43.3, ""tot_household"": 0, ""adm_cd"": ""33041"", ""adm_nm"": ""청주시 상당구"", ""matched_level"": ""sigungu""}",197451,43.3,0,33041
ba_14297681,sgis_population,,,,,,"{""tot_ppltn"": 178618, ""avg_age"": 45.0, ""tot_household"": 0, ""adm_cd"": ""34050"", ""adm_nm"": ""서산시"", ""matched_level"": ""sigungu""}",178618,45.0,0,34050
ba_14308401,sgis_population,,,,,,"{""tot_ppltn"": 511084, ""avg_age"": 42.5, ""tot_household"": 0, ""adm_cd"": ""11230"", ""adm_nm"": ""강남구"", ""matched_level"": ""sigungu""}",511084,42.5,0,11230
ba_14308402,sgis_population,,,,,,"{""tot_ppltn"": 511084, ""avg_age"": 42.5, ""tot_household"": 0, ""adm_cd"": ""11230"", ""adm_nm"": ""강남구"", ""matched_level"": ""sigungu""}",511084,42.5,0,11230
ba_14309634,sgis_population,,,,,,"{""tot_ppltn"": 511084, ""avg_age"": 42.5, ""tot_household"": 0, ""adm_cd"": ""11230"", ""adm_nm"": ""강남구"", ""matched_level"": ""sigungu""}",511084,42.5,0,11230
ba_14322928,sgis_population,,,,,,"{""tot_ppltn"": 405077, ""avg_age"": 43.7, ""tot_household"": 0, ""adm_cd"": ""31051"", ""adm_nm"": ""부천시 원미구"", ""matched_level"": ""sigungu""}",405077,43.7,0,31051
ba_14325499,sgis_population,,,,,,"{""tot_ppltn"": 215990, ""avg_age"": 45.9, ""tot_household"": 0, ""adm_cd"": ""33020"", ""adm_nm"": ""충주시"", ""matched_level"": ""sigungu""}",215990,45.9,0,33020
ba_14327485,sgis_population,,,,,,"{""tot_ppltn"": 568455, ""avg_age"": 40.7, ""tot_household"": 0, ""adm_cd"": ""31150"", ""adm_nm"": ""시흥시"", ""matched_level"": ""sigungu""}",568455,40.7,0,31150
ba_14327700,sgis_population,,,,,,"{""tot_ppltn"": 355644, ""avg_age"": 45.5, ""tot_household"": 0, ""adm_cd"": ""21050"", ""adm_nm"": ""부산진구"", ""matched_level"": ""sigungu""}",355644,45.5,0,21050
ba_14332090,sgis_population,,,,,,"{""tot_ppltn"": 272041, ""avg_age"": 43.6, ""tot_household"": 0, ""adm_cd"": ""36030"", ""adm_nm"": ""순천시"", ""matched_level"": ""sigungu""}",272041,43.6,0,36030
ba_14332093,sgis_population,,,,,,"{""tot_ppltn"": 272041, ""avg_age"": 43.6, ""tot_household"": 0, ""adm_cd"": ""36030"", ""adm_nm"": ""순천시"", ""matched_level"": ""sigungu""}",272041,43.6,0,36030
ba_14335138,sgis_population,,,,,,"{""tot_ppltn"": 230134, ""avg_age"": 44.3, ""tot_household"": 0, ""adm_cd"": ""25010"", ""adm_nm"": ""동구"", ""matched_level"": ""sigungu""}",230134,44.3,0,25010
ba_14335172,sgis_population,,,,,,"{""tot_ppltn"": 568455, ""avg_age"": 40.7, ""tot_household"": 0, ""adm_cd"": ""31150"", ""adm_nm"": ""시흥시"", ""matched_level"": ""sigungu""}",568455,40.7,0,31150
ba_14336642,sgis_population,,,,,,"{""tot_ppltn"": 210665, ""avg_age"": 44.6, ""tot_household"": 0, ""adm_cd"": ""31022"", ""adm_nm"": ""성남시 중원구"", ""matched_level"": ""sigungu""}",210665,44.6,0,31022
ba_14338227,sgis_population,,,,,,"{""tot_ppltn"": 210665, ""avg_age"": 44.6, ""tot_household"": 0, ""adm_cd"": ""31022"", ""adm_nm"": ""성남시 중원구"", ""matched_level"": ""sigungu""}",210665,44.6,0,31022
ba_14341228,sgis_population,,,,,,"{""tot_ppltn"": 605678, ""avg_age"": 40.8, ""tot_household"": 0, ""adm_cd"": ""31070"", ""adm_nm"": ""평택시"", ""matched_level"": ""sigungu""}",605678,40.8,0,31070
ba_14352915,sgis_population,,,,,,"{""tot_ppltn"": 267045, ""avg_age"": 41.6, ""tot_household"": 0, ""adm_cd"": ""22510"", ""adm_nm"": ""달성군"", ""matched_level"": ""sigungu""}",267045,41.6,0,22510
ba_14356032,sgis_population,,,,,,"{""tot_ppltn"": 119320, ""avg_age"": 50.1, ""tot_household"": 0, ""adm_cd"": ""31580"", ""adm_nm"": ""양평군"", ""matched_level"": ""sigungu""}",119320,50.1,0,31580
ba_14360458,sgis_population,,,,,,"{""tot_ppltn"": 281394, ""avg_age"": 40.5, ""tot_household"": 0, ""adm_cd"": ""33043"", ""adm_nm"": ""청주시 흥덕구"", ""matched_level"": ""sigungu""}",281394,40.5,0,33043
ba_14363013,sgis_population,,,,,,"{""tot_ppltn"": 432033, ""avg_age"": 43.2, ""tot_household"": 0, ""adm_cd"": ""24040"", ""adm_nm"": ""북구"", ""matched_level"": ""sigungu""}",432033,43.2,0,24040
ba_14371606,sgis_population,,,,,,"{""tot_ppltn"": 265047, ""avg_age"": 45.3, ""tot_household"": 0, ""adm_cd"": ""21060"", ""adm_nm"": ""동래구"", ""matched_level"": ""sigungu""}",265047,45.3,0,21060
ba_14387283,sgis_population,,,,,,"{""tot_ppltn"": 364511, ""avg_age"": 41.2, ""tot_household"": 0, ""adm_cd"": ""31193"", ""adm_nm"": ""용인시 수지구"", ""matched_level"": ""sigungu""}",364511,41.2,0,31193
ba_14387630,sgis_population,,,,,,"{""tot_ppltn"": 549557, ""avg_age"": 43.8, ""tot_household"": 0, ""adm_cd"": ""11160"", ""adm_nm"": ""강서구"", ""matched_level"": ""sigungu""}",549557,43.8,0,11160
ba_14388856,sgis_population,,,,,,"{""tot_ppltn"": 400544, ""avg_age"": 44.0, ""tot_household"": 0, ""adm_cd"": ""11190"", ""adm_nm"": ""영등포구"", ""matched_level"": ""sigungu""}",400544,44.0,0,11190
ba_14388863,sgis_population,,,,,,"{""tot_ppltn"": 400544, ""avg_age"": 44.0, ""tot_household"": 0, ""adm_cd"": ""11190"", ""adm_nm"": ""영등포구"", ""matched_level"": ""sigungu""}",400544,44.0,0,11190
ba_14390691,sgis_population,,,,,,"{""tot_ppltn"": 296453, ""avg_age"": 42.7, ""tot_household"": 0, ""adm_cd"": ""37100"", ""adm_nm"": ""경산시"", ""matched_level"": ""sigungu""}",296453,42.7,0,37100
ba_14392310,sgis_population,,,,,,"{""tot_ppltn"": 549557, ""avg_age"": 43.8, ""tot_household"": 0, ""adm_cd"": ""11160"", ""adm_nm"": ""강서구"", ""matched_level"": ""sigungu""}",549557,43.8,0,11160
ba_14392877,sgis_population,,,,,,"{""tot_ppltn"": 414941, ""avg_age"": 44.5, ""tot_household"": 0, ""adm_cd"": ""23090"", ""adm_nm"": ""미추홀구"", ""matched_level"": ""sigungu""}",414941,44.5,0,23090
ba_14396364,sgis_population,,,,,,"{""tot_ppltn"": 428463, ""avg_age"": 42.0, ""tot_household"": 0, ""adm_cd"": ""31192"", ""adm_nm"": ""용인시 기흥구"", ""matched_level"": ""sigungu""}",428463,42.0,0,31192
ba_14397420,sgis_population,,,,,,"{""tot_ppltn"": 190660, ""avg_age"": 42.8, ""tot_household"": 0, ""adm_cd"": ""38115"", ""adm_nm"": ""창원시 진해구"", ""matched_level"": ""sigungu""}",190660,42.8,0,38115
ba_14399330,sgis_population,,,,,,"{""tot_ppltn"": 539884, ""avg_age"": 43.9, ""tot_household"": 0, ""adm_cd"": ""22070"", ""adm_nm"": ""달서구"", ""matched_level"": ""sigungu""}",539884,43.9,0,22070
ba_14400680,sgis_population,,,,,,"{""tot_ppltn"": 59689, ""avg_age"": 47.7, ""tot_household"": 0, ""adm_cd"": ""36610"", ""adm_nm"": ""영암군"", ""matched_level"": ""sigungu""}",59689,47.7,0,36610
ba_14400681,sgis_population,,,,,,"{""tot_ppltn"": 59689, ""avg_age"": 47.7, ""tot_household"": 0, ""adm_cd"": ""36610"", ""adm_nm"": ""영암군"", ""matched_level"": ""sigungu""}",59689,47.7,0,36610
ba_14413122,sgis_population,,,,,,"{""tot_ppltn"": 324679, ""avg_age"": 41.5, ""tot_household"": 0, ""adm_cd"": ""35012"", ""adm_nm"": ""전주시 덕진구"", ""matched_level"": ""sigungu""}",324679,41.5,0,35012
ba_14422337,sgis_population,,,,,,"{""tot_ppltn"": 484424, ""avg_age"": 43.6, ""tot_household"": 0, ""adm_cd"": ""31101"", ""adm_nm"": ""고양시 덕양구"", ""matched_level"": ""sigungu""}",484424,43.6,0,31101
ba_14435298,sgis_population,,,,,,"{""tot_ppltn"": 498558, ""avg_age"": 44.6, ""tot_household"": 0, ""adm_cd"": ""23060"", ""adm_nm"": ""부평구"", ""matched_level"": ""sigungu""}",498558,44.6,0,23060
ba_14435750,sgis_population,,,,,,"{""tot_ppltn"": 432033, ""avg_age"": 43.2, ""tot_household"": 0, ""adm_cd"": ""24040"", ""adm_nm"": ""북구"", ""matched_level"": ""sigungu""}",432033,43.2,0,24040
ba_14437626,sgis_population,,,,,,"{""tot_ppltn"": 430146, ""avg_age"": 43.5, ""tot_household"": 0, ""adm_cd"": ""22050"", ""adm_nm"": ""북구"", ""matched_level"": ""sigungu""}",430146,43.5,0,22050
ba_14440526,sgis_population,,,,,,"{""tot_ppltn"": 178618, ""avg_age"": 45.0, ""tot_household"": 0, ""adm_cd"": ""34050"", ""adm_nm"": ""서산시"", ""matched_level"": ""sigungu""}",178618,45.0,0,34050
ba_14440680,sgis_population,,,,,,"{""tot_ppltn"": 376621, ""avg_age"": 45.7, ""tot_household"": 0, ""adm_cd"": ""11070"", ""adm_nm"": ""중랑구"", ""matched_level"": ""sigungu""}",376621,45.7,0,11070
ba_14440681,sgis_population,,,,,,"{""tot_ppltn"": 376621, ""avg_age"": 45.7, ""tot_household"": 0, ""adm_cd"": ""11070"", ""adm_nm"": ""중랑구"", ""matched_level"": ""sigungu""}",376621,45.7,0,11070
ba_14441181,sgis_population,,,,,,"{""tot_ppltn"": 117012, ""avg_age"": 45.3, ""tot_household"": 0, ""adm_cd"": ""36040"", ""adm_nm"": ""나주시"", ""matched_level"": ""sigungu""}",117012,45.3,0,36040
ba_14441192,sgis_population,,,,,,"{""tot_ppltn"": 117012, ""avg_age"": 45.3, ""tot_household"": 0, ""adm_cd"": ""36040"", ""adm_nm"": ""나주시"", ""matched_level"": ""sigungu""}",117012,45.3,0,36040
ba_14448826,sgis_population,,,,,,"{""tot_ppltn"": 621848, ""avg_age"": 40.7, ""tot_household"": 0, ""adm_cd"": ""23080"", ""adm_nm"": ""서구"", ""matched_level"": ""sigungu""}",621848,40.7,0,23080
ba_14449139,sgis_population,,,,,,"{""tot_ppltn"": 230134, ""avg_age"": 44.3, ""tot_household"": 0, ""adm_cd"": ""25010"", ""adm_nm"": ""동구"", ""matched_level"": ""sigungu""}",230134,44.3,0,25010
ba_14454741,sgis_population,,,,,,"{""tot_ppltn"": 242773, ""avg_age"": 44.4, ""tot_household"": 0, ""adm_cd"": ""31052"", ""adm_nm"": ""부천시 소사구"", ""matched_level"": ""sigungu""}",242773,44.4,0,31052
ba_14456345,sgis_population,,,,,,"{""tot_ppltn"": 413907, ""avg_age"": 39.1, ""tot_household"": 0, ""adm_cd"": ""34012"", ""adm_nm"": ""천안시 서북구"", ""matched_level"": ""sigungu""}",413907,39.1,0,34012
ba_14456826,sgis_population,,,,,,"{""tot_ppltn"": 281394, ""avg_age"": 40.5, ""tot_household"": 0, ""adm_cd"": ""33043"", ""adm_nm"": ""청주시 흥덕구"", ""matched_level"": ""sigungu""}",281394,40.5,0,33043
ba_14456827,sgis_population,,,,,,"{""tot_ppltn"": 498558, ""avg_age"": 44.6, ""tot_household"": 0, ""adm_cd"": ""23060"", ""adm_nm"": ""부평구"", ""matched_level"": ""sigungu""}",498558,44.6,0,23060
ba_14457403,sgis_population,,,,,,"{""tot_ppltn"": 198491, ""avg_age"": 46.2, ""tot_household"": 0, ""adm_cd"": ""21130"", ""adm_nm"": ""연제구"", ""matched_level"": ""sigungu""}",198491,46.2,0,21130
ba_14458025,sgis_population,,,,,,"{""tot_ppltn"": 308537, ""avg_age"": 43.3, ""tot_household"": 0, ""adm_cd"": ""26020"", ""adm_nm"": ""남구"", ""matched_level"": ""sigungu""}",308537,43.3,0,26020
ba_14459736,sgis_population,,,,,,"{""tot_ppltn"": 716123, ""avg_age"": 43.0, ""tot_household"": 0, ""adm_cd"": ""31130"", ""adm_nm"": ""남양주시"", ""matched_level"": ""sigungu""}",716123,43.0,0,31130
ba_14462203,sgis_population,,,,,,"{""tot_ppltn"": 335589, ""avg_age"": 46.1, ""tot_household"": 0, ""adm_cd"": ""22020"", ""adm_nm"": ""동구"", ""matched_level"": ""sigungu""}",335589,46.1,0,22020
ba_14463467,sgis_population,,,,,,"{""tot_ppltn"": 270951, ""avg_age"": 46.3, ""tot_household"": 0, ""adm_cd"": ""21080"", ""adm_nm"": ""북구"", ""matched_level"": ""sigungu""}",270951,46.3,0,21080
ba_14463469,sgis_population,,,,,,"{""tot_ppltn"": 270951, ""avg_age"": 46.3, ""tot_household"": 0, ""adm_cd"": ""21080"", ""adm_nm"": ""북구"", ""matched_level"": ""sigungu""}",270951,46.3,0,21080
ba_14464913,sgis_population,,,,,,"{""tot_ppltn"": 221890, ""avg_age"": 46.7, ""tot_household"": 0, ""adm_cd"": ""21110"", ""adm_nm"": ""금정구"", ""matched_level"": ""sigungu""}",221890,46.7,0,21110
ba_14464914,sgis_population,,,,,,"{""tot_ppltn"": 221890, ""avg_age"": 46.7, ""tot_household"": 0, ""adm_cd"": ""21110"", ""adm_nm"": ""금정구"", ""matched_level"": ""sigungu""}",221890,46.7,0,21110
ba_14470771,sgis_population,,,,,,"{""tot_ppltn"": 103883, ""avg_age"": 48.5, ""tot_household"": 0, ""adm_cd"": ""21020"", ""adm_nm"": ""서구"", ""matched_level"": ""sigungu""}",103883,48.5,0,21020
ba_14472921,sgis_population,,,,,,"{""tot_ppltn"": 161396, ""avg_age"": 49.6, ""tot_household"": 0, ""adm_cd"": ""22030"", ""adm_nm"": ""서구"", ""matched_level"": ""sigungu""}",161396,49.6,0,22030
ba_14473511,sgis_population,,,,,,"{""tot_ppltn"": 548672, ""avg_age"": 41.9, ""tot_household"": 0, ""adm_cd"": ""38070"", ""adm_nm"": ""김해시"", ""matched_level"": ""sigungu""}",548672,41.9,0,38070
ba_14484108,sgis_population,,,,,,"{""tot_ppltn"": 292504, ""avg_age"": 44.0, ""tot_household"": 0, ""adm_cd"": ""32010"", ""adm_nm"": ""춘천시"", ""matched_level"": ""sigungu""}",292504,44.0,0,32010
ba_14484534,sgis_population,,,,,,"{""tot_ppltn"": 263939, ""avg_age"": 44.0, ""tot_household"": 0, ""adm_cd"": ""31160"", ""adm_nm"": ""군포시"", ""matched_level"": ""sigungu""}",263939,44.0,0,31160
ba_14488211,sgis_population,,,,,,"{""tot_ppltn"": 285959, ""avg_age"": 44.1, ""tot_household"": 0, ""adm_cd"": ""31103"", ""adm_nm"": ""고양시 일산동구"", ""matched_level"": ""sigungu""}",285959,44.1,0,31103
ba_14488212,sgis_population,,,,,,"{""tot_ppltn"": 285959, ""avg_age"": 44.1, ""tot_household"": 0, ""adm_cd"": ""31103"", ""adm_nm"": ""고양시 일산동구"", ""matched_level"": ""sigungu""}",285959,44.1,0,31103
ba_14488495,sgis_population,,,,,,"{""tot_ppltn"": 452988, ""avg_age"": 45.2, ""tot_household"": 0, ""adm_cd"": ""11120"", ""adm_nm"": ""은평구"", ""matched_level"": ""sigungu""}",452988,45.2,0,11120
ba_14495787,sgis_population,,,,,,"{""tot_ppltn"": 548672, ""avg_age"": 41.9, ""tot_household"": 0, ""adm_cd"": ""38070"", ""adm_nm"": ""김해시"", ""matched_level"": ""sigungu""}",548672,41.9,0,38070
ba_14495840,sgis_population,,,,,,"{""tot_ppltn"": 621848, ""avg_age"": 40.7, ""tot_household"": 0, ""adm_cd"": ""23080"", ""adm_nm"": ""서구"", ""matched_level"": ""sigungu""}",621848,40.7,0,23080
ba_14504490,sgis_population,,,,,,"{""tot_ppltn"": 405077, ""avg_age"": 43.7, ""tot_household"": 0, ""adm_cd"": ""31051"", ""adm_nm"": ""부천시 원미구"", ""matched_level"": ""sigungu""}",405077,43.7,0,31051
ba_14506379,sgis_population,,,,,,"{""tot_ppltn"": 299931, ""avg_age"": 47.0, ""tot_household"": 0, ""adm_cd"": ""11100"", ""adm_nm"": ""도봉구"", ""matched_level"": ""sigungu""}",299931,47.0,0,11100
ba_14506800,sgis_population,,,,,,"{""tot_ppltn"": 275209, ""avg_age"": 42.9, ""tot_household"": 0, ""adm_cd"": ""31011"", ""adm_nm"": ""수원시 장안구"", ""matched_level"": ""sigungu""}",275209,42.9,0,31011
ba_14513076,sgis_population,,,,,,"{""tot_ppltn"": 417491, ""avg_age"": 39.5, ""tot_household"": 0, ""adm_cd"": ""24050"", ""adm_nm"": ""광산구"", ""matched_level"": ""sigungu""}",417491,39.5,0,24050
ba_14525069,sgis_population,,,,,,"{""tot_ppltn"": 716123, ""avg_age"": 43.0, ""tot_household"": 0, ""adm_cd"": ""31130"", ""adm_nm"": ""남양주시"", ""matched_level"": ""sigungu""}",716123,43.0,0,31130
ba_14525359,sgis_population,,,,,,"{""tot_ppltn"": 274005, ""avg_age"": 42.7, ""tot_household"": 0, ""adm_cd"": ""31191"", ""adm_nm"": ""용인시 처인구"", ""matched_level"": ""sigungu""}",274005,42.7,0,31191
ba_14525748,sgis_population,,,,,,"{""tot_ppltn"": 605678, ""avg_age"": 40.8, ""tot_household"": 0, ""adm_cd"": ""31070"", ""adm_nm"": ""평택시"", ""matched_level"": ""sigungu""}",605678,40.8,0,31070
ba_14528279,sgis_population,,,,,,"{""tot_ppltn"": 101002, ""avg_age"": 45.9, ""tot_household"": 0, ""adm_cd"": ""35510"", ""adm_nm"": ""완주군"", ""matched_level"": ""sigungu""}",101002,45.9,0,35510
ba_14528412,sgis_population,,,,,,"{""tot_ppltn"": 101002, ""avg_age"": 45.9, ""tot_household"": 0, ""adm_cd"": ""35510"", ""adm_nm"": ""완주군"", ""matched_level"": ""sigungu""}",101002,45.9,0,35510
ba_14528476,sgis_population,,,,,,"{""tot_ppltn"": 279818, ""avg_age"": 45.1, ""tot_household"": 0, ""adm_cd"": ""23070"", ""adm_nm"": ""계양구"", ""matched_level"": ""sigungu""}",279818,45.1,0,23070
ba_14530939,sgis_population,,,,,,"{""tot_ppltn"": 40008, ""avg_age"": 56.3, ""tot_household"": 0, ""adm_cd"": ""37560"", ""adm_nm"": ""청도군"", ""matched_level"": ""sigungu""}",40008,56.3,0,37560
ba_14533127,sgis_population,,,,,,"{""tot_ppltn"": 241230, ""avg_age"": 44.4, ""tot_household"": 0, ""adm_cd"": ""31021"", ""adm_nm"": ""성남시 수정구"", ""matched_level"": ""sigungu""}",241230,44.4,0,31021
ba_14541579,sgis_population,,,,,,"{""tot_ppltn"": 277209, ""avg_age"": 43.7, ""tot_household"": 0, ""adm_cd"": ""31104"", ""adm_nm"": ""고양시 일산서구"", ""matched_level"": ""sigungu""}",277209,43.7,0,31104
ba_14544899,sgis_population,,,,,,"{""tot_ppltn"": 302751, ""avg_age"": 42.3, ""tot_household"": 0, ""adm_cd"": ""31042"", ""adm_nm"": ""안양시 동안구"", ""matched_level"": ""sigungu""}",302751,42.3,0,31042
ba_14545829,sgis_population,,,,,,"{""tot_ppltn"": 279818, ""avg_age"": 45.1, ""tot_household"": 0, ""adm_cd"": ""23070"", ""adm_nm"": ""계양구"", ""matched_level"": ""sigungu""}",279818,45.1,0,23070
ba_14548743,sgis_population,,,,,,"{""tot_ppltn"": 716123, ""avg_age"": 43.0, ""tot_household"": 0, ""adm_cd"": ""31130"", ""adm_nm"": ""남양주시"", ""matched_level"": ""sigungu""}",716123,43.0,0,31130
ba_14551802,sgis_population,,,,,,"{""tot_ppltn"": 127576, ""avg_age"": 44.6, ""tot_household"": 0, ""adm_cd"": ""11020"", ""adm_nm"": ""중구"", ""matched_level"": ""sigungu""}",127576,44.6,0,11020
ba_14556221,sgis_population,,,,,,"{""tot_ppltn"": 281394, ""avg_age"": 40.5, ""tot_household"": 0, ""adm_cd"": ""33043"", ""adm_nm"": ""청주시 흥덕구"", ""matched_level"": ""sigungu""}",281394,40.5,0,33043
ba_14557869,sgis_population,,,,,,"{""tot_ppltn"": 549557, ""avg_age"": 43.8, ""tot_household"": 0, ""adm_cd"": ""11160"", ""adm_nm"": ""강서구"", ""matched_level"": ""sigungu""}",549557,43.8,0,11160
ba_14557882,sgis_population,,,,,,"{""tot_ppltn"": 549557, ""avg_age"": 43.8, ""tot_household"": 0, ""adm_cd"": ""11160"", ""adm_nm"": ""강서구"", ""matched_level"": ""sigungu""}",549557,43.8,0,11160
ba_14560963,sgis_population,,,,,,"{""tot_ppltn"": 716123, ""avg_age"": 43.0, ""tot_household"": 0, ""adm_cd"": ""31130"", ""adm_nm"": ""남양주시"", ""matched_level"": ""sigungu""}",716123,43.0,0,31130
ba_14563145,sgis_population,,,,,,"{""tot_ppltn"": 259505, ""avg_age"": 47.5, ""tot_household"": 0, ""adm_cd"": ""37020"", ""adm_nm"": ""경주시"", ""matched_level"": ""sigungu""}",259505,47.5,0,37020
ba_14564492,sgis_population,,,,,,"{""tot_ppltn"": 539884, ""avg_age"": 43.9, ""tot_household"": 0, ""adm_cd"": ""22070"", ""adm_nm"": ""달서구"", ""matched_level"": ""sigungu""}",539884,43.9,0,22070
ba_14569929,sgis_population,,,,,,"{""tot_ppltn"": 452988, ""avg_age"": 45.2, ""tot_household"": 0, ""adm_cd"": ""11120"", ""adm_nm"": ""은평구"", ""matched_level"": ""sigungu""}",452988,45.2,0,11120
ba_14573167,sgis_population,,,,,,"{""tot_ppltn"": 495339, ""avg_age"": 42.1, ""tot_household"": 0, ""adm_cd"": ""31200"", ""adm_nm"": ""파주시"", ""matched_level"": ""sigungu""}",495339,42.1,0,31200
ba_14574885,sgis_population,,,,,,"{""tot_ppltn"": 195222, ""avg_age"": 43.3, ""tot_household"": 0, ""adm_cd"": ""33042"", ""adm_nm"": ""청주시 서원구"", ""matched_level"": ""sigungu""}",195222,43.3,0,33042
ba_14575172,sgis_population,,,,,,"{""tot_ppltn"": 370849, ""avg_age"": 45.7, ""tot_household"": 0, ""adm_cd"": ""21090"", ""adm_nm"": ""해운대구"", ""matched_level"": ""sigungu""}",370849,45.7,0,21090
ba_14578524,sgis_population,,,,,,"{""tot_ppltn"": 267045, ""avg_age"": 41.6, ""tot_household"": 0, ""adm_cd"": ""22510"", ""adm_nm"": ""달성군"", ""matched_level"": ""sigungu""}",267045,41.6,0,22510
ba_14580787,sgis_population,,,,,,"{""tot_ppltn"": 432033, ""avg_age"": 43.2, ""tot_household"": 0, ""adm_cd"": ""24040"", ""adm_nm"": ""북구"", ""matched_level"": ""sigungu""}",432033,43.2,0,24040
ba_14581239,sgis_population,,,,,,"{""tot_ppltn"": 190660, ""avg_age"": 42.8, ""tot_household"": 0, ""adm_cd"": ""38115"", ""adm_nm"": ""창원시 진해구"", ""matched_level"": ""sigungu""}",190660,42.8,0,38115
ba_14581501,sgis_population,,,,,,"{""tot_ppltn"": 974156, ""avg_age"": 38.2, ""tot_household"": 0, ""adm_cd"": ""31240"", ""adm_nm"": ""화성시"", ""matched_level"": ""sigungu""}",974156,38.2,0,31240
ba_14582073,sgis_population,,,,,,"{""tot_ppltn"": 269641, ""avg_age"": 43.0, ""tot_household"": 0, ""adm_cd"": ""31260"", ""adm_nm"": ""양주시"", ""matched_level"": ""sigungu""}",269641,43.0,0,31260
ba_14582508,sgis_population,,,,,,"{""tot_ppltn"": 355957, ""avg_age"": 42.8, ""tot_household"": 0, ""adm_cd"": ""31091"", ""adm_nm"": ""안산시 상록구"", ""matched_level"": ""sigungu""}",355957,42.8,0,31091
ba_14591780,sgis_population,,,,,,"{""tot_ppltn"": 53124, ""avg_age"": 50.7, ""tot_household"": 0, ""adm_cd"": ""34510"", ""adm_nm"": ""금산군"", ""matched_level"": ""sigungu""}",53124,50.7,0,34510
ba_14593720,sgis_population,,,,,,"{""tot_ppltn"": 22401, ""avg_age"": 54.2, ""tot_household"": 0, ""adm_cd"": ""35530"", ""adm_nm"": ""무주군"", ""matched_level"": ""sigungu""}",22401,54.2,0,35530
ba_14593798,sgis_population,,,,,,"{""tot_ppltn"": 394667, ""avg_age"": 43.0, ""tot_household"": 0, ""adm_cd"": ""31250"", ""adm_nm"": ""광주시"", ""matched_level"": ""sigungu""}",394667,43.0,0,31250
ba_14593800,sgis_population,,,,,,"{""tot_ppltn"": 394667, ""avg_age"": 43.0, ""tot_household"": 0, ""adm_cd"": ""31250"", ""adm_nm"": ""광주시"", ""matched_level"": ""sigungu""}",394667,43.0,0,31250
ba_14594474,sgis_population,,,,,,"{""tot_ppltn"": 112016, ""avg_age"": 44.6, ""tot_household"": 0, ""adm_cd"": ""24010"", ""adm_nm"": ""동구"", ""matched_level"": ""sigungu""}",112016,44.6,0,24010
ba_14597164,sgis_population,,,,,,"{""tot_ppltn"": 511084, ""avg_age"": 42.5, ""tot_household"": 0, ""adm_cd"": ""11230"", ""adm_nm"": ""강남구"", ""matched_level"": ""sigungu""}",511084,42.5,0,11230
ba_14597165,sgis_population,,,,,,"{""tot_ppltn"": 511084, ""avg_age"": 42.5, ""tot_household"": 0, ""adm_cd"": ""11230"", ""adm_nm"": ""강남구"", ""matched_level"": ""sigungu""}",511084,42.5,0,11230
ba_14598667,sgis_population,,,,,,"{""tot_ppltn"": 386261, ""avg_age"": 37.7, ""tot_household"": 0, ""adm_cd"": ""29"", ""adm_nm"": ""세종특별자치시"", ""matched_level"": ""province""}",386261,37.7,0,29
ba_14599961,sgis_population,,,,,,"{""tot_ppltn"": 495339, ""avg_age"": 42.1, ""tot_household"": 0, ""adm_cd"": ""31200"", ""adm_nm"": ""파주시"", ""matched_level"": ""sigungu""}",495339,42.1,0,31200
ba_14599973,sgis_population,,,,,,"{""tot_ppltn"": 495339, ""avg_age"": 42.1, ""tot_household"": 0, ""adm_cd"": ""31200"", ""adm_nm"": ""파주시"", ""matched_level"": ""sigungu""}",495339,42.1,0,31200
ba_14600398,sgis_population,,,,,,"{""tot_ppltn"": 190660, ""avg_age"": 42.8, ""tot_household"": 0, ""adm_cd"": ""38115"", ""adm_nm"": ""창원시 진해구"", ""matched_level"": ""sigungu""}",190660,42.8,0,38115
ba_14600429,sgis_population,,,,,,"{""tot_ppltn"": 137413, ""avg_age"": 47.5, ""tot_household"": 0, ""adm_cd"": ""37030"", ""adm_nm"": ""김천시"", ""matched_level"": ""sigungu""}",137413,47.5,0,37030
ba_14603467,sgis_population,,,,,,"{""tot_ppltn"": 413907, ""avg_age"": 39.1, ""tot_household"": 0, ""adm_cd"": ""34012"", ""adm_nm"": ""천안시 서북구"", ""matched_level"": ""sigungu""}",413907,39.1,0,34012
ba_14604237,sgis_population,,,,,,"{""tot_ppltn"": 203534, ""avg_age"": 45.2, ""tot_household"": 0, ""adm_cd"": ""26010"", ""adm_nm"": ""중구"", ""matched_level"": ""sigungu""}",203534,45.2,0,26010
ba_14606315,sgis_population,,,,,,"{""tot_ppltn"": 458966, ""avg_age"": 43.9, ""tot_household"": 0, ""adm_cd"": ""31030"", ""adm_nm"": ""의정부시"", ""matched_level"": ""sigungu""}",458966,43.9,0,31030
ba_14607412,sgis_population,,,,,,"{""tot_ppltn"": 568455, ""avg_age"": 40.7, ""tot_household"": 0, ""adm_cd"": ""31150"", ""adm_nm"": ""시흥시"", ""matched_level"": ""sigungu""}",568455,40.7,0,31150
ba_14613531,sgis_population,,,,,,"{""tot_ppltn"": 355644, ""avg_age"": 45.5, ""tot_household"": 0, ""adm_cd"": ""21050"", ""adm_nm"": ""부산진구"", ""matched_level"": ""sigungu""}",355644,45.5,0,21050
ba_14615149,sgis_population,,,,,,"{""tot_ppltn"": 292504, ""avg_age"": 44.0, ""tot_household"": 0, ""adm_cd"": ""32010"", ""adm_nm"": ""춘천시"", ""matched_level"": ""sigungu""}",292504,44.0,0,32010
ba_14615268,sgis_population,,,,,,"{""tot_ppltn"": 292504, ""avg_age"": 44.0, ""tot_household"": 0, ""adm_cd"": ""32010"", ""adm_nm"": ""춘천시"", ""matched_level"": ""sigungu""}",292504,44.0,0,32010
ba_14616721,sgis_population,,,,,,"{""tot_ppltn"": 214918, ""avg_age"": 40.0, ""tot_household"": 0, ""adm_cd"": ""26040"", ""adm_nm"": ""북구"", ""matched_level"": ""sigungu""}",214918,40.0,0,26040
ba_14619205,sgis_population,,,,,,"{""tot_ppltn"": 621848, ""avg_age"": 40.7, ""tot_household"": 0, ""adm_cd"": ""23080"", ""adm_nm"": ""서구"", ""matched_level"": ""sigungu""}",621848,40.7,0,23080
ba_14620216,sgis_population,,,,,,"{""tot_ppltn"": 320168, ""avg_age"": 42.7, ""tot_household"": 0, ""adm_cd"": ""11130"", ""adm_nm"": ""서대문구"", ""matched_level"": ""sigungu""}",320168,42.7,0,11130
ba_14623314,sgis_population,,,,,,"{""tot_ppltn"": 259505, ""avg_age"": 47.5, ""tot_household"": 0, ""adm_cd"": ""37020"", ""adm_nm"": ""경주시"", ""matched_level"": ""sigungu""}",259505,47.5,0,37020
ba_14624481,sgis_population,,,,,,"{""tot_ppltn"": 458966, ""avg_age"": 43.9, ""tot_household"": 0, ""adm_cd"": ""31030"", ""adm_nm"": ""의정부시"", ""matched_level"": ""sigungu""}",458966,43.9,0,31030
ba_14625157,sgis_population,,,,,,"{""tot_ppltn"": 495339, ""avg_age"": 42.1, ""tot_household"": 0, ""adm_cd"": ""31200"", ""adm_nm"": ""파주시"", ""matched_level"": ""sigungu""}",495339,42.1,0,31200
ba_14625762,sgis_population,,,,,,"{""tot_ppltn"": 274350, ""avg_age"": 45.8, ""tot_household"": 0, ""adm_cd"": ""35030"", ""adm_nm"": ""익산시"", ""matched_level"": ""sigungu""}",274350,45.8,0,35030
ba_14627570,sgis_population,,,,,,"{""tot_ppltn"": 548672, ""avg_age"": 41.9, ""tot_household"": 0, ""adm_cd"": ""38070"", ""adm_nm"": ""김해시"", ""matched_level"": ""sigungu""}",548672,41.9,0,38070
ba_14629153,sgis_population,,,,,,"{""tot_ppltn"": 39667, ""avg_age"": 57.6, ""tot_household"": 0, ""adm_cd"": ""38600"", ""adm_nm"": ""합천군"", ""matched_level"": ""sigungu""}",39667,57.6,0,38600
ba_14629813,sgis_population,,,,,,"{""tot_ppltn"": 274005, ""avg_age"": 42.7, ""tot_household"": 0, ""adm_cd"": ""31191"", ""adm_nm"": ""용인시 처인구"", ""matched_level"": ""sigungu""}",274005,42.7,0,31191
ba_14629918,sgis_population,,,,,,"{""tot_ppltn"": 241230, ""avg_age"": 44.4, ""tot_household"": 0, ""adm_cd"": ""31021"", ""adm_nm"": ""성남시 수정구"", ""matched_level"": ""sigungu""}",241230,44.4,0,31021
ba_14629919,sgis_population,,,,,,"{""tot_ppltn"": 241230, ""avg_age"": 44.4, ""tot_household"": 0, ""adm_cd"": ""31021"", ""adm_nm"": ""성남시 수정구"", ""matched_level"": ""sigungu""}",241230,44.4,0,31021
ba_14637553,sgis_population,,,,,,"{""tot_ppltn"": 241230, ""avg_age"": 44.4, ""tot_household"": 0, ""adm_cd"": ""31021"", ""adm_nm"": ""성남시 수정구"", ""matched_level"": ""sigungu""}",241230,44.4,0,31021
ba_14637963,sgis_population,,,,,,"{""tot_ppltn"": 33492, ""avg_age"": 56.0, ""tot_household"": 0, ""adm_cd"": ""37550"", ""adm_nm"": ""영덕군"", ""matched_level"": ""sigungu""}",33492,56.0,0,37550
ba_14640352,sgis_population,,,,,,"{""tot_ppltn"": 432033, ""avg_age"": 43.2, ""tot_household"": 0, ""adm_cd"": ""24040"", ""adm_nm"": ""북구"", ""matched_level"": ""sigungu""}",432033,43.2,0,24040
ba_14642115,sgis_population,,,,,,"{""tot_ppltn"": 210390, ""avg_age"": 43.8, ""tot_household"": 0, ""adm_cd"": ""31220"", ""adm_nm"": ""안성시"", ""matched_level"": ""sigungu""}",210390,43.8,0,31220
ba_14643477,sgis_population,,,,,,"{""tot_ppltn"": 396295, ""avg_age"": 44.3, ""tot_household"": 0, ""adm_cd"": ""22060"", ""adm_nm"": ""수성구"", ""matched_level"": ""sigungu""}",396295,44.3,0,22060
ba_14645179,sgis_population,,,,,,"{""tot_ppltn"": 296453, ""avg_age"": 42.7, ""tot_household"": 0, ""adm_cd"": ""37100"", ""adm_nm"": ""경산시"", ""matched_level"": ""sigungu""}",296453,42.7,0,37100
ba_14647668,sgis_population,,,,,,"{""tot_ppltn"": 500087, ""avg_age"": 44.0, ""tot_household"": 0, ""adm_cd"": ""23050"", ""adm_nm"": ""남동구"", ""matched_level"": ""sigungu""}",500087,44.0,0,23050
ba_14648765,sgis_population,,,,,,"{""tot_ppltn"": 272041, ""avg_age"": 43.6, ""tot_household"": 0, ""adm_cd"": ""36030"", ""adm_nm"": ""순천시"", ""matched_level"": ""sigungu""}",272041,43.6,0,36030
ba_14649303,sgis_population,,,,,,"{""tot_ppltn"": 44822, ""avg_age"": 41.7, ""tot_household"": 0, ""adm_cd"": ""34070"", ""adm_nm"": ""계룡시"", ""matched_level"": ""sigungu""}",44822,41.7,0,34070
ba_14650120,sgis_population,,,,,,"{""tot_ppltn"": 35955, ""avg_age"": 56.6, ""tot_household"": 0, ""adm_cd"": ""36560"", ""adm_nm"": ""보성군"", ""matched_level"": ""sigungu""}",35955,56.6,0,36560
ba_14651431,sgis_population,,,,,,"{""tot_ppltn"": 35955, ""avg_age"": 56.6, ""tot_household"": 0, ""adm_cd"": ""36560"", ""adm_nm"": ""보성군"", ""matched_level"": ""sigungu""}",35955,56.6,0,36560
ba_14651464,sgis_population,,,,,,"{""tot_ppltn"": 272041, ""avg_age"": 43.6, ""tot_household"": 0, ""adm_cd"": ""36030"", ""adm_nm"": ""순천시"", ""matched_level"": ""sigungu""}",272041,43.6,0,36030
ba_14652311,sgis_population,,,,,,"{""tot_ppltn"": 511084, ""avg_age"": 42.5, ""tot_household"": 0, ""adm_cd"": ""11230"", ""adm_nm"": ""강남구"", ""matched_level"": ""sigungu""}",511084,42.5,0,11230
ba_14652929,sgis_population,,,,,,"{""tot_ppltn"": 203534, ""avg_age"": 45.2, ""tot_household"": 0, ""adm_cd"": ""26010"", ""adm_nm"": ""중구"", ""matched_level"": ""sigungu""}",203534,45.2,0,26010
ba_14653291,sgis_population,,,,,,"{""tot_ppltn"": 203534, ""avg_age"": 45.2, ""tot_household"": 0, ""adm_cd"": ""26010"", ""adm_nm"": ""중구"", ""matched_level"": ""sigungu""}",203534,45.2,0,26010
ba_14654080,sgis_population,,,,,,"{""tot_ppltn"": 265047, ""avg_age"": 45.3, ""tot_household"": 0, ""adm_cd"": ""21060"", ""adm_nm"": ""동래구"", ""matched_level"": ""sigungu""}",265047,45.3,0,21060
ba_14654803,sgis_population,,,,,,"{""tot_ppltn"": 266458, ""avg_age"": 45.5, ""tot_household"": 0, ""adm_cd"": ""37012"", ""adm_nm"": ""포항시 북구"", ""matched_level"": ""sigungu""}",266458,45.5,0,37012
ba_14658160,sgis_population,,,,,,"{""tot_ppltn"": 267045, ""avg_age"": 41.6, ""tot_household"": 0, ""adm_cd"": ""22510"", ""adm_nm"": ""달성군"", ""matched_level"": ""sigungu""}",267045,41.6,0,22510
ba_14658825,sgis_population,,,,,,"{""tot_ppltn"": 414941, ""avg_age"": 44.5, ""tot_household"": 0, ""adm_cd"": ""23090"", ""adm_nm"": ""미추홀구"", ""matched_level"": ""sigungu""}",414941,44.5,0,23090
ba_14662462,sgis_population,,,,,,"{""tot_ppltn"": 495339, ""avg_age"": 42.1, ""tot_household"": 0, ""adm_cd"": ""31200"", ""adm_nm"": ""파주시"", ""matched_level"": ""sigungu""}",495339,42.1,0,31200
ba_14662547,sgis_population,,,,,,"{""tot_ppltn"": 292504, ""avg_age"": 44.0, ""tot_household"": 0, ""adm_cd"": ""32010"", ""adm_nm"": ""춘천시"", ""matched_level"": ""sigungu""}",292504,44.0,0,32010
ba_14662584,sgis_population,,,,,,"{""tot_ppltn"": 394667, ""avg_age"": 43.0, ""tot_household"": 0, ""adm_cd"": ""31250"", ""adm_nm"": ""광주시"", ""matched_level"": ""sigungu""}",394667,43.0,0,31250
ba_14663126,sgis_population,,,,,,"{""tot_ppltn"": 121626, ""avg_age"": 47.0, ""tot_household"": 0, ""adm_cd"": ""38050"", ""adm_nm"": ""통영시"", ""matched_level"": ""sigungu""}",121626,47.0,0,38050
ba_14663534,sgis_population,,,,,,"{""tot_ppltn"": 266458, ""avg_age"": 45.5, ""tot_household"": 0, ""adm_cd"": ""37012"", ""adm_nm"": ""포항시 북구"", ""matched_level"": ""sigungu""}",266458,45.5,0,37012
ba_14665998,sgis_population,,,,,,"{""tot_ppltn"": 630744, ""avg_age"": 42.9, ""tot_household"": 0, ""adm_cd"": ""11240"", ""adm_nm"": ""송파구"", ""matched_level"": ""sigungu""}",630744,42.9,0,11240
ba_14666363,sgis_population,,,,,,"{""tot_ppltn"": 60516, ""avg_age"": 52.6, ""tot_household"": 0, ""adm_cd"": ""34580"", ""adm_nm"": ""태안군"", ""matched_level"": ""sigungu""}",60516,52.6,0,34580
ba_14668967,sgis_population,,,,,,"{""tot_ppltn"": 292504, ""avg_age"": 44.0, ""tot_household"": 0, ""adm_cd"": ""32010"", ""adm_nm"": ""춘천시"", ""matched_level"": ""sigungu""}",292504,44.0,0,32010
ba_14669107,sgis_population,,,,,,"{""tot_ppltn"": 458966, ""avg_age"": 43.9, ""tot_household"": 0, ""adm_cd"": ""31030"", ""adm_nm"": ""의정부시"", ""matched_level"": ""sigungu""}",458966,43.9,0,31030
ba_14669108,sgis_population,,,,,,"{""tot_ppltn"": 458966, ""avg_age"": 43.9, ""tot_household"": 0, ""adm_cd"": ""31030"", ""adm_nm"": ""의정부시"", ""matched_level"": ""sigungu""}",458966,43.9,0,31030
ba_14669109,sgis_population,,,,,,"{""tot_ppltn"": 458966, ""avg_age"": 43.9, ""tot_household"": 0, ""adm_cd"": ""31030"", ""adm_nm"": ""의정부시"", ""matched_level"": ""sigungu""}",458966,43.9,0,31030
ba_14671483,sgis_population,,,,,,"{""tot_ppltn"": 100492, ""avg_age"": 50.6, ""tot_household"": 0, ""adm_cd"": ""37070"", ""adm_nm"": ""영천시"", ""matched_level"": ""sigungu""}",100492,50.6,0,37070
ba_14671490,sgis_population,,,,,,"{""tot_ppltn"": 100492, ""avg_age"": 50.6, ""tot_household"": 0, ""adm_cd"": ""37070"", ""adm_nm"": ""영천시"", ""matched_level"": ""sigungu""}",100492,50.6,0,37070
ba_14671974,sgis_population,,,,,,"{""tot_ppltn"": 109389, ""avg_age"": 49.7, ""tot_household"": 0, ""adm_cd"": ""21040"", ""adm_nm"": ""영도구"", ""matched_level"": ""sigungu""}",109389,49.7,0,21040
ba_14673431,sgis_population,,,,,,"{""tot_ppltn"": 265047, ""avg_age"": 45.3, ""tot_household"": 0, ""adm_cd"": ""21060"", ""adm_nm"": ""동래구"", ""matched_level"": ""sigungu""}",265047,45.3,0,21060
ba_14673434,sgis_population,,,,,,"{""tot_ppltn"": 266458, ""avg_age"": 45.5, ""tot_household"": 0, ""adm_cd"": ""37012"", ""adm_nm"": ""포항시 북구"", ""matched_level"": ""sigungu""}",266458,45.5,0,37012
ba_14673508,sgis_population,,,,,,"{""tot_ppltn"": 446561, ""avg_age"": 43.7, ""tot_household"": 0, ""adm_cd"": ""11250"", ""adm_nm"": ""강동구"", ""matched_level"": ""sigungu""}",446561,43.7,0,11250
ba_14675307,sgis_population,,,,,,"{""tot_ppltn"": 157324, ""avg_age"": 41.9, ""tot_household"": 0, ""adm_cd"": ""23010"", ""adm_nm"": ""중구"", ""matched_level"": ""sigungu""}",157324,41.9,0,23010
ba_14675393,sgis_population,,,,,,"{""tot_ppltn"": 495339, ""avg_age"": 42.1, ""tot_household"": 0, ""adm_cd"": ""31200"", ""adm_nm"": ""파주시"", ""matched_level"": ""sigungu""}",495339,42.1,0,31200
ba_14679019,sgis_population,,,,,,"{""tot_ppltn"": 203534, ""avg_age"": 45.2, ""tot_household"": 0, ""adm_cd"": ""26010"", ""adm_nm"": ""중구"", ""matched_level"": ""sigungu""}",203534,45.2,0,26010
ba_14681358,sgis_population,,,,,,"{""tot_ppltn"": 568455, ""avg_age"": 40.7, ""tot_household"": 0, ""adm_cd"": ""31150"", ""adm_nm"": ""시흥시"", ""matched_level"": ""sigungu""}",568455,40.7,0,31150
ba_14685750,sgis_population,,,,,,"{""tot_ppltn"": 355644, ""avg_age"": 45.5, ""tot_household"": 0, ""adm_cd"": ""21050"", ""adm_nm"": ""부산진구"", ""matched_level"": ""sigungu""}",355644,45.5,0,21050
ba_14686856,sgis_population,,,,,,"{""tot_ppltn"": 270951, ""avg_age"": 46.3, ""tot_household"": 0, ""adm_cd"": ""21080"", ""adm_nm"": ""북구"", ""matched_level"": ""sigungu""}",270951,46.3,0,21080
ba_14686990,sgis_population,,,,,,"{""tot_ppltn"": 630744, ""avg_age"": 42.9, ""tot_household"": 0, ""adm_cd"": ""11240"", ""adm_nm"": ""송파구"", ""matched_level"": ""sigungu""}",630744,42.9,0,11240
ba_14686997,sgis_population,,,,,,"{""tot_ppltn"": 630744, ""avg_age"": 42.9, ""tot_household"": 0, ""adm_cd"": ""11240"", ""adm_nm"": ""송파구"", ""matched_level"": ""sigungu""}",630744,42.9,0,11240
ba_14687060,sgis_population,,,,,,"{""tot_ppltn"": 446561, ""avg_age"": 43.7, ""tot_household"": 0, ""adm_cd"": ""11250"", ""adm_nm"": ""강동구"", ""matched_level"": ""sigungu""}",446561,43.7,0,11250
ba_14687076,sgis_population,,,,,,"{""tot_ppltn"": 422248, ""avg_age"": 43.7, ""tot_household"": 0, ""adm_cd"": ""11150"", ""adm_nm"": ""양천구"", ""matched_level"": ""sigungu""}",422248,43.7,0,11150
ba_14687088,sgis_population,,,,,,"{""tot_ppltn"": 446561, ""avg_age"": 43.7, ""tot_household"": 0, ""adm_cd"": ""11250"", ""adm_nm"": ""강동구"", ""matched_level"": ""sigungu""}",446561,43.7,0,11250
ba_14687092,sgis_population,,,,,,"{""tot_ppltn"": 214791, ""avg_age"": 44.0, ""tot_household"": 0, ""adm_cd"": ""11030"", ""adm_nm"": ""용산구"", ""matched_level"": ""sigungu""}",214791,44.0,0,11030
ba_14687115,sgis_population,,,,,,"{""tot_ppltn"": 549557, ""avg_age"": 43.8, ""tot_household"": 0, ""adm_cd"": ""11160"", ""adm_nm"": ""강서구"", ""matched_level"": ""sigungu""}",549557,43.8,0,11160
ba_14687119,sgis_population,,,,,,"{""tot_ppltn"": 146179, ""avg_age"": 44.1, ""tot_household"": 0, ""adm_cd"": ""11010"", ""adm_nm"": ""종로구"", ""matched_level"": ""sigungu""}",146179,44.1,0,11010
ba_14687134,sgis_population,,,,,,"{""tot_ppltn"": 127576, ""avg_age"": 44.6, ""tot_household"": 0, ""adm_cd"": ""11020"", ""adm_nm"": ""중구"", ""matched_level"": ""sigungu""}",127576,44.6,0,11020
ba_14687136,sgis_population,,,,,,"{""tot_ppltn"": 127576, ""avg_age"": 44.6, ""tot_household"": 0, ""adm_cd"": ""11020"", ""adm_nm"": ""중구"", ""matched_level"": ""sigungu""}",127576,44.6,0,11020
ba_14687137,sgis_population,,,,,,"{""tot_ppltn"": 127576, ""avg_age"": 44.6, ""tot_household"": 0, ""adm_cd"": ""11020"", ""adm_nm"": ""중구"", ""matched_level"": ""sigungu""}",127576,44.6,0,11020
ba_14687166,sgis_population,,,,,,"{""tot_ppltn"": 549557, ""avg_age"": 43.8, ""tot_household"": 0, ""adm_cd"": ""11160"", ""adm_nm"": ""강서구"", ""matched_level"": ""sigungu""}",549557,43.8,0,11160
ba_14687296,sgis_population,,,,,,"{""tot_ppltn"": 493677, ""avg_age"": 42.9, ""tot_household"": 0, ""adm_cd"": ""11210"", ""adm_nm"": ""관악구"", ""matched_level"": ""sigungu""}",493677,42.9,0,11210
ba_14687304,sgis_population,,,,,,"{""tot_ppltn"": 493677, ""avg_age"": 42.9, ""tot_household"": 0, ""adm_cd"": ""11210"", ""adm_nm"": ""관악구"", ""matched_level"": ""sigungu""}",493677,42.9,0,11210
ba_14687307,sgis_population,,,,,,"{""tot_ppltn"": 493677, ""avg_age"": 42.9, ""tot_household"": 0, ""adm_cd"": ""11210"", ""adm_nm"": ""관악구"", ""matched_level"": ""sigungu""}",493677,42.9,0,11210
ba_14687310,sgis_population,,,,,,"{""tot_ppltn"": 245860, ""avg_age"": 45.7, ""tot_household"": 0, ""adm_cd"": ""11180"", ""adm_nm"": ""금천구"", ""matched_level"": ""sigungu""}",245860,45.7,0,11180
ba_14687315,sgis_population,,,,,,"{""tot_ppltn"": 348160, ""avg_age"": 42.8, ""tot_household"": 0, ""adm_cd"": ""11050"", ""adm_nm"": ""광진구"", ""matched_level"": ""sigungu""}",348160,42.8,0,11050
ba_14687318,sgis_population,,,,,,"{""tot_ppltn"": 245860, ""avg_age"": 45.7, ""tot_household"": 0, ""adm_cd"": ""11180"", ""adm_nm"": ""금천구"", ""matched_level"": ""sigungu""}",245860,45.7,0,11180
ba_14687322,sgis_population,,,,,,"{""tot_ppltn"": 348160, ""avg_age"": 42.8, ""tot_household"": 0, ""adm_cd"": ""11050"", ""adm_nm"": ""광진구"", ""matched_level"": ""sigungu""}",348160,42.8,0,11050
ba_14687323,sgis_population,,,,,,"{""tot_ppltn"": 493677, ""avg_age"": 42.9, ""tot_household"": 0, ""adm_cd"": ""11210"", ""adm_nm"": ""관악구"", ""matched_level"": ""sigungu""}",493677,42.9,0,11210
ba_14687326,sgis_population,,,,,,"{""tot_ppltn"": 423397, ""avg_age"": 45.3, ""tot_household"": 0, ""adm_cd"": ""11170"", ""adm_nm"": ""구로구"", ""matched_level"": ""sigungu""}",423397,45.3,0,11170
ba_14687327,sgis_population,,,,,,"{""tot_ppltn"": 245860, ""avg_age"": 45.7, ""tot_household"": 0, ""adm_cd"": ""11180"", ""adm_nm"": ""금천구"", ""matched_level"": ""sigungu""}",245860,45.7,0,11180
ba_14687333,sgis_population,,,,,,"{""tot_ppltn"": 492979, ""avg_age"": 44.2, ""tot_household"": 0, ""adm_cd"": ""11110"", ""adm_nm"": ""노원구"", ""matched_level"": ""sigungu""}",492979,44.2,0,11110
ba_14687334,sgis_population,,,,,,"{""tot_ppltn"": 423397, ""avg_age"": 45.3, ""tot_household"": 0, ""adm_cd"": ""11170"", ""adm_nm"": ""구로구"", ""matched_level"": ""sigungu""}",423397,45.3,0,11170
ba_14687335,sgis_population,,,,,,"{""tot_ppltn"": 492979, ""avg_age"": 44.2, ""tot_household"": 0, ""adm_cd"": ""11110"", ""adm_nm"": ""노원구"", ""matched_level"": ""sigungu""}",492979,44.2,0,11110
ba_14687340,sgis_population,,,,,,"{""tot_ppltn"": 299931, ""avg_age"": 47.0, ""tot_household"": 0, ""adm_cd"": ""11100"", ""adm_nm"": ""도봉구"", ""matched_level"": ""sigungu""}",299931,47.0,0,11100
ba_14687341,sgis_population,,,,,,"{""tot_ppltn"": 493677, ""avg_age"": 42.9, ""tot_household"": 0, ""adm_cd"": ""11210"", ""adm_nm"": ""관악구"", ""matched_level"": ""sigungu""}",493677,42.9,0,11210
ba_14687344,sgis_population,,,,,,"{""tot_ppltn"": 299931, ""avg_age"": 47.0, ""tot_household"": 0, ""adm_cd"": ""11100"", ""adm_nm"": ""도봉구"", ""matched_level"": ""sigungu""}",299931,47.0,0,11100
ba_14687347,sgis_population,,,,,,"{""tot_ppltn"": 446561, ""avg_age"": 43.7, ""tot_household"": 0, ""adm_cd"": ""11250"", ""adm_nm"": ""강동구"", ""matched_level"": ""sigungu""}",446561,43.7,0,11250
ba_14687350,sgis_population,,,,,,"{""tot_ppltn"": 423397, ""avg_age"": 45.3, ""tot_household"": 0, ""adm_cd"": ""11170"", ""adm_nm"": ""구로구"", ""matched_level"": ""sigungu""}",423397,45.3,0,11170
ba_14687354,sgis_population,,,,,,"{""tot_ppltn"": 423397, ""avg_age"": 45.3, ""tot_household"": 0, ""adm_cd"": ""11170"", ""adm_nm"": ""구로구"", ""matched_level"": ""sigungu""}",423397,45.3,0,11170
ba_14687365,sgis_population,,,,,,"{""tot_ppltn"": 299931, ""avg_age"": 47.0, ""tot_household"": 0, ""adm_cd"": ""11100"", ""adm_nm"": ""도봉구"", ""matched_level"": ""sigungu""}",299931,47.0,0,11100
ba_14687368,sgis_population,,,,,,"{""tot_ppltn"": 355999, ""avg_age"": 43.2, ""tot_household"": 0, ""adm_cd"": ""11060"", ""adm_nm"": ""동대문구"", ""matched_level"": ""sigungu""}",355999,43.2,0,11060
ba_14687382,sgis_population,,,,,,"{""tot_ppltn"": 384089, ""avg_age"": 43.4, ""tot_household"": 0, ""adm_cd"": ""11200"", ""adm_nm"": ""동작구"", ""matched_level"": ""sigungu""}",384089,43.4,0,11200
ba_14687388,sgis_population,,,,,,"{""tot_ppltn"": 348160, ""avg_age"": 42.8, ""tot_household"": 0, ""adm_cd"": ""11050"", ""adm_nm"": ""광진구"", ""matched_level"": ""sigungu""}",348160,42.8,0,11050
ba_14687493,sgis_population,,,,,,"{""tot_ppltn"": 361380, ""avg_age"": 42.2, ""tot_household"": 0, ""adm_cd"": ""11140"", ""adm_nm"": ""마포구"", ""matched_level"": ""sigungu""}",361380,42.2,0,11140
ba_14687497,sgis_population,,,,,,"{""tot_ppltn"": 384089, ""avg_age"": 43.4, ""tot_household"": 0, ""adm_cd"": ""11200"", ""adm_nm"": ""동작구"", ""matched_level"": ""sigungu""}",384089,43.4,0,11200
ba_14688075,sgis_population,,,,,,"{""tot_ppltn"": 277209, ""avg_age"": 43.7, ""tot_household"": 0, ""adm_cd"": ""31104"", ""adm_nm"": ""고양시 일산서구"", ""matched_level"": ""sigungu""}",277209,43.7,0,31104
ba_14688086,sgis_population,,,,,,"{""tot_ppltn"": 384089, ""avg_age"": 43.4, ""tot_household"": 0, ""adm_cd"": ""11200"", ""adm_nm"": ""동작구"", ""matched_level"": ""sigungu""}",384089,43.4,0,11200
ba_14688088,sgis_population,,,,,,"{""tot_ppltn"": 361380, ""avg_age"": 42.2, ""tot_household"": 0, ""adm_cd"": ""11140"", ""adm_nm"": ""마포구"", ""matched_level"": ""sigungu""}",361380,42.2,0,11140
ba_14688093,sgis_population,,,,,,"{""tot_ppltn"": 361380, ""avg_age"": 42.2, ""tot_household"": 0, ""adm_cd"": ""11140"", ""adm_nm"": ""마포구"", ""matched_level"": ""sigungu""}",361380,42.2,0,11140
ba_14688094,sgis_population,,,,,,"{""tot_ppltn"": 263939, ""avg_age"": 44.0, ""tot_household"": 0, ""adm_cd"": ""31160"", ""adm_nm"": ""군포시"", ""matched_level"": ""sigungu""}",263939,44.0,0,31160
ba_14688100,sgis_population,,,,,,"{""tot_ppltn"": 183048, ""avg_age"": 43.9, ""tot_household"": 0, ""adm_cd"": ""31120"", ""adm_nm"": ""구리시"", ""matched_level"": ""sigungu""}",183048,43.9,0,31120
ba_14688108,sgis_population,,,,,,"{""tot_ppltn"": 384089, ""avg_age"": 43.4, ""tot_household"": 0, ""adm_cd"": ""11200"", ""adm_nm"": ""동작구"", ""matched_level"": ""sigungu""}",384089,43.4,0,11200
ba_14688114,sgis_population,,,,,,"{""tot_ppltn"": 320168, ""avg_age"": 42.7, ""tot_household"": 0, ""adm_cd"": ""11130"", ""adm_nm"": ""서대문구"", ""matched_level"": ""sigungu""}",320168,42.7,0,11130
ba_14688115,sgis_population,,,,,,"{""tot_ppltn"": 263939, ""avg_age"": 44.0, ""tot_household"": 0, ""adm_cd"": ""31160"", ""adm_nm"": ""군포시"", ""matched_level"": ""sigungu""}",263939,44.0,0,31160
ba_14688173,sgis_population,,,,,,"{""tot_ppltn"": 183048, ""avg_age"": 43.9, ""tot_household"": 0, ""adm_cd"": ""31120"", ""adm_nm"": ""구리시"", ""matched_level"": ""sigungu""}",183048,43.9,0,31120
ba_14688176,sgis_population,,,,,,"{""tot_ppltn"": 277683, ""avg_age"": 43.5, ""tot_household"": 0, ""adm_cd"": ""11040"", ""adm_nm"": ""성동구"", ""matched_level"": ""sigungu""}",277683,43.5,0,11040
ba_14688180,sgis_population,,,,,,"{""tot_ppltn"": 277683, ""avg_age"": 43.5, ""tot_household"": 0, ""adm_cd"": ""11040"", ""adm_nm"": ""성동구"", ""matched_level"": ""sigungu""}",277683,43.5,0,11040
ba_14688182,sgis_population,,,,,,"{""tot_ppltn"": 451221, ""avg_age"": 42.3, ""tot_household"": 0, ""adm_cd"": ""31023"", ""adm_nm"": ""성남시 분당구"", ""matched_level"": ""sigungu""}",451221,42.3,0,31023
ba_14688192,sgis_population,,,,,,"{""tot_ppltn"": 241230, ""avg_age"": 44.4, ""tot_household"": 0, ""adm_cd"": ""31021"", ""adm_nm"": ""성남시 수정구"", ""matched_level"": ""sigungu""}",241230,44.4,0,31021
ba_14688196,sgis_population,,,,,,"{""tot_ppltn"": 320168, ""avg_age"": 42.7, ""tot_household"": 0, ""adm_cd"": ""11130"", ""adm_nm"": ""서대문구"", ""matched_level"": ""sigungu""}",320168,42.7,0,11130
ba_14688197,sgis_population,,,,,,"{""tot_ppltn"": 320168, ""avg_age"": 42.7, ""tot_household"": 0, ""adm_cd"": ""11130"", ""adm_nm"": ""서대문구"", ""matched_level"": ""sigungu""}",320168,42.7,0,11130
ba_14688207,sgis_population,,,,,,"{""tot_ppltn"": 320168, ""avg_age"": 42.7, ""tot_household"": 0, ""adm_cd"": ""11130"", ""adm_nm"": ""서대문구"", ""matched_level"": ""sigungu""}",320168,42.7,0,11130
ba_14688233,sgis_population,,,,,,"{""tot_ppltn"": 372852, ""avg_age"": 42.0, ""tot_household"": 0, ""adm_cd"": ""31012"", ""adm_nm"": ""수원시 권선구"", ""matched_level"": ""sigungu""}",372852,42.0,0,31012
ba_14688336,sgis_population,,,,,,"{""tot_ppltn"": 432874, ""avg_age"": 43.2, ""tot_household"": 0, ""adm_cd"": ""11080"", ""adm_nm"": ""성북구"", ""matched_level"": ""sigungu""}",432874,43.2,0,11080
ba_14688337,sgis_population,,,,,,"{""tot_ppltn"": 432874, ""avg_age"": 43.2, ""tot_household"": 0, ""adm_cd"": ""11080"", ""adm_nm"": ""성북구"", ""matched_level"": ""sigungu""}",432874,43.2,0,11080
ba_14688338,sgis_population,,,,,,"{""tot_ppltn"": 405077, ""avg_age"": 43.7, ""tot_household"": 0, ""adm_cd"": ""31051"", ""adm_nm"": ""부천시 원미구"", ""matched_level"": ""sigungu""}",405077,43.7,0,31051
ba_14688345,sgis_population,,,,,,"{""tot_ppltn"": 211665, ""avg_age"": 43.6, ""tot_household"": 0, ""adm_cd"": ""31013"", ""adm_nm"": ""수원시 팔달구"", ""matched_level"": ""sigungu""}",211665,43.6,0,31013
ba_14688363,sgis_population,,,,,,"{""tot_ppltn"": 422248, ""avg_age"": 43.7, ""tot_household"": 0, ""adm_cd"": ""11150"", ""adm_nm"": ""양천구"", ""matched_level"": ""sigungu""}",422248,43.7,0,11150
ba_14688371,sgis_population,,,,,,"{""tot_ppltn"": 422248, ""avg_age"": 43.7, ""tot_household"": 0, ""adm_cd"": ""11150"", ""adm_nm"": ""양천구"", ""matched_level"": ""sigungu""}",422248,43.7,0,11150
ba_14688483,sgis_population,,,,,,"{""tot_ppltn"": 211665, ""avg_age"": 43.6, ""tot_household"": 0, ""adm_cd"": ""31013"", ""adm_nm"": ""수원시 팔달구"", ""matched_level"": ""sigungu""}",211665,43.6,0,31013
ba_14688499,sgis_population,,,,,,"{""tot_ppltn"": 211665, ""avg_age"": 43.6, ""tot_household"": 0, ""adm_cd"": ""31013"", ""adm_nm"": ""수원시 팔달구"", ""matched_level"": ""sigungu""}",211665,43.6,0,31013
ba_14688522,sgis_population,,,,,,"{""tot_ppltn"": 568455, ""avg_age"": 40.7, ""tot_household"": 0, ""adm_cd"": ""31150"", ""adm_nm"": ""시흥시"", ""matched_level"": ""sigungu""}",568455,40.7,0,31150
ba_14688525,sgis_population,,,,,,"{""tot_ppltn"": 568455, ""avg_age"": 40.7, ""tot_household"": 0, ""adm_cd"": ""31150"", ""adm_nm"": ""시흥시"", ""matched_level"": ""sigungu""}",568455,40.7,0,31150
ba_14688541,sgis_population,,,,,,"{""tot_ppltn"": 568455, ""avg_age"": 40.7, ""tot_household"": 0, ""adm_cd"": ""31150"", ""adm_nm"": ""시흥시"", ""matched_level"": ""sigungu""}",568455,40.7,0,31150
ba_14688555,sgis_population,,,,,,"{""tot_ppltn"": 211665, ""avg_age"": 43.6, ""tot_household"": 0, ""adm_cd"": ""31013"", ""adm_nm"": ""수원시 팔달구"", ""matched_level"": ""sigungu""}",211665,43.6,0,31013
ba_14688557,sgis_population,,,,,,"{""tot_ppltn"": 428463, ""avg_age"": 42.0, ""tot_household"": 0, ""adm_cd"": ""31192"", ""adm_nm"": ""용인시 기흥구"", ""matched_level"": ""sigungu""}",428463,42.0,0,31192
ba_14688559,sgis_population,,,,,,"{""tot_ppltn"": 428463, ""avg_age"": 42.0, ""tot_household"": 0, ""adm_cd"": ""31192"", ""adm_nm"": ""용인시 기흥구"", ""matched_level"": ""sigungu""}",428463,42.0,0,31192
ba_14688563,sgis_population,,,,,,"{""tot_ppltn"": 422248, ""avg_age"": 43.7, ""tot_household"": 0, ""adm_cd"": ""11150"", ""adm_nm"": ""양천구"", ""matched_level"": ""sigungu""}",422248,43.7,0,11150
ba_14688567,sgis_population,,,,,,"{""tot_ppltn"": 422248, ""avg_age"": 43.7, ""tot_household"": 0, ""adm_cd"": ""11150"", ""adm_nm"": ""양천구"", ""matched_level"": ""sigungu""}",422248,43.7,0,11150
ba_14688570,sgis_population,,,,,,"{""tot_ppltn"": 428463, ""avg_age"": 42.0, ""tot_household"": 0, ""adm_cd"": ""31192"", ""adm_nm"": ""용인시 기흥구"", ""matched_level"": ""sigungu""}",428463,42.0,0,31192
ba_14688571,sgis_population,,,,,,"{""tot_ppltn"": 353190, ""avg_age"": 42.5, ""tot_household"": 0, ""adm_cd"": ""31092"", ""adm_nm"": ""안산시 단원구"", ""matched_level"": ""sigungu""}",353190,42.5,0,31092
ba_14688582,sgis_population,,,,,,"{""tot_ppltn"": 422248, ""avg_age"": 43.7, ""tot_household"": 0, ""adm_cd"": ""11150"", ""adm_nm"": ""양천구"", ""matched_level"": ""sigungu""}",422248,43.7,0,11150
ba_14688602,sgis_population,,,,,,"{""tot_ppltn"": 716123, ""avg_age"": 43.0, ""tot_household"": 0, ""adm_cd"": ""31130"", ""adm_nm"": ""남양주시"", ""matched_level"": ""sigungu""}",716123,43.0,0,31130
ba_14688609,sgis_population,,,,,,"{""tot_ppltn"": 364511, ""avg_age"": 41.2, ""tot_household"": 0, ""adm_cd"": ""31193"", ""adm_nm"": ""용인시 수지구"", ""matched_level"": ""sigungu""}",364511,41.2,0,31193
ba_14688614,sgis_population,,,,,,"{""tot_ppltn"": 355957, ""avg_age"": 42.8, ""tot_household"": 0, ""adm_cd"": ""31091"", ""adm_nm"": ""안산시 상록구"", ""matched_level"": ""sigungu""}",355957,42.8,0,31091
ba_14688631,sgis_population,,,,,,"{""tot_ppltn"": 242773, ""avg_age"": 44.4, ""tot_household"": 0, ""adm_cd"": ""31052"", ""adm_nm"": ""부천시 소사구"", ""matched_level"": ""sigungu""}",242773,44.4,0,31052
ba_14688656,sgis_population,,,,,,"{""tot_ppltn"": 400544, ""avg_age"": 44.0, ""tot_household"": 0, ""adm_cd"": ""11190"", ""adm_nm"": ""영등포구"", ""matched_level"": ""sigungu""}",400544,44.0,0,11190
ba_14688684,sgis_population,,,,,,"{""tot_ppltn"": 405077, ""avg_age"": 43.7, ""tot_household"": 0, ""adm_cd"": ""31051"", ""adm_nm"": ""부천시 원미구"", ""matched_level"": ""sigungu""}",405077,43.7,0,31051
ba_14688687,sgis_population,,,,,,"{""tot_ppltn"": 400544, ""avg_age"": 44.0, ""tot_household"": 0, ""adm_cd"": ""11190"", ""adm_nm"": ""영등포구"", ""matched_level"": ""sigungu""}",400544,44.0,0,11190
ba_14688693,sgis_population,,,,,,"{""tot_ppltn"": 302751, ""avg_age"": 42.3, ""tot_household"": 0, ""adm_cd"": ""31042"", ""adm_nm"": ""안양시 동안구"", ""matched_level"": ""sigungu""}",302751,42.3,0,31042
ba_14688697,sgis_population,,,,,,"{""tot_ppltn"": 400544, ""avg_age"": 44.0, ""tot_household"": 0, ""adm_cd"": ""11190"", ""adm_nm"": ""영등포구"", ""matched_level"": ""sigungu""}",400544,44.0,0,11190
ba_14688702,sgis_population,,,,,,"{""tot_ppltn"": 405077, ""avg_age"": 43.7, ""tot_household"": 0, ""adm_cd"": ""31051"", ""adm_nm"": ""부천시 원미구"", ""matched_level"": ""sigungu""}",405077,43.7,0,31051
ba_14688707,sgis_population,,,,,,"{""tot_ppltn"": 234408, ""avg_age"": 45.2, ""tot_household"": 0, ""adm_cd"": ""31041"", ""adm_nm"": ""안양시 만안구"", ""matched_level"": ""sigungu""}",234408,45.2,0,31041
ba_14688709,sgis_population,,,,,,"{""tot_ppltn"": 405077, ""avg_age"": 43.7, ""tot_household"": 0, ""adm_cd"": ""31051"", ""adm_nm"": ""부천시 원미구"", ""matched_level"": ""sigungu""}",405077,43.7,0,31051
ba_14688716,sgis_population,,,,,,"{""tot_ppltn"": 285959, ""avg_age"": 44.1, ""tot_household"": 0, ""adm_cd"": ""31103"", ""adm_nm"": ""고양시 일산동구"", ""matched_level"": ""sigungu""}",285959,44.1,0,31103
ba_14688728,sgis_population,,,,,,"{""tot_ppltn"": 451221, ""avg_age"": 42.3, ""tot_household"": 0, ""adm_cd"": ""31023"", ""adm_nm"": ""성남시 분당구"", ""matched_level"": ""sigungu""}",451221,42.3,0,31023
ba_14688729,sgis_population,,,,,,"{""tot_ppltn"": 76824, ""avg_age"": 41.4, ""tot_household"": 0, ""adm_cd"": ""31110"", ""adm_nm"": ""과천시"", ""matched_level"": ""sigungu""}",76824,41.4,0,31110
ba_14688738,sgis_population,,,,,,"{""tot_ppltn"": 451221, ""avg_age"": 42.3, ""tot_household"": 0, ""adm_cd"": ""31023"", ""adm_nm"": ""성남시 분당구"", ""matched_level"": ""sigungu""}",451221,42.3,0,31023
ba_14688746,sgis_population,,,,,,"{""tot_ppltn"": 275397, ""avg_age"": 43.4, ""tot_household"": 0, ""adm_cd"": ""31060"", ""adm_nm"": ""광명시"", ""matched_level"": ""sigungu""}",275397,43.4,0,31060
ba_14688751,sgis_population,,,,,,"{""tot_ppltn"": 400544, ""avg_age"": 44.0, ""tot_household"": 0, ""adm_cd"": ""11190"", ""adm_nm"": ""영등포구"", ""matched_level"": ""sigungu""}",400544,44.0,0,11190
ba_14688765,sgis_population,,,,,,"{""tot_ppltn"": 400544, ""avg_age"": 44.0, ""tot_household"": 0, ""adm_cd"": ""11190"", ""adm_nm"": ""영등포구"", ""matched_level"": ""sigungu""}",400544,44.0,0,11190
ba_14688789,sgis_population,,,,,,"{""tot_ppltn"": 241230, ""avg_age"": 44.4, ""tot_household"": 0, ""adm_cd"": ""31021"", ""adm_nm"": ""성남시 수정구"", ""matched_level"": ""sigungu""}",241230,44.4,0,31021
ba_14688848,sgis_population,,,,,,"{""tot_ppltn"": 452988, ""avg_age"": 45.2, ""tot_household"": 0, ""adm_cd"": ""11120"", ""adm_nm"": ""은평구"", ""matched_level"": ""sigungu""}",452988,45.2,0,11120
ba_14688854,sgis_population,,,,,,"{""tot_ppltn"": 605678, ""avg_age"": 40.8, ""tot_household"": 0, ""adm_cd"": ""31070"", ""adm_nm"": ""평택시"", ""matched_level"": ""sigungu""}",605678,40.8,0,31070
ba_14688860,sgis_population,,,,,,"{""tot_ppltn"": 452988, ""avg_age"": 45.2, ""tot_household"": 0, ""adm_cd"": ""11120"", ""adm_nm"": ""은평구"", ""matched_level"": ""sigungu""}",452988,45.2,0,11120
ba_14688879,sgis_population,,,,,,"{""tot_ppltn"": 974156, ""avg_age"": 38.2, ""tot_household"": 0, ""adm_cd"": ""31240"", ""adm_nm"": ""화성시"", ""matched_level"": ""sigungu""}",974156,38.2,0,31240
ba_14688905,sgis_population,,,,,,"{""tot_ppltn"": 484424, ""avg_age"": 43.6, ""tot_household"": 0, ""adm_cd"": ""31101"", ""adm_nm"": ""고양시 덕양구"", ""matched_level"": ""sigungu""}",484424,43.6,0,31101
ba_14688907,sgis_population,,,,,,"{""tot_ppltn"": 484424, ""avg_age"": 43.6, ""tot_household"": 0, ""adm_cd"": ""31101"", ""adm_nm"": ""고양시 덕양구"", ""matched_level"": ""sigungu""}",484424,43.6,0,31101
ba_14688923,sgis_population,,,,,,"{""tot_ppltn"": 146179, ""avg_age"": 44.1, ""tot_household"": 0, ""adm_cd"": ""11010"", ""adm_nm"": ""종로구"", ""matched_level"": ""sigungu""}",146179,44.1,0,11010
ba_14688924,sgis_population,,,,,,"{""tot_ppltn"": 146179, ""avg_age"": 44.1, ""tot_household"": 0, ""adm_cd"": ""11010"", ""adm_nm"": ""종로구"", ""matched_level"": ""sigungu""}",146179,44.1,0,11010
ba_14688931,sgis_population,,,,,,"{""tot_ppltn"": 484424, ""avg_age"": 43.6, ""tot_household"": 0, ""adm_cd"": ""31101"", ""adm_nm"": ""고양시 덕양구"", ""matched_level"": ""sigungu""}",484424,43.6,0,31101
ba_14688963,sgis_population,,,,,,"{""tot_ppltn"": 484424, ""avg_age"": 43.6, ""tot_household"": 0, ""adm_cd"": ""31101"", ""adm_nm"": ""고양시 덕양구"", ""matched_level"": ""sigungu""}",484424,43.6,0,31101
ba_14688982,sgis_population,,,,,,"{""tot_ppltn"": 263939, ""avg_age"": 44.0, ""tot_household"": 0, ""adm_cd"": ""31160"", ""adm_nm"": ""군포시"", ""matched_level"": ""sigungu""}",263939,44.0,0,31160
ba_14689003,sgis_population,,,,,,"{""tot_ppltn"": 183048, ""avg_age"": 43.9, ""tot_household"": 0, ""adm_cd"": ""31120"", ""adm_nm"": ""구리시"", ""matched_level"": ""sigungu""}",183048,43.9,0,31120
ba_14689004,sgis_population,,,,,,"{""tot_ppltn"": 263939, ""avg_age"": 44.0, ""tot_household"": 0, ""adm_cd"": ""31160"", ""adm_nm"": ""군포시"", ""matched_level"": ""sigungu""}",263939,44.0,0,31160
ba_14689007,sgis_population,,,,,,"{""tot_ppltn"": 496323, ""avg_age"": 40.9, ""tot_household"": 0, ""adm_cd"": ""31230"", ""adm_nm"": ""김포시"", ""matched_level"": ""sigungu""}",496323,40.9,0,31230
ba_14689013,sgis_population,,,,,,"{""tot_ppltn"": 496323, ""avg_age"": 40.9, ""tot_household"": 0, ""adm_cd"": ""31230"", ""adm_nm"": ""김포시"", ""matched_level"": ""sigungu""}",496323,40.9,0,31230
ba_14689024,sgis_population,,,,,,"{""tot_ppltn"": 496323, ""avg_age"": 40.9, ""tot_household"": 0, ""adm_cd"": ""31230"", ""adm_nm"": ""김포시"", ""matched_level"": ""sigungu""}",496323,40.9,0,31230
ba_14689101,sgis_population,,,,,,"{""tot_ppltn"": 400544, ""avg_age"": 44.0, ""tot_household"": 0, ""adm_cd"": ""11190"", ""adm_nm"": ""영등포구"", ""matched_level"": ""sigungu""}",400544,44.0,0,11190
ba_14689115,sgis_population,,,,,,"{""tot_ppltn"": 269641, ""avg_age"": 43.0, ""tot_household"": 0, ""adm_cd"": ""31260"", ""adm_nm"": ""양주시"", ""matched_level"": ""sigungu""}",269641,43.0,0,31260
ba_14689378,sgis_population,,,,,,"{""tot_ppltn"": 210665, ""avg_age"": 44.6, ""tot_household"": 0, ""adm_cd"": ""31022"", ""adm_nm"": ""성남시 중원구"", ""matched_level"": ""sigungu""}",210665,44.6,0,31022
ba_14689381,sgis_population,,,,,,"{""tot_ppltn"": 274005, ""avg_age"": 42.7, ""tot_household"": 0, ""adm_cd"": ""31191"", ""adm_nm"": ""용인시 처인구"", ""matched_level"": ""sigungu""}",274005,42.7,0,31191
ba_14689382,sgis_population,,,,,,"{""tot_ppltn"": 372852, ""avg_age"": 42.0, ""tot_household"": 0, ""adm_cd"": ""31012"", ""adm_nm"": ""수원시 권선구"", ""matched_level"": ""sigungu""}",372852,42.0,0,31012
ba_14689387,sgis_population,,,,,,"{""tot_ppltn"": 210665, ""avg_age"": 44.6, ""tot_household"": 0, ""adm_cd"": ""31022"", ""adm_nm"": ""성남시 중원구"", ""matched_level"": ""sigungu""}",210665,44.6,0,31022
ba_14689395,sgis_population,,,,,,"{""tot_ppltn"": 274005, ""avg_age"": 42.7, ""tot_household"": 0, ""adm_cd"": ""31191"", ""adm_nm"": ""용인시 처인구"", ""matched_level"": ""sigungu""}",274005,42.7,0,31191
ba_14689401,sgis_population,,,,,,"{""tot_ppltn"": 372852, ""avg_age"": 42.0, ""tot_household"": 0, ""adm_cd"": ""31012"", ""adm_nm"": ""수원시 권선구"", ""matched_level"": ""sigungu""}",372852,42.0,0,31012
ba_14689402,sgis_population,,,,,,"{""tot_ppltn"": 458966, ""avg_age"": 43.9, ""tot_household"": 0, ""adm_cd"": ""31030"", ""adm_nm"": ""의정부시"", ""matched_level"": ""sigungu""}",458966,43.9,0,31030
ba_14689403,sgis_population,,,,,,"{""tot_ppltn"": 154788, ""avg_age"": 43.6, ""tot_household"": 0, ""adm_cd"": ""31170"", ""adm_nm"": ""의왕시"", ""matched_level"": ""sigungu""}",154788,43.6,0,31170
ba_14689409,sgis_population,,,,,,"{""tot_ppltn"": 372852, ""avg_age"": 42.0, ""tot_household"": 0, ""adm_cd"": ""31012"", ""adm_nm"": ""수원시 권선구"", ""matched_level"": ""sigungu""}",372852,42.0,0,31012
ba_14689415,sgis_population,,,,,,"{""tot_ppltn"": 372852, ""avg_age"": 42.0, ""tot_household"": 0, ""adm_cd"": ""31012"", ""adm_nm"": ""수원시 권선구"", ""matched_level"": ""sigungu""}",372852,42.0,0,31012
ba_14689416,sgis_population,,,,,,"{""tot_ppltn"": 372852, ""avg_age"": 42.0, ""tot_household"": 0, ""adm_cd"": ""31012"", ""adm_nm"": ""수원시 권선구"", ""matched_level"": ""sigungu""}",372852,42.0,0,31012
ba_14689425,sgis_population,,,,,,"{""tot_ppltn"": 458966, ""avg_age"": 43.9, ""tot_household"": 0, ""adm_cd"": ""31030"", ""adm_nm"": ""의정부시"", ""matched_level"": ""sigungu""}",458966,43.9,0,31030
ba_14689427,sgis_population,,,,,,"{""tot_ppltn"": 458966, ""avg_age"": 43.9, ""tot_household"": 0, ""adm_cd"": ""31030"", ""adm_nm"": ""의정부시"", ""matched_level"": ""sigungu""}",458966,43.9,0,31030
ba_14689441,sgis_population,,,,,,"{""tot_ppltn"": 228695, ""avg_age"": 42.3, ""tot_household"": 0, ""adm_cd"": ""31210"", ""adm_nm"": ""이천시"", ""matched_level"": ""sigungu""}",228695,42.3,0,31210
ba_14689448,sgis_population,,,,,,"{""tot_ppltn"": 228695, ""avg_age"": 42.3, ""tot_household"": 0, ""adm_cd"": ""31210"", ""adm_nm"": ""이천시"", ""matched_level"": ""sigungu""}",228695,42.3,0,31210
ba_14689454,sgis_population,,,,,,"{""tot_ppltn"": 366636, ""avg_age"": 38.2, ""tot_household"": 0, ""adm_cd"": ""31014"", ""adm_nm"": ""수원시 영통구"", ""matched_level"": ""sigungu""}",366636,38.2,0,31014
ba_14689464,sgis_population,,,,,,"{""tot_ppltn"": 495339, ""avg_age"": 42.1, ""tot_household"": 0, ""adm_cd"": ""31200"", ""adm_nm"": ""파주시"", ""matched_level"": ""sigungu""}",495339,42.1,0,31200
ba_14689472,sgis_population,,,,,,"{""tot_ppltn"": 275209, ""avg_age"": 42.9, ""tot_household"": 0, ""adm_cd"": ""31011"", ""adm_nm"": ""수원시 장안구"", ""matched_level"": ""sigungu""}",275209,42.9,0,31011
ba_14689481,sgis_population,,,,,,"{""tot_ppltn"": 495339, ""avg_age"": 42.1, ""tot_household"": 0, ""adm_cd"": ""31200"", ""adm_nm"": ""파주시"", ""matched_level"": ""sigungu""}",495339,42.1,0,31200
ba_14689485,sgis_population,,,,,,"{""tot_ppltn"": 366636, ""avg_age"": 38.2, ""tot_household"": 0, ""adm_cd"": ""31014"", ""adm_nm"": ""수원시 영통구"", ""matched_level"": ""sigungu""}",366636,38.2,0,31014
ba_14689496,sgis_population,,,,,,"{""tot_ppltn"": 211665, ""avg_age"": 43.6, ""tot_household"": 0, ""adm_cd"": ""31013"", ""adm_nm"": ""수원시 팔달구"", ""matched_level"": ""sigungu""}",211665,43.6,0,31013
ba_14689536,sgis_population,,,,,,"{""tot_ppltn"": 495339, ""avg_age"": 42.1, ""tot_household"": 0, ""adm_cd"": ""31200"", ""adm_nm"": ""파주시"", ""matched_level"": ""sigungu""}",495339,42.1,0,31200
ba_14689545,sgis_population,,,,,,"{""tot_ppltn"": 495339, ""avg_age"": 42.1, ""tot_household"": 0, ""adm_cd"": ""31200"", ""adm_nm"": ""파주시"", ""matched_level"": ""sigungu""}",495339,42.1,0,31200
ba_14689548,sgis_population,,,,,,"{""tot_ppltn"": 605678, ""avg_age"": 40.8, ""tot_household"": 0, ""adm_cd"": ""31070"", ""adm_nm"": ""평택시"", ""matched_level"": ""sigungu""}",605678,40.8,0,31070
ba_14689573,sgis_population,,,,,,"{""tot_ppltn"": 568455, ""avg_age"": 40.7, ""tot_household"": 0, ""adm_cd"": ""31150"", ""adm_nm"": ""시흥시"", ""matched_level"": ""sigungu""}",568455,40.7,0,31150
ba_14689591,sgis_population,,,,,,"{""tot_ppltn"": 605678, ""avg_age"": 40.8, ""tot_household"": 0, ""adm_cd"": ""31070"", ""adm_nm"": ""평택시"", ""matched_level"": ""sigungu""}",605678,40.8,0,31070
ba_14689595,sgis_population,,,,,,"{""tot_ppltn"": 568455, ""avg_age"": 40.7, ""tot_household"": 0, ""adm_cd"": ""31150"", ""adm_nm"": ""시흥시"", ""matched_level"": ""sigungu""}",568455,40.7,0,31150
ba_14689608,sgis_population,,,,,,"{""tot_ppltn"": 605678, ""avg_age"": 40.8, ""tot_household"": 0, ""adm_cd"": ""31070"", ""adm_nm"": ""평택시"", ""matched_level"": ""sigungu""}",605678,40.8,0,31070
ba_14689610,sgis_population,,,,,,"{""tot_ppltn"": 157324, ""avg_age"": 41.9, ""tot_household"": 0, ""adm_cd"": ""23010"", ""adm_nm"": ""중구"", ""matched_level"": ""sigungu""}",157324,41.9,0,23010
ba_14689611,sgis_population,,,,,,"{""tot_ppltn"": 568455, ""avg_age"": 40.7, ""tot_household"": 0, ""adm_cd"": ""31150"", ""adm_nm"": ""시흥시"", ""matched_level"": ""sigungu""}",568455,40.7,0,31150
ba_14689614,sgis_population,,,,,,"{""tot_ppltn"": 568455, ""avg_age"": 40.7, ""tot_household"": 0, ""adm_cd"": ""31150"", ""adm_nm"": ""시흥시"", ""matched_level"": ""sigungu""}",568455,40.7,0,31150
ba_14689625,sgis_population,,,,,,"{""tot_ppltn"": 605678, ""avg_age"": 40.8, ""tot_household"": 0, ""adm_cd"": ""31070"", ""adm_nm"": ""평택시"", ""matched_level"": ""sigungu""}",605678,40.8,0,31070
ba_14689645,sgis_population,,,,,,"{""tot_ppltn"": 974156, ""avg_age"": 38.2, ""tot_household"": 0, ""adm_cd"": ""31240"", ""adm_nm"": ""화성시"", ""matched_level"": ""sigungu""}",974156,38.2,0,31240
ba_14689734,sgis_population,,,,,,"{""tot_ppltn"": 408476, ""avg_age"": 39.9, ""tot_household"": 0, ""adm_cd"": ""23040"", ""adm_nm"": ""연수구"", ""matched_level"": ""sigungu""}",408476,39.9,0,23040
ba_14689750,sgis_population,,,,,,"{""tot_ppltn"": 355957, ""avg_age"": 42.8, ""tot_household"": 0, ""adm_cd"": ""31091"", ""adm_nm"": ""안산시 상록구"", ""matched_level"": ""sigungu""}",355957,42.8,0,31091
ba_14689756,sgis_population,,,,,,"{""tot_ppltn"": 394667, ""avg_age"": 43.0, ""tot_household"": 0, ""adm_cd"": ""31250"", ""adm_nm"": ""광주시"", ""matched_level"": ""sigungu""}",394667,43.0,0,31250
ba_14689757,sgis_population,,,,,,"{""tot_ppltn"": 408476, ""avg_age"": 39.9, ""tot_household"": 0, ""adm_cd"": ""23040"", ""adm_nm"": ""연수구"", ""matched_level"": ""sigungu""}",408476,39.9,0,23040
ba_14689759,sgis_population,,,,,,"{""tot_ppltn"": 408476, ""avg_age"": 39.9, ""tot_household"": 0, ""adm_cd"": ""23040"", ""adm_nm"": ""연수구"", ""matched_level"": ""sigungu""}",408476,39.9,0,23040
ba_14689760,sgis_population,,,,,,"{""tot_ppltn"": 408476, ""avg_age"": 39.9, ""tot_household"": 0, ""adm_cd"": ""23040"", ""adm_nm"": ""연수구"", ""matched_level"": ""sigungu""}",408476,39.9,0,23040
ba_14689761,sgis_population,,,,,,"{""tot_ppltn"": 408476, ""avg_age"": 39.9, ""tot_household"": 0, ""adm_cd"": ""23040"", ""adm_nm"": ""연수구"", ""matched_level"": ""sigungu""}",408476,39.9,0,23040
ba_14689766,sgis_population,,,,,,"{""tot_ppltn"": 157324, ""avg_age"": 41.9, ""tot_household"": 0, ""adm_cd"": ""23010"", ""adm_nm"": ""중구"", ""matched_level"": ""sigungu""}",157324,41.9,0,23010
ba_14689782,sgis_population,,,,,,"{""tot_ppltn"": 496323, ""avg_age"": 40.9, ""tot_household"": 0, ""adm_cd"": ""31230"", ""adm_nm"": ""김포시"", ""matched_level"": ""sigungu""}",496323,40.9,0,31230
ba_14689802,sgis_population,,,,,,"{""tot_ppltn"": 432874, ""avg_age"": 43.2, ""tot_household"": 0, ""adm_cd"": ""11080"", ""adm_nm"": ""성북구"", ""matched_level"": ""sigungu""}",432874,43.2,0,11080
ba_14689809,sgis_population,,,,,,"{""tot_ppltn"": 210390, ""avg_age"": 43.8, ""tot_household"": 0, ""adm_cd"": ""31220"", ""adm_nm"": ""안성시"", ""matched_level"": ""sigungu""}",210390,43.8,0,31220
ba_14689837,sgis_population,,,,,,"{""tot_ppltn"": 974156, ""avg_age"": 38.2, ""tot_household"": 0, ""adm_cd"": ""31240"", ""adm_nm"": ""화성시"", ""matched_level"": ""sigungu""}",974156,38.2,0,31240
ba_14689846,sgis_population,,,,,,"{""tot_ppltn"": 974156, ""avg_age"": 38.2, ""tot_household"": 0, ""adm_cd"": ""31240"", ""adm_nm"": ""화성시"", ""matched_level"": ""sigungu""}",974156,38.2,0,31240
ba_14689854,sgis_population,,,,,,"{""tot_ppltn"": 500087, ""avg_age"": 44.0, ""tot_household"": 0, ""adm_cd"": ""23050"", ""adm_nm"": ""남동구"", ""matched_level"": ""sigungu""}",500087,44.0,0,23050
ba_14689855,sgis_population,,,,,,"{""tot_ppltn"": 302751, ""avg_age"": 42.3, ""tot_household"": 0, ""adm_cd"": ""31042"", ""adm_nm"": ""안양시 동안구"", ""matched_level"": ""sigungu""}",302751,42.3,0,31042
ba_14689859,sgis_population,,,,,,"{""tot_ppltn"": 292504, ""avg_age"": 44.0, ""tot_household"": 0, ""adm_cd"": ""32010"", ""adm_nm"": ""춘천시"", ""matched_level"": ""sigungu""}",292504,44.0,0,32010
ba_14689869,sgis_population,,,,,,"{""tot_ppltn"": 302751, ""avg_age"": 42.3, ""tot_household"": 0, ""adm_cd"": ""31042"", ""adm_nm"": ""안양시 동안구"", ""matched_level"": ""sigungu""}",302751,42.3,0,31042
ba_14689875,sgis_population,,,,,,"{""tot_ppltn"": 355412, ""avg_age"": 42.9, ""tot_household"": 0, ""adm_cd"": ""38100"", ""adm_nm"": ""양산시"", ""matched_level"": ""sigungu""}",355412,42.9,0,38100
ba_14689886,sgis_population,,,,,,"{""tot_ppltn"": 302751, ""avg_age"": 42.3, ""tot_household"": 0, ""adm_cd"": ""31042"", ""adm_nm"": ""안양시 동안구"", ""matched_level"": ""sigungu""}",302751,42.3,0,31042
ba_14689890,sgis_population,,,,,,"{""tot_ppltn"": 500087, ""avg_age"": 44.0, ""tot_household"": 0, ""adm_cd"": ""23050"", ""adm_nm"": ""남동구"", ""matched_level"": ""sigungu""}",500087,44.0,0,23050
ba_14689894,sgis_population,,,,,,"{""tot_ppltn"": 500087, ""avg_age"": 44.0, ""tot_household"": 0, ""adm_cd"": ""23050"", ""adm_nm"": ""남동구"", ""matched_level"": ""sigungu""}",500087,44.0,0,23050
ba_14689904,sgis_population,,,,,,"{""tot_ppltn"": 302751, ""avg_age"": 42.3, ""tot_household"": 0, ""adm_cd"": ""31042"", ""adm_nm"": ""안양시 동안구"", ""matched_level"": ""sigungu""}",302751,42.3,0,31042
ba_14689906,sgis_population,,,,,,"{""tot_ppltn"": 500087, ""avg_age"": 44.0, ""tot_household"": 0, ""adm_cd"": ""23050"", ""adm_nm"": ""남동구"", ""matched_level"": ""sigungu""}",500087,44.0,0,23050
ba_14689910,sgis_population,,,,,,"{""tot_ppltn"": 355999, ""avg_age"": 43.2, ""tot_household"": 0, ""adm_cd"": ""11060"", ""adm_nm"": ""동대문구"", ""matched_level"": ""sigungu""}",355999,43.2,0,11060
ba_14689936,sgis_population,,,,,,"{""tot_ppltn"": 234408, ""avg_age"": 45.2, ""tot_household"": 0, ""adm_cd"": ""31041"", ""adm_nm"": ""안양시 만안구"", ""matched_level"": ""sigungu""}",234408,45.2,0,31041
ba_14689940,sgis_population,,,,,,"{""tot_ppltn"": 234408, ""avg_age"": 45.2, ""tot_household"": 0, ""adm_cd"": ""31041"", ""adm_nm"": ""안양시 만안구"", ""matched_level"": ""sigungu""}",234408,45.2,0,31041
ba_14689942,sgis_population,,,,,,"{""tot_ppltn"": 414941, ""avg_age"": 44.5, ""tot_household"": 0, ""adm_cd"": ""23090"", ""adm_nm"": ""미추홀구"", ""matched_level"": ""sigungu""}",414941,44.5,0,23090
ba_14689953,sgis_population,,,,,,"{""tot_ppltn"": 269641, ""avg_age"": 43.0, ""tot_household"": 0, ""adm_cd"": ""31260"", ""adm_nm"": ""양주시"", ""matched_level"": ""sigungu""}",269641,43.0,0,31260
ba_14689993,sgis_population,,,,,,"{""tot_ppltn"": 428463, ""avg_age"": 42.0, ""tot_household"": 0, ""adm_cd"": ""31192"", ""adm_nm"": ""용인시 기흥구"", ""matched_level"": ""sigungu""}",428463,42.0,0,31192
ba_14689999,sgis_population,,,,,,"{""tot_ppltn"": 414941, ""avg_age"": 44.5, ""tot_household"": 0, ""adm_cd"": ""23090"", ""adm_nm"": ""미추홀구"", ""matched_level"": ""sigungu""}",414941,44.5,0,23090
ba_14690002,sgis_population,,,,,,"{""tot_ppltn"": 408476, ""avg_age"": 39.9, ""tot_household"": 0, ""adm_cd"": ""23040"", ""adm_nm"": ""연수구"", ""matched_level"": ""sigungu""}",408476,39.9,0,23040
ba_14690014,sgis_population,,,,,,"{""tot_ppltn"": 414941, ""avg_age"": 44.5, ""tot_household"": 0, ""adm_cd"": ""23090"", ""adm_nm"": ""미추홀구"", ""matched_level"": ""sigungu""}",414941,44.5,0,23090
ba_14690034,sgis_population,,,,,,"{""tot_ppltn"": 621848, ""avg_age"": 40.7, ""tot_household"": 0, ""adm_cd"": ""23080"", ""adm_nm"": ""서구"", ""matched_level"": ""sigungu""}",621848,40.7,0,23080
ba_14690045,sgis_population,,,,,,"{""tot_ppltn"": 621848, ""avg_age"": 40.7, ""tot_household"": 0, ""adm_cd"": ""23080"", ""adm_nm"": ""서구"", ""matched_level"": ""sigungu""}",621848,40.7,0,23080
ba_14690050,sgis_population,,,,,,"{""tot_ppltn"": 621848, ""avg_age"": 40.7, ""tot_household"": 0, ""adm_cd"": ""23080"", ""adm_nm"": ""서구"", ""matched_level"": ""sigungu""}",621848,40.7,0,23080
ba_14690053,sgis_population,,,,,,"{""tot_ppltn"": 428463, ""avg_age"": 42.0, ""tot_household"": 0, ""adm_cd"": ""31192"", ""adm_nm"": ""용인시 기흥구"", ""matched_level"": ""sigungu""}",428463,42.0,0,31192
ba_14690056,sgis_population,,,,,,"{""tot_ppltn"": 428463, ""avg_age"": 42.0, ""tot_household"": 0, ""adm_cd"": ""31192"", ""adm_nm"": ""용인시 기흥구"", ""matched_level"": ""sigungu""}",428463,42.0,0,31192
ba_14690057,sgis_population,,,,,,"{""tot_ppltn"": 621848, ""avg_age"": 40.7, ""tot_household"": 0, ""adm_cd"": ""23080"", ""adm_nm"": ""서구"", ""matched_level"": ""sigungu""}",621848,40.7,0,23080
ba_14690062,sgis_population,,,,,,"{""tot_ppltn"": 428463, ""avg_age"": 42.0, ""tot_household"": 0, ""adm_cd"": ""31192"", ""adm_nm"": ""용인시 기흥구"", ""matched_level"": ""sigungu""}",428463,42.0,0,31192
ba_14690068,sgis_population,,,,,,"{""tot_ppltn"": 364511, ""avg_age"": 41.2, ""tot_household"": 0, ""adm_cd"": ""31193"", ""adm_nm"": ""용인시 수지구"", ""matched_level"": ""sigungu""}",364511,41.2,0,31193
ba_14690077,sgis_population,,,,,,"{""tot_ppltn"": 621848, ""avg_age"": 40.7, ""tot_household"": 0, ""adm_cd"": ""23080"", ""adm_nm"": ""서구"", ""matched_level"": ""sigungu""}",621848,40.7,0,23080
ba_14690081,sgis_population,,,,,,"{""tot_ppltn"": 422248, ""avg_age"": 43.7, ""tot_household"": 0, ""adm_cd"": ""11150"", ""adm_nm"": ""양천구"", ""matched_level"": ""sigungu""}",422248,43.7,0,11150
ba_14690086,sgis_population,,,,,,"{""tot_ppltn"": 364511, ""avg_age"": 41.2, ""tot_household"": 0, ""adm_cd"": ""31193"", ""adm_nm"": ""용인시 수지구"", ""matched_level"": ""sigungu""}",364511,41.2,0,31193
ba_14690092,sgis_population,,,,,,"{""tot_ppltn"": 621848, ""avg_age"": 40.7, ""tot_household"": 0, ""adm_cd"": ""23080"", ""adm_nm"": ""서구"", ""matched_level"": ""sigungu""}",621848,40.7,0,23080
ba_14690110,sgis_population,,,,,,"{""tot_ppltn"": 364511, ""avg_age"": 41.2, ""tot_household"": 0, ""adm_cd"": ""31193"", ""adm_nm"": ""용인시 수지구"", ""matched_level"": ""sigungu""}",364511,41.2,0,31193
ba_14690122,sgis_population,,,,,,"{""tot_ppltn"": 364511, ""avg_age"": 41.2, ""tot_household"": 0, ""adm_cd"": ""31193"", ""adm_nm"": ""용인시 수지구"", ""matched_level"": ""sigungu""}",364511,41.2,0,31193
ba_14690124,sgis_population,,,,,,"{""tot_ppltn"": 364511, ""avg_age"": 41.2, ""tot_household"": 0, ""adm_cd"": ""31193"", ""adm_nm"": ""용인시 수지구"", ""matched_level"": ""sigungu""}",364511,41.2,0,31193
ba_14690154,sgis_population,,,,,,"{""tot_ppltn"": 277209, ""avg_age"": 43.7, ""tot_household"": 0, ""adm_cd"": ""31104"", ""adm_nm"": ""고양시 일산서구"", ""matched_level"": ""sigungu""}",277209,43.7,0,31104
ba_14690155,sgis_population,,,,,,"{""tot_ppltn"": 496323, ""avg_age"": 40.9, ""tot_household"": 0, ""adm_cd"": ""31230"", ""adm_nm"": ""김포시"", ""matched_level"": ""sigungu""}",496323,40.9,0,31230
ba_14690378,sgis_population,,,,,,"{""tot_ppltn"": 630744, ""avg_age"": 42.9, ""tot_household"": 0, ""adm_cd"": ""11240"", ""adm_nm"": ""송파구"", ""matched_level"": ""sigungu""}",630744,42.9,0,11240
ba_14690560,sgis_population,,,,,,"{""tot_ppltn"": 243412, ""avg_age"": 42.0, ""tot_household"": 0, ""adm_cd"": ""38112"", ""adm_nm"": ""창원시 성산구"", ""matched_level"": ""sigungu""}",243412,42.0,0,38112
ba_14690565,sgis_population,,,,,,"{""tot_ppltn"": 243412, ""avg_age"": 42.0, ""tot_household"": 0, ""adm_cd"": ""38112"", ""adm_nm"": ""창원시 성산구"", ""matched_level"": ""sigungu""}",243412,42.0,0,38112
ba_14690577,sgis_population,,,,,,"{""tot_ppltn"": 266458, ""avg_age"": 45.5, ""tot_household"": 0, ""adm_cd"": ""37012"", ""adm_nm"": ""포항시 북구"", ""matched_level"": ""sigungu""}",266458,45.5,0,37012
ba_14690587,sgis_population,,,,,,"{""tot_ppltn"": 266458, ""avg_age"": 45.5, ""tot_household"": 0, ""adm_cd"": ""37012"", ""adm_nm"": ""포항시 북구"", ""matched_level"": ""sigungu""}",266458,45.5,0,37012
ba_14690630,sgis_population,,,,,,"{""tot_ppltn"": 266458, ""avg_age"": 45.5, ""tot_household"": 0, ""adm_cd"": ""37012"", ""adm_nm"": ""포항시 북구"", ""matched_level"": ""sigungu""}",266458,45.5,0,37012
ba_14690660,sgis_population,,,,,,"{""tot_ppltn"": 548672, ""avg_age"": 41.9, ""tot_household"": 0, ""adm_cd"": ""38070"", ""adm_nm"": ""김해시"", ""matched_level"": ""sigungu""}",548672,41.9,0,38070
ba_14690665,sgis_population,,,,,,"{""tot_ppltn"": 548672, ""avg_age"": 41.9, ""tot_household"": 0, ""adm_cd"": ""38070"", ""adm_nm"": ""김해시"", ""matched_level"": ""sigungu""}",548672,41.9,0,38070
ba_14690672,sgis_population,,,,,,"{""tot_ppltn"": 548672, ""avg_age"": 41.9, ""tot_household"": 0, ""adm_cd"": ""38070"", ""adm_nm"": ""김해시"", ""matched_level"": ""sigungu""}",548672,41.9,0,38070
ba_14690673,sgis_population,,,,,,"{""tot_ppltn"": 417491, ""avg_age"": 39.5, ""tot_household"": 0, ""adm_cd"": ""24050"", ""adm_nm"": ""광산구"", ""matched_level"": ""sigungu""}",417491,39.5,0,24050
ba_14690674,sgis_population,,,,,,"{""tot_ppltn"": 417491, ""avg_age"": 39.5, ""tot_household"": 0, ""adm_cd"": ""24050"", ""adm_nm"": ""광산구"", ""matched_level"": ""sigungu""}",417491,39.5,0,24050
ba_14690677,sgis_population,,,,,,"{""tot_ppltn"": 548672, ""avg_age"": 41.9, ""tot_household"": 0, ""adm_cd"": ""38070"", ""adm_nm"": ""김해시"", ""matched_level"": ""sigungu""}",548672,41.9,0,38070
ba_14690680,sgis_population,,,,,,"{""tot_ppltn"": 548672, ""avg_age"": 41.9, ""tot_household"": 0, ""adm_cd"": ""38070"", ""adm_nm"": ""김해시"", ""matched_level"": ""sigungu""}",548672,41.9,0,38070
ba_14690689,sgis_population,,,,,,"{""tot_ppltn"": 417491, ""avg_age"": 39.5, ""tot_household"": 0, ""adm_cd"": ""24050"", ""adm_nm"": ""광산구"", ""matched_level"": ""sigungu""}",417491,39.5,0,24050
ba_14690695,sgis_population,,,,,,"{""tot_ppltn"": 548672, ""avg_age"": 41.9, ""tot_household"": 0, ""adm_cd"": ""38070"", ""adm_nm"": ""김해시"", ""matched_level"": ""sigungu""}",548672,41.9,0,38070
ba_14690704,sgis_population,,,,,,"{""tot_ppltn"": 548672, ""avg_age"": 41.9, ""tot_household"": 0, ""adm_cd"": ""38070"", ""adm_nm"": ""김해시"", ""matched_level"": ""sigungu""}",548672,41.9,0,38070
ba_14690709,sgis_population,,,,,,"{""tot_ppltn"": 548672, ""avg_age"": 41.9, ""tot_household"": 0, ""adm_cd"": ""38070"", ""adm_nm"": ""김해시"", ""matched_level"": ""sigungu""}",548672,41.9,0,38070
ba_14690712,sgis_population,,,,,,"{""tot_ppltn"": 417491, ""avg_age"": 39.5, ""tot_household"": 0, ""adm_cd"": ""24050"", ""adm_nm"": ""광산구"", ""matched_level"": ""sigungu""}",417491,39.5,0,24050
ba_14690718,sgis_population,,,,,,"{""tot_ppltn"": 211536, ""avg_age"": 44.2, ""tot_household"": 0, ""adm_cd"": ""24030"", ""adm_nm"": ""남구"", ""matched_level"": ""sigungu""}",211536,44.2,0,24030
ba_14690722,sgis_population,,,,,,"{""tot_ppltn"": 417491, ""avg_age"": 39.5, ""tot_household"": 0, ""adm_cd"": ""24050"", ""adm_nm"": ""광산구"", ""matched_level"": ""sigungu""}",417491,39.5,0,24050
ba_14690723,sgis_population,,,,,,"{""tot_ppltn"": 417491, ""avg_age"": 39.5, ""tot_household"": 0, ""adm_cd"": ""24050"", ""adm_nm"": ""광산구"", ""matched_level"": ""sigungu""}",417491,39.5,0,24050
ba_14690724,sgis_population,,,,,,"{""tot_ppltn"": 109008, ""avg_age"": 47.5, ""tot_household"": 0, ""adm_cd"": ""38060"", ""adm_nm"": ""사천시"", ""matched_level"": ""sigungu""}",109008,47.5,0,38060
ba_14690725,sgis_population,,,,,,"{""tot_ppltn"": 211536, ""avg_age"": 44.2, ""tot_household"": 0, ""adm_cd"": ""24030"", ""adm_nm"": ""남구"", ""matched_level"": ""sigungu""}",211536,44.2,0,24030
ba_14690752,sgis_population,,,,,,"{""tot_ppltn"": 355412, ""avg_age"": 42.9, ""tot_household"": 0, ""adm_cd"": ""38100"", ""adm_nm"": ""양산시"", ""matched_level"": ""sigungu""}",355412,42.9,0,38100
ba_14690763,sgis_population,,,,,,"{""tot_ppltn"": 355412, ""avg_age"": 42.9, ""tot_household"": 0, ""adm_cd"": ""38100"", ""adm_nm"": ""양산시"", ""matched_level"": ""sigungu""}",355412,42.9,0,38100
ba_14690774,sgis_population,,,,,,"{""tot_ppltn"": 348272, ""avg_age"": 43.8, ""tot_household"": 0, ""adm_cd"": ""38030"", ""adm_nm"": ""진주시"", ""matched_level"": ""sigungu""}",348272,43.8,0,38030
ba_14690786,sgis_population,,,,,,"{""tot_ppltn"": 432033, ""avg_age"": 43.2, ""tot_household"": 0, ""adm_cd"": ""24040"", ""adm_nm"": ""북구"", ""matched_level"": ""sigungu""}",432033,43.2,0,24040
ba_14690806,sgis_population,,,,,,"{""tot_ppltn"": 211536, ""avg_age"": 44.2, ""tot_household"": 0, ""adm_cd"": ""24030"", ""adm_nm"": ""남구"", ""matched_level"": ""sigungu""}",211536,44.2,0,24030
ba_14690836,sgis_population,,,,,,"{""tot_ppltn"": 180058, ""avg_age"": 46.2, ""tot_household"": 0, ""adm_cd"": ""38114"", ""adm_nm"": ""창원시 마산회원구"", ""matched_level"": ""sigungu""}",180058,46.2,0,38114
ba_14690909,sgis_population,,,,,,"{""tot_ppltn"": 180058, ""avg_age"": 46.2, ""tot_household"": 0, ""adm_cd"": ""38114"", ""adm_nm"": ""창원시 마산회원구"", ""matched_level"": ""sigungu""}",180058,46.2,0,38114
ba_14690983,sgis_population,,,,,,"{""tot_ppltn"": 171779, ""avg_age"": 45.1, ""tot_household"": 0, ""adm_cd"": ""25050"", ""adm_nm"": ""대덕구"", ""matched_level"": ""sigungu""}",171779,45.1,0,25050
ba_14690992,sgis_population,,,,,,"{""tot_ppltn"": 171779, ""avg_age"": 45.1, ""tot_household"": 0, ""adm_cd"": ""25050"", ""adm_nm"": ""대덕구"", ""matched_level"": ""sigungu""}",171779,45.1,0,25050
ba_14691001,sgis_population,,,,,,"{""tot_ppltn"": 432033, ""avg_age"": 43.2, ""tot_household"": 0, ""adm_cd"": ""24040"", ""adm_nm"": ""북구"", ""matched_level"": ""sigungu""}",432033,43.2,0,24040
ba_14691005,sgis_population,,,,,,"{""tot_ppltn"": 284014, ""avg_age"": 43.5, ""tot_household"": 0, ""adm_cd"": ""24020"", ""adm_nm"": ""서구"", ""matched_level"": ""sigungu""}",284014,43.5,0,24020
ba_14691030,sgis_population,,,,,,"{""tot_ppltn"": 539884, ""avg_age"": 43.9, ""tot_household"": 0, ""adm_cd"": ""22070"", ""adm_nm"": ""달서구"", ""matched_level"": ""sigungu""}",539884,43.9,0,22070
ba_14691036,sgis_population,,,,,,"{""tot_ppltn"": 267045, ""avg_age"": 41.6, ""tot_household"": 0, ""adm_cd"": ""22510"", ""adm_nm"": ""달성군"", ""matched_level"": ""sigungu""}",267045,41.6,0,22510
ba_14691037,sgis_population,,,,,,"{""tot_ppltn"": 379100, ""avg_age"": 39.0, ""tot_household"": 0, ""adm_cd"": ""25040"", ""adm_nm"": ""유성구"", ""matched_level"": ""sigungu""}",379100,39.0,0,25040
ba_14691042,sgis_population,,,,,,"{""tot_ppltn"": 267045, ""avg_age"": 41.6, ""tot_household"": 0, ""adm_cd"": ""22510"", ""adm_nm"": ""달성군"", ""matched_level"": ""sigungu""}",267045,41.6,0,22510
ba_14691044,sgis_population,,,,,,"{""tot_ppltn"": 267045, ""avg_age"": 41.6, ""tot_household"": 0, ""adm_cd"": ""22510"", ""adm_nm"": ""달성군"", ""matched_level"": ""sigungu""}",267045,41.6,0,22510
ba_14691059,sgis_population,,,,,,"{""tot_ppltn"": 267045, ""avg_age"": 41.6, ""tot_household"": 0, ""adm_cd"": ""22510"", ""adm_nm"": ""달성군"", ""matched_level"": ""sigungu""}",267045,41.6,0,22510
ba_14691062,sgis_population,,,,,,"{""tot_ppltn"": 284014, ""avg_age"": 43.5, ""tot_household"": 0, ""adm_cd"": ""24020"", ""adm_nm"": ""서구"", ""matched_level"": ""sigungu""}",284014,43.5,0,24020
ba_14691072,sgis_population,,,,,,"{""tot_ppltn"": 335589, ""avg_age"": 46.1, ""tot_household"": 0, ""adm_cd"": ""22020"", ""adm_nm"": ""동구"", ""matched_level"": ""sigungu""}",335589,46.1,0,22020
ba_14691077,sgis_population,,,,,,"{""tot_ppltn"": 335589, ""avg_age"": 46.1, ""tot_household"": 0, ""adm_cd"": ""22020"", ""adm_nm"": ""동구"", ""matched_level"": ""sigungu""}",335589,46.1,0,22020
ba_14691078,sgis_population,,,,,,"{""tot_ppltn"": 121626, ""avg_age"": 47.0, ""tot_household"": 0, ""adm_cd"": ""38050"", ""adm_nm"": ""통영시"", ""matched_level"": ""sigungu""}",121626,47.0,0,38050
ba_14691080,sgis_population,,,,,,"{""tot_ppltn"": 379100, ""avg_age"": 39.0, ""tot_household"": 0, ""adm_cd"": ""25040"", ""adm_nm"": ""유성구"", ""matched_level"": ""sigungu""}",379100,39.0,0,25040
ba_14691084,sgis_population,,,,,,"{""tot_ppltn"": 379100, ""avg_age"": 39.0, ""tot_household"": 0, ""adm_cd"": ""25040"", ""adm_nm"": ""유성구"", ""matched_level"": ""sigungu""}",379100,39.0,0,25040
ba_14691088,sgis_population,,,,,,"{""tot_ppltn"": 296453, ""avg_age"": 42.7, ""tot_household"": 0, ""adm_cd"": ""37100"", ""adm_nm"": ""경산시"", ""matched_level"": ""sigungu""}",296453,42.7,0,37100
ba_14691089,sgis_population,,,,,,"{""tot_ppltn"": 379100, ""avg_age"": 39.0, ""tot_household"": 0, ""adm_cd"": ""25040"", ""adm_nm"": ""유성구"", ""matched_level"": ""sigungu""}",379100,39.0,0,25040
ba_14691093,sgis_population,,,,,,"{""tot_ppltn"": 379100, ""avg_age"": 39.0, ""tot_household"": 0, ""adm_cd"": ""25040"", ""adm_nm"": ""유성구"", ""matched_level"": ""sigungu""}",379100,39.0,0,25040
ba_14691101,sgis_population,,,,,,"{""tot_ppltn"": 335589, ""avg_age"": 46.1, ""tot_household"": 0, ""adm_cd"": ""22020"", ""adm_nm"": ""동구"", ""matched_level"": ""sigungu""}",335589,46.1,0,22020
ba_14691105,sgis_population,,,,,,"{""tot_ppltn"": 379100, ""avg_age"": 39.0, ""tot_household"": 0, ""adm_cd"": ""25040"", ""adm_nm"": ""유성구"", ""matched_level"": ""sigungu""}",379100,39.0,0,25040
ba_14691106,sgis_population,,,,,,"{""tot_ppltn"": 335589, ""avg_age"": 46.1, ""tot_household"": 0, ""adm_cd"": ""22020"", ""adm_nm"": ""동구"", ""matched_level"": ""sigungu""}",335589,46.1,0,22020
ba_14691112,sgis_population,,,,,,"{""tot_ppltn"": 335589, ""avg_age"": 46.1, ""tot_household"": 0, ""adm_cd"": ""22020"", ""adm_nm"": ""동구"", ""matched_level"": ""sigungu""}",335589,46.1,0,22020
ba_14691116,sgis_population,,,,,,"{""tot_ppltn"": 430146, ""avg_age"": 43.5, ""tot_household"": 0, ""adm_cd"": ""22050"", ""adm_nm"": ""북구"", ""matched_level"": ""sigungu""}",430146,43.5,0,22050
ba_14691120,sgis_population,,,,,,"{""tot_ppltn"": 430146, ""avg_age"": 43.5, ""tot_household"": 0, ""adm_cd"": ""22050"", ""adm_nm"": ""북구"", ""matched_level"": ""sigungu""}",430146,43.5,0,22050
ba_14691130,sgis_population,,,,,,"{""tot_ppltn"": 87477, ""avg_age"": 49.4, ""tot_household"": 0, ""adm_cd"": ""21030"", ""adm_nm"": ""동구"", ""matched_level"": ""sigungu""}",87477,49.4,0,21030
ba_14691145,sgis_population,,,,,,"{""tot_ppltn"": 407458, ""avg_age"": 40.6, ""tot_household"": 0, ""adm_cd"": ""37050"", ""adm_nm"": ""구미시"", ""matched_level"": ""sigungu""}",407458,40.6,0,37050
ba_14691146,sgis_population,,,,,,"{""tot_ppltn"": 355644, ""avg_age"": 45.5, ""tot_household"": 0, ""adm_cd"": ""21050"", ""adm_nm"": ""부산진구"", ""matched_level"": ""sigungu""}",355644,45.5,0,21050
ba_14691147,sgis_population,,,,,,"{""tot_ppltn"": 154581, ""avg_age"": 48.2, ""tot_household"": 0, ""adm_cd"": ""37040"", ""adm_nm"": ""안동시"", ""matched_level"": ""sigungu""}",154581,48.2,0,37040
ba_14691150,sgis_population,,,,,,"{""tot_ppltn"": 267045, ""avg_age"": 41.6, ""tot_household"": 0, ""adm_cd"": ""22510"", ""adm_nm"": ""달성군"", ""matched_level"": ""sigungu""}",267045,41.6,0,22510
ba_14691155,sgis_population,,,,,,"{""tot_ppltn"": 430146, ""avg_age"": 43.5, ""tot_household"": 0, ""adm_cd"": ""22050"", ""adm_nm"": ""북구"", ""matched_level"": ""sigungu""}",430146,43.5,0,22050
ba_14691171,sgis_population,,,,,,"{""tot_ppltn"": 355644, ""avg_age"": 45.5, ""tot_household"": 0, ""adm_cd"": ""21050"", ""adm_nm"": ""부산진구"", ""matched_level"": ""sigungu""}",355644,45.5,0,21050
ba_14691172,sgis_population,,,,,,"{""tot_ppltn"": 430146, ""avg_age"": 43.5, ""tot_household"": 0, ""adm_cd"": ""22050"", ""adm_nm"": ""북구"", ""matched_level"": ""sigungu""}",430146,43.5,0,22050
ba_14691173,sgis_population,,,,,,"{""tot_ppltn"": 430146, ""avg_age"": 43.5, ""tot_household"": 0, ""adm_cd"": ""22050"", ""adm_nm"": ""북구"", ""matched_level"": ""sigungu""}",430146,43.5,0,22050
ba_14691178,sgis_population,,,,,,"{""tot_ppltn"": 161396, ""avg_age"": 49.6, ""tot_household"": 0, ""adm_cd"": ""22030"", ""adm_nm"": ""서구"", ""matched_level"": ""sigungu""}",161396,49.6,0,22030
ba_14691179,sgis_population,,,,,,"{""tot_ppltn"": 161396, ""avg_age"": 49.6, ""tot_household"": 0, ""adm_cd"": ""22030"", ""adm_nm"": ""서구"", ""matched_level"": ""sigungu""}",161396,49.6,0,22030
ba_14691187,sgis_population,,,,,,"{""tot_ppltn"": 161396, ""avg_age"": 49.6, ""tot_household"": 0, ""adm_cd"": ""22030"", ""adm_nm"": ""서구"", ""matched_level"": ""sigungu""}",161396,49.6,0,22030
ba_14691194,sgis_population,,,,,,"{""tot_ppltn"": 396295, ""avg_age"": 44.3, ""tot_household"": 0, ""adm_cd"": ""22060"", ""adm_nm"": ""수성구"", ""matched_level"": ""sigungu""}",396295,44.3,0,22060
ba_14691209,sgis_population,,,,,,"{""tot_ppltn"": 396295, ""avg_age"": 44.3, ""tot_household"": 0, ""adm_cd"": ""22060"", ""adm_nm"": ""수성구"", ""matched_level"": ""sigungu""}",396295,44.3,0,22060
ba_14691228,sgis_population,,,,,,"{""tot_ppltn"": 396295, ""avg_age"": 44.3, ""tot_household"": 0, ""adm_cd"": ""22060"", ""adm_nm"": ""수성구"", ""matched_level"": ""sigungu""}",396295,44.3,0,22060
ba_14691234,sgis_population,,,,,,"{""tot_ppltn"": 85775, ""avg_age"": 43.3, ""tot_household"": 0, ""adm_cd"": ""22010"", ""adm_nm"": ""중구"", ""matched_level"": ""sigungu""}",85775,43.3,0,22010
ba_14691235,sgis_population,,,,,,"{""tot_ppltn"": 396295, ""avg_age"": 44.3, ""tot_household"": 0, ""adm_cd"": ""22060"", ""adm_nm"": ""수성구"", ""matched_level"": ""sigungu""}",396295,44.3,0,22060
ba_14691237,sgis_population,,,,,,"{""tot_ppltn"": 396295, ""avg_age"": 44.3, ""tot_household"": 0, ""adm_cd"": ""22060"", ""adm_nm"": ""수성구"", ""matched_level"": ""sigungu""}",396295,44.3,0,22060
ba_14691245,sgis_population,,,,,,"{""tot_ppltn"": 85775, ""avg_age"": 43.3, ""tot_household"": 0, ""adm_cd"": ""22010"", ""adm_nm"": ""중구"", ""matched_level"": ""sigungu""}",85775,43.3,0,22010
ba_14691269,sgis_population,,,,,,"{""tot_ppltn"": 469031, ""avg_age"": 41.8, ""tot_household"": 0, ""adm_cd"": ""25030"", ""adm_nm"": ""서구"", ""matched_level"": ""sigungu""}",469031,41.8,0,25030
ba_14691270,sgis_population,,,,,,"{""tot_ppltn"": 539884, ""avg_age"": 43.9, ""tot_household"": 0, ""adm_cd"": ""22070"", ""adm_nm"": ""달서구"", ""matched_level"": ""sigungu""}",539884,43.9,0,22070
ba_14691272,sgis_population,,,,,,"{""tot_ppltn"": 171779, ""avg_age"": 45.1, ""tot_household"": 0, ""adm_cd"": ""25050"", ""adm_nm"": ""대덕구"", ""matched_level"": ""sigungu""}",171779,45.1,0,25050
ba_14691273,sgis_population,,,,,,"{""tot_ppltn"": 539884, ""avg_age"": 43.9, ""tot_household"": 0, ""adm_cd"": ""22070"", ""adm_nm"": ""달서구"", ""matched_level"": ""sigungu""}",539884,43.9,0,22070
ba_14691277,sgis_population,,,,,,"{""tot_ppltn"": 539884, ""avg_age"": 43.9, ""tot_household"": 0, ""adm_cd"": ""22070"", ""adm_nm"": ""달서구"", ""matched_level"": ""sigungu""}",539884,43.9,0,22070
ba_14691292,sgis_population,,,,,,"{""tot_ppltn"": 396295, ""avg_age"": 44.3, ""tot_household"": 0, ""adm_cd"": ""22060"", ""adm_nm"": ""수성구"", ""matched_level"": ""sigungu""}",396295,44.3,0,22060
ba_14691295,sgis_population,,,,,,"{""tot_ppltn"": 539884, ""avg_age"": 43.9, ""tot_household"": 0, ""adm_cd"": ""22070"", ""adm_nm"": ""달서구"", ""matched_level"": ""sigungu""}",539884,43.9,0,22070
ba_14691296,sgis_population,,,,,,"{""tot_ppltn"": 379100, ""avg_age"": 39.0, ""tot_household"": 0, ""adm_cd"": ""25040"", ""adm_nm"": ""유성구"", ""matched_level"": ""sigungu""}",379100,39.0,0,25040
ba_14691298,sgis_population,,,,,,"{""tot_ppltn"": 379100, ""avg_age"": 39.0, ""tot_household"": 0, ""adm_cd"": ""25040"", ""adm_nm"": ""유성구"", ""matched_level"": ""sigungu""}",379100,39.0,0,25040
ba_14691330,sgis_population,,,,,,"{""tot_ppltn"": 407458, ""avg_age"": 40.6, ""tot_household"": 0, ""adm_cd"": ""37050"", ""adm_nm"": ""구미시"", ""matched_level"": ""sigungu""}",407458,40.6,0,37050
ba_14691344,sgis_population,,,,,,"{""tot_ppltn"": 296453, ""avg_age"": 42.7, ""tot_household"": 0, ""adm_cd"": ""37100"", ""adm_nm"": ""경산시"", ""matched_level"": ""sigungu""}",296453,42.7,0,37100
ba_14691361,sgis_population,,,,,,"{""tot_ppltn"": 296453, ""avg_age"": 42.7, ""tot_household"": 0, ""adm_cd"": ""37100"", ""adm_nm"": ""경산시"", ""matched_level"": ""sigungu""}",296453,42.7,0,37100
ba_14691372,sgis_population,,,,,,"{""tot_ppltn"": 407458, ""avg_age"": 40.6, ""tot_household"": 0, ""adm_cd"": ""37050"", ""adm_nm"": ""구미시"", ""matched_level"": ""sigungu""}",407458,40.6,0,37050
ba_14691375,sgis_population,,,,,,"{""tot_ppltn"": 296453, ""avg_age"": 42.7, ""tot_household"": 0, ""adm_cd"": ""37100"", ""adm_nm"": ""경산시"", ""matched_level"": ""sigungu""}",296453,42.7,0,37100
ba_14691400,sgis_population,,,,,,"{""tot_ppltn"": 296453, ""avg_age"": 42.7, ""tot_household"": 0, ""adm_cd"": ""37100"", ""adm_nm"": ""경산시"", ""matched_level"": ""sigungu""}",296453,42.7,0,37100
ba_14691401,sgis_population,,,,,,"{""tot_ppltn"": 296453, ""avg_age"": 42.7, ""tot_household"": 0, ""adm_cd"": ""37100"", ""adm_nm"": ""경산시"", ""matched_level"": ""sigungu""}",296453,42.7,0,37100
ba_14691751,sgis_population,,,,,,"{""tot_ppltn"": 230134, ""avg_age"": 44.3, ""tot_household"": 0, ""adm_cd"": ""25010"", ""adm_nm"": ""동구"", ""matched_level"": ""sigungu""}",230134,44.3,0,25010
ba_14691791,sgis_population,,,,,,"{""tot_ppltn"": 270951, ""avg_age"": 46.3, ""tot_household"": 0, ""adm_cd"": ""21080"", ""adm_nm"": ""북구"", ""matched_level"": ""sigungu""}",270951,46.3,0,21080
ba_14691797,sgis_population,,,,,,"{""tot_ppltn"": 208245, ""avg_age"": 46.5, ""tot_household"": 0, ""adm_cd"": ""21150"", ""adm_nm"": ""사상구"", ""matched_level"": ""sigungu""}",208245,46.5,0,21150
ba_14691798,sgis_population,,,,,,"{""tot_ppltn"": 214918, ""avg_age"": 40.0, ""tot_household"": 0, ""adm_cd"": ""26040"", ""adm_nm"": ""북구"", ""matched_level"": ""sigungu""}",214918,40.0,0,26040
ba_14691801,sgis_population,,,,,,"{""tot_ppltn"": 270951, ""avg_age"": 46.3, ""tot_household"": 0, ""adm_cd"": ""21080"", ""adm_nm"": ""북구"", ""matched_level"": ""sigungu""}",270951,46.3,0,21080
ba_14691803,sgis_population,,,,,,"{""tot_ppltn"": 208245, ""avg_age"": 46.5, ""tot_household"": 0, ""adm_cd"": ""21150"", ""adm_nm"": ""사상구"", ""matched_level"": ""sigungu""}",208245,46.5,0,21150
ba_14691813,sgis_population,,,,,,"{""tot_ppltn"": 214918, ""avg_age"": 40.0, ""tot_household"": 0, ""adm_cd"": ""26040"", ""adm_nm"": ""북구"", ""matched_level"": ""sigungu""}",214918,40.0,0,26040
ba_14691815,sgis_population,,,,,,"{""tot_ppltn"": 298826, ""avg_age"": 46.6, ""tot_household"": 0, ""adm_cd"": ""21100"", ""adm_nm"": ""사하구"", ""matched_level"": ""sigungu""}",298826,46.6,0,21100
ba_14691817,sgis_population,,,,,,"{""tot_ppltn"": 298826, ""avg_age"": 46.6, ""tot_household"": 0, ""adm_cd"": ""21100"", ""adm_nm"": ""사하구"", ""matched_level"": ""sigungu""}",298826,46.6,0,21100
ba_14691829,sgis_population,,,,,,"{""tot_ppltn"": 298826, ""avg_age"": 46.6, ""tot_household"": 0, ""adm_cd"": ""21100"", ""adm_nm"": ""사하구"", ""matched_level"": ""sigungu""}",298826,46.6,0,21100
ba_14691834,sgis_population,,,,,,"{""tot_ppltn"": 103883, ""avg_age"": 48.5, ""tot_household"": 0, ""adm_cd"": ""21020"", ""adm_nm"": ""서구"", ""matched_level"": ""sigungu""}",103883,48.5,0,21020
ba_14691857,sgis_population,,,,,,"{""tot_ppltn"": 144102, ""avg_age"": 39.1, ""tot_household"": 0, ""adm_cd"": ""21120"", ""adm_nm"": ""강서구"", ""matched_level"": ""sigungu""}",144102,39.1,0,21120
ba_14691859,sgis_population,,,,,,"{""tot_ppltn"": 214918, ""avg_age"": 40.0, ""tot_household"": 0, ""adm_cd"": ""26040"", ""adm_nm"": ""북구"", ""matched_level"": ""sigungu""}",214918,40.0,0,26040
ba_14691860,sgis_population,,,,,,"{""tot_ppltn"": 109389, ""avg_age"": 49.7, ""tot_household"": 0, ""adm_cd"": ""21040"", ""adm_nm"": ""영도구"", ""matched_level"": ""sigungu""}",109389,49.7,0,21040
ba_14691861,sgis_population,,,,,,"{""tot_ppltn"": 223371, ""avg_age"": 44.5, ""tot_household"": 0, ""adm_cd"": ""26510"", ""adm_nm"": ""울주군"", ""matched_level"": ""sigungu""}",223371,44.5,0,26510
ba_14691864,sgis_population,,,,,,"{""tot_ppltn"": 144102, ""avg_age"": 39.1, ""tot_household"": 0, ""adm_cd"": ""21120"", ""adm_nm"": ""강서구"", ""matched_level"": ""sigungu""}",144102,39.1,0,21120
ba_14691884,sgis_population,,,,,,"{""tot_ppltn"": 221890, ""avg_age"": 46.7, ""tot_household"": 0, ""adm_cd"": ""21110"", ""adm_nm"": ""금정구"", ""matched_level"": ""sigungu""}",221890,46.7,0,21110
ba_14691891,sgis_population,,,,,,"{""tot_ppltn"": 203534, ""avg_age"": 45.2, ""tot_household"": 0, ""adm_cd"": ""26010"", ""adm_nm"": ""중구"", ""matched_level"": ""sigungu""}",203534,45.2,0,26010
ba_14691894,sgis_population,,,,,,"{""tot_ppltn"": 147378, ""avg_age"": 43.2, ""tot_household"": 0, ""adm_cd"": ""36060"", ""adm_nm"": ""광양시"", ""matched_level"": ""sigungu""}",147378,43.2,0,36060
ba_14691901,sgis_population,,,,,,"{""tot_ppltn"": 203534, ""avg_age"": 45.2, ""tot_household"": 0, ""adm_cd"": ""26010"", ""adm_nm"": ""중구"", ""matched_level"": ""sigungu""}",203534,45.2,0,26010
ba_14691904,sgis_population,,,,,,"{""tot_ppltn"": 203534, ""avg_age"": 45.2, ""tot_household"": 0, ""adm_cd"": ""26010"", ""adm_nm"": ""중구"", ""matched_level"": ""sigungu""}",203534,45.2,0,26010
ba_14691908,sgis_population,,,,,,"{""tot_ppltn"": 258412, ""avg_age"": 45.3, ""tot_household"": 0, ""adm_cd"": ""21070"", ""adm_nm"": ""남구"", ""matched_level"": ""sigungu""}",258412,45.3,0,21070
ba_14691909,sgis_population,,,,,,"{""tot_ppltn"": 175691, ""avg_age"": 42.8, ""tot_household"": 0, ""adm_cd"": ""21510"", ""adm_nm"": ""기장군"", ""matched_level"": ""sigungu""}",175691,42.8,0,21510
ba_14691918,sgis_population,,,,,,"{""tot_ppltn"": 299931, ""avg_age"": 47.0, ""tot_household"": 0, ""adm_cd"": ""11100"", ""adm_nm"": ""도봉구"", ""matched_level"": ""sigungu""}",299931,47.0,0,11100
ba_14691943,sgis_population,,,,,,"{""tot_ppltn"": 272041, ""avg_age"": 43.6, ""tot_household"": 0, ""adm_cd"": ""36030"", ""adm_nm"": ""순천시"", ""matched_level"": ""sigungu""}",272041,43.6,0,36030
ba_14691949,sgis_population,,,,,,"{""tot_ppltn"": 87477, ""avg_age"": 49.4, ""tot_household"": 0, ""adm_cd"": ""21030"", ""adm_nm"": ""동구"", ""matched_level"": ""sigungu""}",87477,49.4,0,21030
ba_14691953,sgis_population,,,,,,"{""tot_ppltn"": 272041, ""avg_age"": 43.6, ""tot_household"": 0, ""adm_cd"": ""36030"", ""adm_nm"": ""순천시"", ""matched_level"": ""sigungu""}",272041,43.6,0,36030
ba_14691958,sgis_population,,,,,,"{""tot_ppltn"": 265047, ""avg_age"": 45.3, ""tot_household"": 0, ""adm_cd"": ""21060"", ""adm_nm"": ""동래구"", ""matched_level"": ""sigungu""}",265047,45.3,0,21060
ba_14691965,sgis_population,,,,,,"{""tot_ppltn"": 117012, ""avg_age"": 45.3, ""tot_household"": 0, ""adm_cd"": ""36040"", ""adm_nm"": ""나주시"", ""matched_level"": ""sigungu""}",117012,45.3,0,36040
ba_14691969,sgis_population,,,,,,"{""tot_ppltn"": 265047, ""avg_age"": 45.3, ""tot_household"": 0, ""adm_cd"": ""21060"", ""adm_nm"": ""동래구"", ""matched_level"": ""sigungu""}",265047,45.3,0,21060
ba_14691974,sgis_population,,,,,,"{""tot_ppltn"": 270951, ""avg_age"": 46.3, ""tot_household"": 0, ""adm_cd"": ""21080"", ""adm_nm"": ""북구"", ""matched_level"": ""sigungu""}",270951,46.3,0,21080
ba_14691975,sgis_population,,,,,,"{""tot_ppltn"": 355644, ""avg_age"": 45.5, ""tot_household"": 0, ""adm_cd"": ""21050"", ""adm_nm"": ""부산진구"", ""matched_level"": ""sigungu""}",355644,45.5,0,21050
ba_14691976,sgis_population,,,,,,"{""tot_ppltn"": 355644, ""avg_age"": 45.5, ""tot_household"": 0, ""adm_cd"": ""21050"", ""adm_nm"": ""부산진구"", ""matched_level"": ""sigungu""}",355644,45.5,0,21050
ba_14691989,sgis_population,,,,,,"{""tot_ppltn"": 267392, ""avg_age"": 45.9, ""tot_household"": 0, ""adm_cd"": ""36020"", ""adm_nm"": ""여수시"", ""matched_level"": ""sigungu""}",267392,45.9,0,36020
ba_14691990,sgis_population,,,,,,"{""tot_ppltn"": 495553, ""avg_age"": 42.5, ""tot_household"": 0, ""adm_cd"": ""39010"", ""adm_nm"": ""제주시"", ""matched_level"": ""sigungu""}",495553,42.5,0,39010
ba_14691996,sgis_population,,,,,,"{""tot_ppltn"": 270951, ""avg_age"": 46.3, ""tot_household"": 0, ""adm_cd"": ""21080"", ""adm_nm"": ""북구"", ""matched_level"": ""sigungu""}",270951,46.3,0,21080
ba_14691997,sgis_population,,,,,,"{""tot_ppltn"": 208245, ""avg_age"": 46.5, ""tot_household"": 0, ""adm_cd"": ""21150"", ""adm_nm"": ""사상구"", ""matched_level"": ""sigungu""}",208245,46.5,0,21150
ba_14691998,sgis_population,,,,,,"{""tot_ppltn"": 208245, ""avg_age"": 46.5, ""tot_household"": 0, ""adm_cd"": ""21150"", ""adm_nm"": ""사상구"", ""matched_level"": ""sigungu""}",208245,46.5,0,21150
ba_14691999,sgis_population,,,,,,"{""tot_ppltn"": 265047, ""avg_age"": 45.3, ""tot_household"": 0, ""adm_cd"": ""21060"", ""adm_nm"": ""동래구"", ""matched_level"": ""sigungu""}",265047,45.3,0,21060
ba_14692012,sgis_population,,,,,,"{""tot_ppltn"": 267392, ""avg_age"": 45.9, ""tot_household"": 0, ""adm_cd"": ""36020"", ""adm_nm"": ""여수시"", ""matched_level"": ""sigungu""}",267392,45.9,0,36020
ba_14692022,sgis_population,,,,,,"{""tot_ppltn"": 267392, ""avg_age"": 45.9, ""tot_household"": 0, ""adm_cd"": ""36020"", ""adm_nm"": ""여수시"", ""matched_level"": ""sigungu""}",267392,45.9,0,36020
ba_14692035,sgis_population,,,,,,"{""tot_ppltn"": 267392, ""avg_age"": 45.9, ""tot_household"": 0, ""adm_cd"": ""36020"", ""adm_nm"": ""여수시"", ""matched_level"": ""sigungu""}",267392,45.9,0,36020
ba_14692056,sgis_population,,,,,,"{""tot_ppltn"": 348160, ""avg_age"": 42.8, ""tot_household"": 0, ""adm_cd"": ""11050"", ""adm_nm"": ""광진구"", ""matched_level"": ""sigungu""}",348160,42.8,0,11050
ba_14692060,sgis_population,,,,,,"{""tot_ppltn"": 432874, ""avg_age"": 43.2, ""tot_household"": 0, ""adm_cd"": ""11080"", ""adm_nm"": ""성북구"", ""matched_level"": ""sigungu""}",432874,43.2,0,11080
ba_14692077,sgis_population,,,,,,"{""tot_ppltn"": 348272, ""avg_age"": 43.8, ""tot_household"": 0, ""adm_cd"": ""38030"", ""adm_nm"": ""진주시"", ""matched_level"": ""sigungu""}",348272,43.8,0,38030
ba_14692092,sgis_population,,,,,,"{""tot_ppltn"": 495553, ""avg_age"": 42.5, ""tot_household"": 0, ""adm_cd"": ""39010"", ""adm_nm"": ""제주시"", ""matched_level"": ""sigungu""}",495553,42.5,0,39010
ba_14692116,sgis_population,,,,,,"{""tot_ppltn"": 170220, ""avg_age"": 47.1, ""tot_household"": 0, ""adm_cd"": ""21140"", ""adm_nm"": ""수영구"", ""matched_level"": ""sigungu""}",170220,47.1,0,21140
ba_14692118,sgis_population,,,,,,"{""tot_ppltn"": 267392, ""avg_age"": 45.9, ""tot_household"": 0, ""adm_cd"": ""36020"", ""adm_nm"": ""여수시"", ""matched_level"": ""sigungu""}",267392,45.9,0,36020
ba_14692121,sgis_population,,,,,,"{""tot_ppltn"": 198491, ""avg_age"": 46.2, ""tot_household"": 0, ""adm_cd"": ""21130"", ""adm_nm"": ""연제구"", ""matched_level"": ""sigungu""}",198491,46.2,0,21130
ba_14692146,sgis_population,,,,,,"{""tot_ppltn"": 370849, ""avg_age"": 45.7, ""tot_household"": 0, ""adm_cd"": ""21090"", ""adm_nm"": ""해운대구"", ""matched_level"": ""sigungu""}",370849,45.7,0,21090
ba_14692155,sgis_population,,,,,,"{""tot_ppltn"": 370849, ""avg_age"": 45.7, ""tot_household"": 0, ""adm_cd"": ""21090"", ""adm_nm"": ""해운대구"", ""matched_level"": ""sigungu""}",370849,45.7,0,21090
ba_14692164,sgis_population,,,,,,"{""tot_ppltn"": 386261, ""avg_age"": 37.7, ""tot_household"": 0, ""adm_cd"": ""29"", ""adm_nm"": ""세종특별자치시"", ""matched_level"": ""province""}",386261,37.7,0,29
ba_14692165,sgis_population,,,,,,"{""tot_ppltn"": 386261, ""avg_age"": 37.7, ""tot_household"": 0, ""adm_cd"": ""29"", ""adm_nm"": ""세종특별자치시"", ""matched_level"": ""province""}",386261,37.7,0,29
ba_14692168,sgis_population,,,,,,"{""tot_ppltn"": 370849, ""avg_age"": 45.7, ""tot_household"": 0, ""adm_cd"": ""21090"", ""adm_nm"": ""해운대구"", ""matched_level"": ""sigungu""}",370849,45.7,0,21090
ba_14692178,sgis_population,,,,,,"{""tot_ppltn"": 495553, ""avg_age"": 42.5, ""tot_household"": 0, ""adm_cd"": ""39010"", ""adm_nm"": ""제주시"", ""matched_level"": ""sigungu""}",495553,42.5,0,39010
ba_14692185,sgis_population,,,,,,"{""tot_ppltn"": 386261, ""avg_age"": 37.7, ""tot_household"": 0, ""adm_cd"": ""29"", ""adm_nm"": ""세종특별자치시"", ""matched_level"": ""province""}",386261,37.7,0,29
ba_14692190,sgis_population,,,,,,"{""tot_ppltn"": 386261, ""avg_age"": 37.7, ""tot_household"": 0, ""adm_cd"": ""29"", ""adm_nm"": ""세종특별자치시"", ""matched_level"": ""province""}",386261,37.7,0,29
ba_14692194,sgis_population,,,,,,"{""tot_ppltn"": 274350, ""avg_age"": 45.8, ""tot_household"": 0, ""adm_cd"": ""35030"", ""adm_nm"": ""익산시"", ""matched_level"": ""sigungu""}",274350,45.8,0,35030
ba_14692201,sgis_population,,,,,,"{""tot_ppltn"": 386261, ""avg_age"": 37.7, ""tot_household"": 0, ""adm_cd"": ""29"", ""adm_nm"": ""세종특별자치시"", ""matched_level"": ""province""}",386261,37.7,0,29
ba_14692211,sgis_population,,,,,,"{""tot_ppltn"": 386261, ""avg_age"": 37.7, ""tot_household"": 0, ""adm_cd"": ""29"", ""adm_nm"": ""세종특별자치시"", ""matched_level"": ""province""}",386261,37.7,0,29
ba_14692212,sgis_population,,,,,,"{""tot_ppltn"": 386261, ""avg_age"": 37.7, ""tot_household"": 0, ""adm_cd"": ""29"", ""adm_nm"": ""세종특별자치시"", ""matched_level"": ""province""}",386261,37.7,0,29
ba_14692216,sgis_population,,,,,,"{""tot_ppltn"": 386261, ""avg_age"": 37.7, ""tot_household"": 0, ""adm_cd"": ""29"", ""adm_nm"": ""세종특별자치시"", ""matched_level"": ""province""}",386261,37.7,0,29
ba_14692232,sgis_population,,,,,,"{""tot_ppltn"": 376632, ""avg_age"": 40.1, ""tot_household"": 0, ""adm_cd"": ""34040"", ""adm_nm"": ""아산시"", ""matched_level"": ""sigungu""}",376632,40.1,0,34040
ba_14692242,sgis_population,,,,,,"{""tot_ppltn"": 413907, ""avg_age"": 39.1, ""tot_household"": 0, ""adm_cd"": ""34012"", ""adm_nm"": ""천안시 서북구"", ""matched_level"": ""sigungu""}",413907,39.1,0,34012
ba_14692246,sgis_population,,,,,,"{""tot_ppltn"": 413907, ""avg_age"": 39.1, ""tot_household"": 0, ""adm_cd"": ""34012"", ""adm_nm"": ""천안시 서북구"", ""matched_level"": ""sigungu""}",413907,39.1,0,34012
ba_14692251,sgis_population,,,,,,"{""tot_ppltn"": 413907, ""avg_age"": 39.1, ""tot_household"": 0, ""adm_cd"": ""34012"", ""adm_nm"": ""천안시 서북구"", ""matched_level"": ""sigungu""}",413907,39.1,0,34012
ba_14692258,sgis_population,,,,,,"{""tot_ppltn"": 413907, ""avg_age"": 39.1, ""tot_household"": 0, ""adm_cd"": ""34012"", ""adm_nm"": ""천안시 서북구"", ""matched_level"": ""sigungu""}",413907,39.1,0,34012
ba_14692275,sgis_population,,,,,,"{""tot_ppltn"": 333353, ""avg_age"": 44.0, ""tot_household"": 0, ""adm_cd"": ""35011"", ""adm_nm"": ""전주시 완산구"", ""matched_level"": ""sigungu""}",333353,44.0,0,35011
ba_14692278,sgis_population,,,,,,"{""tot_ppltn"": 131583, ""avg_age"": 47.5, ""tot_household"": 0, ""adm_cd"": ""33030"", ""adm_nm"": ""제천시"", ""matched_level"": ""sigungu""}",131583,47.5,0,33030
ba_14692291,sgis_population,,,,,,"{""tot_ppltn"": 281394, ""avg_age"": 40.5, ""tot_household"": 0, ""adm_cd"": ""33043"", ""adm_nm"": ""청주시 흥덕구"", ""matched_level"": ""sigungu""}",281394,40.5,0,33043
ba_14692326,sgis_population,,,,,,"{""tot_ppltn"": 131583, ""avg_age"": 47.5, ""tot_household"": 0, ""adm_cd"": ""33030"", ""adm_nm"": ""제천시"", ""matched_level"": ""sigungu""}",131583,47.5,0,33030
ba_14692339,sgis_population,,,,,,"{""tot_ppltn"": 195222, ""avg_age"": 43.3, ""tot_household"": 0, ""adm_cd"": ""33042"", ""adm_nm"": ""청주시 서원구"", ""matched_level"": ""sigungu""}",195222,43.3,0,33042
ba_14692346,sgis_population,,,,,,"{""tot_ppltn"": 96890, ""avg_age"": 49.6, ""tot_household"": 0, ""adm_cd"": ""34030"", ""adm_nm"": ""보령시"", ""matched_level"": ""sigungu""}",96890,49.6,0,34030
ba_14692368,sgis_population,,,,,,"{""tot_ppltn"": 181214, ""avg_age"": 45.7, ""tot_household"": 0, ""adm_cd"": ""39020"", ""adm_nm"": ""서귀포시"", ""matched_level"": ""sigungu""}",181214,45.7,0,39020
ba_14692383,sgis_population,,,,,,"{""tot_ppltn"": 308537, ""avg_age"": 43.3, ""tot_household"": 0, ""adm_cd"": ""26020"", ""adm_nm"": ""남구"", ""matched_level"": ""sigungu""}",308537,43.3,0,26020
ba_14692433,sgis_population,,,,,,"{""tot_ppltn"": 215990, ""avg_age"": 45.9, ""tot_household"": 0, ""adm_cd"": ""33020"", ""adm_nm"": ""충주시"", ""matched_level"": ""sigungu""}",215990,45.9,0,33020
ba_14692434,sgis_population,,,,,,"{""tot_ppltn"": 413907, ""avg_age"": 39.1, ""tot_household"": 0, ""adm_cd"": ""34012"", ""adm_nm"": ""천안시 서북구"", ""matched_level"": ""sigungu""}",413907,39.1,0,34012
ba_14692439,sgis_population,,,,,,"{""tot_ppltn"": 281394, ""avg_age"": 40.5, ""tot_household"": 0, ""adm_cd"": ""33043"", ""adm_nm"": ""청주시 흥덕구"", ""matched_level"": ""sigungu""}",281394,40.5,0,33043
ba_14692455,sgis_population,,,,,,"{""tot_ppltn"": 413907, ""avg_age"": 39.1, ""tot_household"": 0, ""adm_cd"": ""34012"", ""adm_nm"": ""천안시 서북구"", ""matched_level"": ""sigungu""}",413907,39.1,0,34012
ba_14692459,sgis_population,,,,,,"{""tot_ppltn"": 413907, ""avg_age"": 39.1, ""tot_household"": 0, ""adm_cd"": ""34012"", ""adm_nm"": ""천안시 서북구"", ""matched_level"": ""sigungu""}",413907,39.1,0,34012
ba_14692460,sgis_population,,,,,,"{""tot_ppltn"": 234408, ""avg_age"": 45.2, ""tot_household"": 0, ""adm_cd"": ""31041"", ""adm_nm"": ""안양시 만안구"", ""matched_level"": ""sigungu""}",234408,45.2,0,31041
ba_14692482,sgis_population,,,,,,"{""tot_ppltn"": 215990, ""avg_age"": 45.9, ""tot_household"": 0, ""adm_cd"": ""33020"", ""adm_nm"": ""충주시"", ""matched_level"": ""sigungu""}",215990,45.9,0,33020
ba_14692505,sgis_population,,,,,,"{""tot_ppltn"": 157071, ""avg_age"": 42.5, ""tot_household"": 0, ""adm_cd"": ""26030"", ""adm_nm"": ""동구"", ""matched_level"": ""sigungu""}",157071,42.5,0,26030
ba_14692549,sgis_population,,,,,,"{""tot_ppltn"": 234408, ""avg_age"": 45.2, ""tot_household"": 0, ""adm_cd"": ""31041"", ""adm_nm"": ""안양시 만안구"", ""matched_level"": ""sigungu""}",234408,45.2,0,31041
ba_14692551,sgis_population,,,,,,"{""tot_ppltn"": 400544, ""avg_age"": 44.0, ""tot_household"": 0, ""adm_cd"": ""11190"", ""adm_nm"": ""영등포구"", ""matched_level"": ""sigungu""}",400544,44.0,0,11190
ba_14692592,sgis_population,,,,,,"{""tot_ppltn"": 458966, ""avg_age"": 43.9, ""tot_household"": 0, ""adm_cd"": ""31030"", ""adm_nm"": ""의정부시"", ""matched_level"": ""sigungu""}",458966,43.9,0,31030
ba_14692796,sgis_population,,,,,,"{""tot_ppltn"": 376632, ""avg_age"": 40.1, ""tot_household"": 0, ""adm_cd"": ""34040"", ""adm_nm"": ""아산시"", ""matched_level"": ""sigungu""}",376632,40.1,0,34040
ba_14692985,sgis_population,,,,,,"{""tot_ppltn"": 275944, ""avg_age"": 42.6, ""tot_household"": 0, ""adm_cd"": ""34011"", ""adm_nm"": ""천안시 동남구"", ""matched_level"": ""sigungu""}",275944,42.6,0,34011
ba_14693042,sgis_population,,,,,,"{""tot_ppltn"": 333353, ""avg_age"": 44.0, ""tot_household"": 0, ""adm_cd"": ""35011"", ""adm_nm"": ""전주시 완산구"", ""matched_level"": ""sigungu""}",333353,44.0,0,35011
ba_14693289,sgis_population,,,,,,"{""tot_ppltn"": 413907, ""avg_age"": 39.1, ""tot_household"": 0, ""adm_cd"": ""34012"", ""adm_nm"": ""천안시 서북구"", ""matched_level"": ""sigungu""}",413907,39.1,0,34012
ba_14694145,sgis_population,,,,,,"{""tot_ppltn"": 361380, ""avg_age"": 42.2, ""tot_household"": 0, ""adm_cd"": ""11140"", ""adm_nm"": ""마포구"", ""matched_level"": ""sigungu""}",361380,42.2,0,11140
ba_14694148,sgis_population,,,,,,"{""tot_ppltn"": 121626, ""avg_age"": 47.0, ""tot_household"": 0, ""adm_cd"": ""38050"", ""adm_nm"": ""통영시"", ""matched_level"": ""sigungu""}",121626,47.0,0,38050
ba_14694278,sgis_population,,,,,,"{""tot_ppltn"": 630744, ""avg_age"": 42.9, ""tot_household"": 0, ""adm_cd"": ""11240"", ""adm_nm"": ""송파구"", ""matched_level"": ""sigungu""}",630744,42.9,0,11240
ba_14694287,sgis_population,,,,,,"{""tot_ppltn"": 146179, ""avg_age"": 44.1, ""tot_household"": 0, ""adm_cd"": ""11010"", ""adm_nm"": ""종로구"", ""matched_level"": ""sigungu""}",146179,44.1,0,11010
ba_14694390,sgis_population,,,,,,"{""tot_ppltn"": 605678, ""avg_age"": 40.8, ""tot_household"": 0, ""adm_cd"": ""31070"", ""adm_nm"": ""평택시"", ""matched_level"": ""sigungu""}",605678,40.8,0,31070
ba_14694402,sgis_population,,,,,,"{""tot_ppltn"": 432874, ""avg_age"": 43.2, ""tot_household"": 0, ""adm_cd"": ""11080"", ""adm_nm"": ""성북구"", ""matched_level"": ""sigungu""}",432874,43.2,0,11080
ba_14694577,sgis_population,,,,,,"{""tot_ppltn"": 85775, ""avg_age"": 43.3, ""tot_household"": 0, ""adm_cd"": ""22010"", ""adm_nm"": ""중구"", ""matched_level"": ""sigungu""}",85775,43.3,0,22010
ba_14694620,sgis_population,,,,,,"{""tot_ppltn"": 296453, ""avg_age"": 42.7, ""tot_household"": 0, ""adm_cd"": ""37100"", ""adm_nm"": ""경산시"", ""matched_level"": ""sigungu""}",296453,42.7,0,37100
ba_14694670,sgis_population,,,,,,"{""tot_ppltn"": 127576, ""avg_age"": 44.6, ""tot_household"": 0, ""adm_cd"": ""11020"", ""adm_nm"": ""중구"", ""matched_level"": ""sigungu""}",127576,44.6,0,11020
ba_14694671,sgis_population,,,,,,"{""tot_ppltn"": 302751, ""avg_age"": 42.3, ""tot_household"": 0, ""adm_cd"": ""31042"", ""adm_nm"": ""안양시 동안구"", ""matched_level"": ""sigungu""}",302751,42.3,0,31042
ba_14695006,sgis_population,,,,,,"{""tot_ppltn"": 302751, ""avg_age"": 42.3, ""tot_household"": 0, ""adm_cd"": ""31042"", ""adm_nm"": ""안양시 동안구"", ""matched_level"": ""sigungu""}",302751,42.3,0,31042
ba_14695008,sgis_population,,,,,,"{""tot_ppltn"": 198491, ""avg_age"": 46.2, ""tot_household"": 0, ""adm_cd"": ""21130"", ""adm_nm"": ""연제구"", ""matched_level"": ""sigungu""}",198491,46.2,0,21130
ba_14695236,sgis_population,,,,,,"{""tot_ppltn"": 495553, ""avg_age"": 42.5, ""tot_household"": 0, ""adm_cd"": ""39010"", ""adm_nm"": ""제주시"", ""matched_level"": ""sigungu""}",495553,42.5,0,39010
ba_14695290,sgis_population,,,,,,"{""tot_ppltn"": 214791, ""avg_age"": 44.0, ""tot_household"": 0, ""adm_cd"": ""11030"", ""adm_nm"": ""용산구"", ""matched_level"": ""sigungu""}",214791,44.0,0,11030
ba_14695958,sgis_population,,,,,,"{""tot_ppltn"": 284155, ""avg_age"": 47.3, ""tot_household"": 0, ""adm_cd"": ""11090"", ""adm_nm"": ""강북구"", ""matched_level"": ""sigungu""}",284155,47.3,0,11090
ba_14696546,sgis_population,,,,,,"{""tot_ppltn"": 183048, ""avg_age"": 43.9, ""tot_household"": 0, ""adm_cd"": ""31120"", ""adm_nm"": ""구리시"", ""matched_level"": ""sigungu""}",183048,43.9,0,31120
ba_14698239,sgis_population,,,,,,"{""tot_ppltn"": 154788, ""avg_age"": 43.6, ""tot_household"": 0, ""adm_cd"": ""31170"", ""adm_nm"": ""의왕시"", ""matched_level"": ""sigungu""}",154788,43.6,0,31170
ba_14698364,sgis_population,,,,,,"{""tot_ppltn"": 195222, ""avg_age"": 43.3, ""tot_household"": 0, ""adm_cd"": ""33042"", ""adm_nm"": ""청주시 서원구"", ""matched_level"": ""sigungu""}",195222,43.3,0,33042
ba_14699201,sgis_population,,,,,,"{""tot_ppltn"": 355999, ""avg_age"": 43.2, ""tot_household"": 0, ""adm_cd"": ""11060"", ""adm_nm"": ""동대문구"", ""matched_level"": ""sigungu""}",355999,43.2,0,11060
ba_14699399,sgis_population,,,,,,"{""tot_ppltn"": 353190, ""avg_age"": 42.5, ""tot_household"": 0, ""adm_cd"": ""31092"", ""adm_nm"": ""안산시 단원구"", ""matched_level"": ""sigungu""}",353190,42.5,0,31092
ba_14699649,sgis_population,,,,,,"{""tot_ppltn"": 568455, ""avg_age"": 40.7, ""tot_household"": 0, ""adm_cd"": ""31150"", ""adm_nm"": ""시흥시"", ""matched_level"": ""sigungu""}",568455,40.7,0,31150
ba_14700021,sgis_population,,,,,,"{""tot_ppltn"": 400544, ""avg_age"": 44.0, ""tot_household"": 0, ""adm_cd"": ""11190"", ""adm_nm"": ""영등포구"", ""matched_level"": ""sigungu""}",400544,44.0,0,11190
ba_14700213,sgis_population,,,,,,"{""tot_ppltn"": 496323, ""avg_age"": 40.9, ""tot_household"": 0, ""adm_cd"": ""31230"", ""adm_nm"": ""김포시"", ""matched_level"": ""sigungu""}",496323,40.9,0,31230
ba_14700905,sgis_population,,,,,,"{""tot_ppltn"": 348272, ""avg_age"": 43.8, ""tot_household"": 0, ""adm_cd"": ""38030"", ""adm_nm"": ""진주시"", ""matched_level"": ""sigungu""}",348272,43.8,0,38030
ba_14701137,sgis_population,,,,,,"{""tot_ppltn"": 716123, ""avg_age"": 43.0, ""tot_household"": 0, ""adm_cd"": ""31130"", ""adm_nm"": ""남양주시"", ""matched_level"": ""sigungu""}",716123,43.0,0,31130
ba_14701165,sgis_population,,,,,,"{""tot_ppltn"": 127576, ""avg_age"": 44.6, ""tot_household"": 0, ""adm_cd"": ""11020"", ""adm_nm"": ""중구"", ""matched_level"": ""sigungu""}",127576,44.6,0,11020
ba_14702063,sgis_population,,,,,,"{""tot_ppltn"": 422248, ""avg_age"": 43.7, ""tot_household"": 0, ""adm_cd"": ""11150"", ""adm_nm"": ""양천구"", ""matched_level"": ""sigungu""}",422248,43.7,0,11150
ba_14702120,sgis_population,,,,,,"{""tot_ppltn"": 275944, ""avg_age"": 42.6, ""tot_household"": 0, ""adm_cd"": ""34011"", ""adm_nm"": ""천안시 동남구"", ""matched_level"": ""sigungu""}",275944,42.6,0,34011
ba_14702996,sgis_population,,,,,,"{""tot_ppltn"": 385267, ""avg_age"": 42.5, ""tot_household"": 0, ""adm_cd"": ""11220"", ""adm_nm"": ""서초구"", ""matched_level"": ""sigungu""}",385267,42.5,0,11220
ba_14703930,sgis_population,,,,,,"{""tot_ppltn"": 376621, ""avg_age"": 45.7, ""tot_household"": 0, ""adm_cd"": ""11070"", ""adm_nm"": ""중랑구"", ""matched_level"": ""sigungu""}",376621,45.7,0,11070
ba_14706394,sgis_population,,,,,,"{""tot_ppltn"": 348272, ""avg_age"": 43.8, ""tot_household"": 0, ""adm_cd"": ""38030"", ""adm_nm"": ""진주시"", ""matched_level"": ""sigungu""}",348272,43.8,0,38030
ba_14708789,sgis_population,,,,,,"{""tot_ppltn"": 495339, ""avg_age"": 42.1, ""tot_household"": 0, ""adm_cd"": ""31200"", ""adm_nm"": ""파주시"", ""matched_level"": ""sigungu""}",495339,42.1,0,31200
ba_14708929,sgis_population,,,,,,"{""tot_ppltn"": 30518, ""avg_age"": 53.0, ""tot_household"": 0, ""adm_cd"": ""37570"", ""adm_nm"": ""고령군"", ""matched_level"": ""sigungu""}",30518,53.0,0,37570
ba_14712294,sgis_population,,,,,,"{""tot_ppltn"": 493677, ""avg_age"": 42.9, ""tot_household"": 0, ""adm_cd"": ""11210"", ""adm_nm"": ""관악구"", ""matched_level"": ""sigungu""}",493677,42.9,0,11210
ba_14712797,sgis_population,,,,,,"{""tot_ppltn"": 267045, ""avg_age"": 41.6, ""tot_household"": 0, ""adm_cd"": ""22510"", ""adm_nm"": ""달성군"", ""matched_level"": ""sigungu""}",267045,41.6,0,22510
ba_14714062,sgis_population,,,,,,"{""tot_ppltn"": 495339, ""avg_age"": 42.1, ""tot_household"": 0, ""adm_cd"": ""31200"", ""adm_nm"": ""파주시"", ""matched_level"": ""sigungu""}",495339,42.1,0,31200
ba_14714070,sgis_population,,,,,,"{""tot_ppltn"": 458966, ""avg_age"": 43.9, ""tot_household"": 0, ""adm_cd"": ""31030"", ""adm_nm"": ""의정부시"", ""matched_level"": ""sigungu""}",458966,43.9,0,31030
ba_14715313,sgis_population,,,,,,"{""tot_ppltn"": 320168, ""avg_age"": 42.7, ""tot_household"": 0, ""adm_cd"": ""11130"", ""adm_nm"": ""서대문구"", ""matched_level"": ""sigungu""}",320168,42.7,0,11130
ba_14716102,sgis_population,,,,,,"{""tot_ppltn"": 458966, ""avg_age"": 43.9, ""tot_household"": 0, ""adm_cd"": ""31030"", ""adm_nm"": ""의정부시"", ""matched_level"": ""sigungu""}",458966,43.9,0,31030
ba_14716332,sgis_population,,,,,,"{""tot_ppltn"": 241230, ""avg_age"": 44.4, ""tot_household"": 0, ""adm_cd"": ""31021"", ""adm_nm"": ""성남시 수정구"", ""matched_level"": ""sigungu""}",241230,44.4,0,31021
ba_14719522,sgis_population,,,,,,"{""tot_ppltn"": 101002, ""avg_age"": 45.9, ""tot_household"": 0, ""adm_cd"": ""35510"", ""adm_nm"": ""완주군"", ""matched_level"": ""sigungu""}",101002,45.9,0,35510
ba_14719554,sgis_population,,,,,,"{""tot_ppltn"": 495339, ""avg_age"": 42.1, ""tot_household"": 0, ""adm_cd"": ""31200"", ""adm_nm"": ""파주시"", ""matched_level"": ""sigungu""}",495339,42.1,0,31200
ba_14720262,sgis_population,,,,,,"{""tot_ppltn"": 66246, ""avg_age"": 54.2, ""tot_household"": 0, ""adm_cd"": ""23510"", ""adm_nm"": ""강화군"", ""matched_level"": ""sigungu""}",66246,54.2,0,23510
ba_14720263,sgis_population,,,,,,"{""tot_ppltn"": 66246, ""avg_age"": 54.2, ""tot_household"": 0, ""adm_cd"": ""23510"", ""adm_nm"": ""강화군"", ""matched_level"": ""sigungu""}",66246,54.2,0,23510
ba_14720368,sgis_population,,,,,,"{""tot_ppltn"": 496323, ""avg_age"": 40.9, ""tot_household"": 0, ""adm_cd"": ""31230"", ""adm_nm"": ""김포시"", ""matched_level"": ""sigungu""}",496323,40.9,0,31230
ba_14721018,sgis_population,,,,,,"{""tot_ppltn"": 267045, ""avg_age"": 41.6, ""tot_household"": 0, ""adm_cd"": ""22510"", ""adm_nm"": ""달성군"", ""matched_level"": ""sigungu""}",267045,41.6,0,22510
ba_14725485,sgis_population,,,,,,"{""tot_ppltn"": 22894, ""avg_age"": 55.8, ""tot_household"": 0, ""adm_cd"": ""36530"", ""adm_nm"": ""구례군"", ""matched_level"": ""sigungu""}",22894,55.8,0,36530
ba_14725627,sgis_population,,,,,,"{""tot_ppltn"": 59893, ""avg_age"": 50.4, ""tot_household"": 0, ""adm_cd"": ""31570"", ""adm_nm"": ""가평군"", ""matched_level"": ""sigungu""}",59893,50.4,0,31570
ba_14726472,sgis_population,,,,,,"{""tot_ppltn"": 296453, ""avg_age"": 42.7, ""tot_household"": 0, ""adm_cd"": ""37100"", ""adm_nm"": ""경산시"", ""matched_level"": ""sigungu""}",296453,42.7,0,37100
ba_14726738,sgis_population,,,,,,"{""tot_ppltn"": 370849, ""avg_age"": 45.7, ""tot_household"": 0, ""adm_cd"": ""21090"", ""adm_nm"": ""해운대구"", ""matched_level"": ""sigungu""}",370849,45.7,0,21090
ba_14726741,sgis_population,,,,,,"{""tot_ppltn"": 335589, ""avg_age"": 46.1, ""tot_household"": 0, ""adm_cd"": ""22020"", ""adm_nm"": ""동구"", ""matched_level"": ""sigungu""}",335589,46.1,0,22020
ba_14727030,sgis_population,,,,,,"{""tot_ppltn"": 265047, ""avg_age"": 45.3, ""tot_household"": 0, ""adm_cd"": ""21060"", ""adm_nm"": ""동래구"", ""matched_level"": ""sigungu""}",265047,45.3,0,21060
ba_14727064,sgis_population,,,,,,"{""tot_ppltn"": 101002, ""avg_age"": 45.9, ""tot_household"": 0, ""adm_cd"": ""35510"", ""adm_nm"": ""완주군"", ""matched_level"": ""sigungu""}",101002,45.9,0,35510
ba_14727755,sgis_population,,,,,,"{""tot_ppltn"": 324679, ""avg_age"": 41.5, ""tot_household"": 0, ""adm_cd"": ""35012"", ""adm_nm"": ""전주시 덕진구"", ""matched_level"": ""sigungu""}",324679,41.5,0,35012
ba_14728291,sgis_population,,,,,,"{""tot_ppltn"": 115925, ""avg_age"": 49.0, ""tot_household"": 0, ""adm_cd"": ""34060"", ""adm_nm"": ""논산시"", ""matched_level"": ""sigungu""}",115925,49.0,0,34060
ba_14728444,sgis_population,,,,,,"{""tot_ppltn"": 80497, ""avg_age"": 47.0, ""tot_household"": 0, ""adm_cd"": ""32060"", ""adm_nm"": ""속초시"", ""matched_level"": ""sigungu""}",80497,47.0,0,32060
ba_14728839,sgis_population,,,,,,"{""tot_ppltn"": 85775, ""avg_age"": 43.3, ""tot_household"": 0, ""adm_cd"": ""22010"", ""adm_nm"": ""중구"", ""matched_level"": ""sigungu""}",85775,43.3,0,22010
ba_14729038,sgis_population,,,,,,"{""tot_ppltn"": 495339, ""avg_age"": 42.1, ""tot_household"": 0, ""adm_cd"": ""31200"", ""adm_nm"": ""파주시"", ""matched_level"": ""sigungu""}",495339,42.1,0,31200
ba_14729159,sgis_population,,,,,,"{""tot_ppltn"": 161396, ""avg_age"": 49.6, ""tot_household"": 0, ""adm_cd"": ""22030"", ""adm_nm"": ""서구"", ""matched_level"": ""sigungu""}",161396,49.6,0,22030
ba_14729784,sgis_population,,,,,,"{""tot_ppltn"": 45697, ""avg_age"": 51.0, ""tot_household"": 0, ""adm_cd"": ""37620"", ""adm_nm"": ""울진군"", ""matched_level"": ""sigungu""}",45697,51.0,0,37620
ba_14729971,sgis_population,,,,,,"{""tot_ppltn"": 263939, ""avg_age"": 44.0, ""tot_household"": 0, ""adm_cd"": ""31160"", ""adm_nm"": ""군포시"", ""matched_level"": ""sigungu""}",263939,44.0,0,31160
ba_14730328,sgis_population,,,,,,"{""tot_ppltn"": 974156, ""avg_age"": 38.2, ""tot_household"": 0, ""adm_cd"": ""31240"", ""adm_nm"": ""화성시"", ""matched_level"": ""sigungu""}",974156,38.2,0,31240
ba_14730330,sgis_population,,,,,,"{""tot_ppltn"": 974156, ""avg_age"": 38.2, ""tot_household"": 0, ""adm_cd"": ""31240"", ""adm_nm"": ""화성시"", ""matched_level"": ""sigungu""}",974156,38.2,0,31240
ba_14731363,sgis_population,,,,,,"{""tot_ppltn"": 195222, ""avg_age"": 43.3, ""tot_household"": 0, ""adm_cd"": ""33042"", ""adm_nm"": ""청주시 서원구"", ""matched_level"": ""sigungu""}",195222,43.3,0,33042
ba_14732026,sgis_population,,,,,,"{""tot_ppltn"": 355644, ""avg_age"": 45.5, ""tot_household"": 0, ""adm_cd"": ""21050"", ""adm_nm"": ""부산진구"", ""matched_level"": ""sigungu""}",355644,45.5,0,21050
ba_14732355,sgis_population,,,,,,"{""tot_ppltn"": 80497, ""avg_age"": 47.0, ""tot_household"": 0, ""adm_cd"": ""32060"", ""adm_nm"": ""속초시"", ""matched_level"": ""sigungu""}",80497,47.0,0,32060
ba_14732602,sgis_population,,,,,,"{""tot_ppltn"": 372852, ""avg_age"": 42.0, ""tot_household"": 0, ""adm_cd"": ""31012"", ""adm_nm"": ""수원시 권선구"", ""matched_level"": ""sigungu""}",372852,42.0,0,31012
ba_14733665,sgis_population,,,,,,"{""tot_ppltn"": 275209, ""avg_age"": 42.9, ""tot_household"": 0, ""adm_cd"": ""31011"", ""adm_nm"": ""수원시 장안구"", ""matched_level"": ""sigungu""}",275209,42.9,0,31011
ba_14735216,sgis_population,,,,,,"{""tot_ppltn"": 364511, ""avg_age"": 41.2, ""tot_household"": 0, ""adm_cd"": ""31193"", ""adm_nm"": ""용인시 수지구"", ""matched_level"": ""sigungu""}",364511,41.2,0,31193
ba_14735878,sgis_population,,,,,,"{""tot_ppltn"": 568455, ""avg_age"": 40.7, ""tot_household"": 0, ""adm_cd"": ""31150"", ""adm_nm"": ""시흥시"", ""matched_level"": ""sigungu""}",568455,40.7,0,31150
ba_14736681,sgis_population,,,,,,"{""tot_ppltn"": 493677, ""avg_age"": 42.9, ""tot_household"": 0, ""adm_cd"": ""11210"", ""adm_nm"": ""관악구"", ""matched_level"": ""sigungu""}",493677,42.9,0,11210
ba_14736683,sgis_population,,,,,,"{""tot_ppltn"": 493677, ""avg_age"": 42.9, ""tot_household"": 0, ""adm_cd"": ""11210"", ""adm_nm"": ""관악구"", ""matched_level"": ""sigungu""}",493677,42.9,0,11210
ba_14736722,sgis_population,,,,,,"{""tot_ppltn"": 40702, ""avg_age"": 47.6, ""tot_household"": 0, ""adm_cd"": ""32560"", ""adm_nm"": ""철원군"", ""matched_level"": ""sigungu""}",40702,47.6,0,32560
ba_14737726,sgis_population,,,,,,"{""tot_ppltn"": 511084, ""avg_age"": 42.5, ""tot_household"": 0, ""adm_cd"": ""11230"", ""adm_nm"": ""강남구"", ""matched_level"": ""sigungu""}",511084,42.5,0,11230
ba_14739745,sgis_population,,,,,,"{""tot_ppltn"": 496323, ""avg_age"": 40.9, ""tot_household"": 0, ""adm_cd"": ""31230"", ""adm_nm"": ""김포시"", ""matched_level"": ""sigungu""}",496323,40.9,0,31230
ba_14739746,sgis_population,,,,,,"{""tot_ppltn"": 496323, ""avg_age"": 40.9, ""tot_household"": 0, ""adm_cd"": ""31230"", ""adm_nm"": ""김포시"", ""matched_level"": ""sigungu""}",496323,40.9,0,31230
ba_14739815,sgis_population,,,,,,"{""tot_ppltn"": 417491, ""avg_age"": 39.5, ""tot_household"": 0, ""adm_cd"": ""24050"", ""adm_nm"": ""광산구"", ""matched_level"": ""sigungu""}",417491,39.5,0,24050
ba_14740022,sgis_population,,,,,,"{""tot_ppltn"": 364511, ""avg_age"": 41.2, ""tot_household"": 0, ""adm_cd"": ""31193"", ""adm_nm"": ""용인시 수지구"", ""matched_level"": ""sigungu""}",364511,41.2,0,31193
ba_14740239,sgis_population,,,,,,"{""tot_ppltn"": 24509, ""avg_age"": 54.9, ""tot_household"": 0, ""adm_cd"": ""35550"", ""adm_nm"": ""임실군"", ""matched_level"": ""sigungu""}",24509,54.9,0,35550
ba_14741847,sgis_population,,,,,,"{""tot_ppltn"": 198491, ""avg_age"": 46.2, ""tot_household"": 0, ""adm_cd"": ""21130"", ""adm_nm"": ""연제구"", ""matched_level"": ""sigungu""}",198491,46.2,0,21130
ba_14742704,sgis_population,,,,,,"{""tot_ppltn"": 195222, ""avg_age"": 43.3, ""tot_household"": 0, ""adm_cd"": ""33042"", ""adm_nm"": ""청주시 서원구"", ""matched_level"": ""sigungu""}",195222,43.3,0,33042
ba_14742705,sgis_population,,,,,,"{""tot_ppltn"": 195222, ""avg_age"": 43.3, ""tot_household"": 0, ""adm_cd"": ""33042"", ""adm_nm"": ""청주시 서원구"", ""matched_level"": ""sigungu""}",195222,43.3,0,33042
ba_14743271,sgis_population,,,,,,"{""tot_ppltn"": 234408, ""avg_age"": 45.2, ""tot_household"": 0, ""adm_cd"": ""31041"", ""adm_nm"": ""안양시 만안구"", ""matched_level"": ""sigungu""}",234408,45.2,0,31041
ba_14743731,sgis_population,,,,,,"{""tot_ppltn"": 621848, ""avg_age"": 40.7, ""tot_household"": 0, ""adm_cd"": ""23080"", ""adm_nm"": ""서구"", ""matched_level"": ""sigungu""}",621848,40.7,0,23080
ba_14743732,sgis_population,,,,,,"{""tot_ppltn"": 621848, ""avg_age"": 40.7, ""tot_household"": 0, ""adm_cd"": ""23080"", ""adm_nm"": ""서구"", ""matched_level"": ""sigungu""}",621848,40.7,0,23080
ba_14744329,sgis_population,,,,,,"{""tot_ppltn"": 630744, ""avg_age"": 42.9, ""tot_household"": 0, ""adm_cd"": ""11240"", ""adm_nm"": ""송파구"", ""matched_level"": ""sigungu""}",630744,42.9,0,11240
ba_14744706,sgis_population,,,,,,"{""tot_ppltn"": 386261, ""avg_age"": 37.7, ""tot_household"": 0, ""adm_cd"": ""29"", ""adm_nm"": ""세종특별자치시"", ""matched_level"": ""province""}",386261,37.7,0,29
ba_14744959,sgis_population,,,,,,"{""tot_ppltn"": 87477, ""avg_age"": 49.4, ""tot_household"": 0, ""adm_cd"": ""21030"", ""adm_nm"": ""동구"", ""matched_level"": ""sigungu""}",87477,49.4,0,21030
ba_14746052,sgis_population,,,,,,"{""tot_ppltn"": 266458, ""avg_age"": 45.5, ""tot_household"": 0, ""adm_cd"": ""37012"", ""adm_nm"": ""포항시 북구"", ""matched_level"": ""sigungu""}",266458,45.5,0,37012
ba_14746091,sgis_population,,,,,,"{""tot_ppltn"": 716123, ""avg_age"": 43.0, ""tot_household"": 0, ""adm_cd"": ""31130"", ""adm_nm"": ""남양주시"", ""matched_level"": ""sigungu""}",716123,43.0,0,31130
ba_14746216,sgis_population,,,,,,"{""tot_ppltn"": 196291, ""avg_age"": 40.9, ""tot_household"": 0, ""adm_cd"": ""33044"", ""adm_nm"": ""청주시 청원구"", ""matched_level"": ""sigungu""}",196291,40.9,0,33044
ba_14747382,sgis_population,,,,,,"{""tot_ppltn"": 269641, ""avg_age"": 43.0, ""tot_household"": 0, ""adm_cd"": ""31260"", ""adm_nm"": ""양주시"", ""matched_level"": ""sigungu""}",269641,43.0,0,31260
ba_14749296,sgis_population,,,,,,"{""tot_ppltn"": 630744, ""avg_age"": 42.9, ""tot_household"": 0, ""adm_cd"": ""11240"", ""adm_nm"": ""송파구"", ""matched_level"": ""sigungu""}",630744,42.9,0,11240
ba_14753110,sgis_population,,,,,,"{""tot_ppltn"": 195222, ""avg_age"": 43.3, ""tot_household"": 0, ""adm_cd"": ""33042"", ""adm_nm"": ""청주시 서원구"", ""matched_level"": ""sigungu""}",195222,43.3,0,33042
ba_14754395,sgis_population,,,,,,"{""tot_ppltn"": 101002, ""avg_age"": 45.9, ""tot_household"": 0, ""adm_cd"": ""35510"", ""adm_nm"": ""완주군"", ""matched_level"": ""sigungu""}",101002,45.9,0,35510
ba_14754893,sgis_population,,,,,,"{""tot_ppltn"": 277209, ""avg_age"": 43.7, ""tot_household"": 0, ""adm_cd"": ""31104"", ""adm_nm"": ""고양시 일산서구"", ""matched_level"": ""sigungu""}",277209,43.7,0,31104
ba_14754936,sgis_population,,,,,,"{""tot_ppltn"": 259505, ""avg_age"": 47.5, ""tot_household"": 0, ""adm_cd"": ""37020"", ""adm_nm"": ""경주시"", ""matched_level"": ""sigungu""}",259505,47.5,0,37020
ba_14754965,sgis_population,,,,,,"{""tot_ppltn"": 605678, ""avg_age"": 40.8, ""tot_household"": 0, ""adm_cd"": ""31070"", ""adm_nm"": ""평택시"", ""matched_level"": ""sigungu""}",605678,40.8,0,31070
ba_14756247,sgis_population,,,,,,"{""tot_ppltn"": 277209, ""avg_age"": 43.7, ""tot_household"": 0, ""adm_cd"": ""31104"", ""adm_nm"": ""고양시 일산서구"", ""matched_level"": ""sigungu""}",277209,43.7,0,31104
ba_14756888,sgis_population,,,,,,"{""tot_ppltn"": 243412, ""avg_age"": 42.0, ""tot_household"": 0, ""adm_cd"": ""38112"", ""adm_nm"": ""창원시 성산구"", ""matched_level"": ""sigungu""}",243412,42.0,0,38112
ba_14756889,sgis_population,,,,,,"{""tot_ppltn"": 243412, ""avg_age"": 42.0, ""tot_household"": 0, ""adm_cd"": ""38112"", ""adm_nm"": ""창원시 성산구"", ""matched_level"": ""sigungu""}",243412,42.0,0,38112
ba_14757543,sgis_population,,,,,,"{""tot_ppltn"": 91301, ""avg_age"": 47.1, ""tot_household"": 0, ""adm_cd"": ""31080"", ""adm_nm"": ""동두천시"", ""matched_level"": ""sigungu""}",91301,47.1,0,31080
ba_14757711,sgis_population,,,,,,"{""tot_ppltn"": 215990, ""avg_age"": 45.9, ""tot_household"": 0, ""adm_cd"": ""33020"", ""adm_nm"": ""충주시"", ""matched_level"": ""sigungu""}",215990,45.9,0,33020
ba_14758255,sgis_population,,,,,,"{""tot_ppltn"": 539884, ""avg_age"": 43.9, ""tot_household"": 0, ""adm_cd"": ""22070"", ""adm_nm"": ""달서구"", ""matched_level"": ""sigungu""}",539884,43.9,0,22070
ba_14759786,sgis_population,,,,,,"{""tot_ppltn"": 292504, ""avg_age"": 44.0, ""tot_household"": 0, ""adm_cd"": ""32010"", ""adm_nm"": ""춘천시"", ""matched_level"": ""sigungu""}",292504,44.0,0,32010
ba_14760741,sgis_population,,,,,,"{""tot_ppltn"": 428463, ""avg_age"": 42.0, ""tot_household"": 0, ""adm_cd"": ""31192"", ""adm_nm"": ""용인시 기흥구"", ""matched_level"": ""sigungu""}",428463,42.0,0,31192
ba_14760742,sgis_population,,,,,,"{""tot_ppltn"": 428463, ""avg_age"": 42.0, ""tot_household"": 0, ""adm_cd"": ""31192"", ""adm_nm"": ""용인시 기흥구"", ""matched_level"": ""sigungu""}",428463,42.0,0,31192
ba_14762166,sgis_population,,,,,,"{""tot_ppltn"": 432033, ""avg_age"": 43.2, ""tot_household"": 0, ""adm_cd"": ""24040"", ""adm_nm"": ""북구"", ""matched_level"": ""sigungu""}",432033,43.2,0,24040
ba_14766646,sgis_population,,,,,,"{""tot_ppltn"": 230134, ""avg_age"": 44.3, ""tot_household"": 0, ""adm_cd"": ""25010"", ""adm_nm"": ""동구"", ""matched_level"": ""sigungu""}",230134,44.3,0,25010
ba_14766647,sgis_population,,,,,,"{""tot_ppltn"": 230134, ""avg_age"": 44.3, ""tot_household"": 0, ""adm_cd"": ""25010"", ""adm_nm"": ""동구"", ""matched_level"": ""sigungu""}",230134,44.3,0,25010
ba_14766686,sgis_population,,,,,,"{""tot_ppltn"": 495339, ""avg_age"": 42.1, ""tot_household"": 0, ""adm_cd"": ""31200"", ""adm_nm"": ""파주시"", ""matched_level"": ""sigungu""}",495339,42.1,0,31200
ba_14767892,sgis_population,,,,,,"{""tot_ppltn"": 446561, ""avg_age"": 43.7, ""tot_household"": 0, ""adm_cd"": ""11250"", ""adm_nm"": ""강동구"", ""matched_level"": ""sigungu""}",446561,43.7,0,11250
ba_14767931,sgis_population,,,,,,"{""tot_ppltn"": 405077, ""avg_age"": 43.7, ""tot_household"": 0, ""adm_cd"": ""31051"", ""adm_nm"": ""부천시 원미구"", ""matched_level"": ""sigungu""}",405077,43.7,0,31051
ba_14767932,sgis_population,,,,,,"{""tot_ppltn"": 405077, ""avg_age"": 43.7, ""tot_household"": 0, ""adm_cd"": ""31051"", ""adm_nm"": ""부천시 원미구"", ""matched_level"": ""sigungu""}",405077,43.7,0,31051
ba_14769185,sgis_population,,,,,,"{""tot_ppltn"": 137413, ""avg_age"": 47.5, ""tot_household"": 0, ""adm_cd"": ""37030"", ""adm_nm"": ""김천시"", ""matched_level"": ""sigungu""}",137413,47.5,0,37030
ba_14770149,sgis_population,,,,,,"{""tot_ppltn"": 974156, ""avg_age"": 38.2, ""tot_household"": 0, ""adm_cd"": ""31240"", ""adm_nm"": ""화성시"", ""matched_level"": ""sigungu""}",974156,38.2,0,31240
ba_14772060,sgis_population,,,,,,"{""tot_ppltn"": 446561, ""avg_age"": 43.7, ""tot_household"": 0, ""adm_cd"": ""11250"", ""adm_nm"": ""강동구"", ""matched_level"": ""sigungu""}",446561,43.7,0,11250
ba_14772844,sgis_population,,,,,,"{""tot_ppltn"": 496323, ""avg_age"": 40.9, ""tot_household"": 0, ""adm_cd"": ""31230"", ""adm_nm"": ""김포시"", ""matched_level"": ""sigungu""}",496323,40.9,0,31230
ba_14773134,sgis_population,,,,,,"{""tot_ppltn"": 428463, ""avg_age"": 42.0, ""tot_household"": 0, ""adm_cd"": ""31192"", ""adm_nm"": ""용인시 기흥구"", ""matched_level"": ""sigungu""}",428463,42.0,0,31192
ba_14773135,sgis_population,,,,,,"{""tot_ppltn"": 428463, ""avg_age"": 42.0, ""tot_household"": 0, ""adm_cd"": ""31192"", ""adm_nm"": ""용인시 기흥구"", ""matched_level"": ""sigungu""}",428463,42.0,0,31192
ba_14773140,sgis_population,,,,,,"{""tot_ppltn"": 333353, ""avg_age"": 44.0, ""tot_household"": 0, ""adm_cd"": ""35011"", ""adm_nm"": ""전주시 완산구"", ""matched_level"": ""sigungu""}",333353,44.0,0,35011
ba_14773773,sgis_population,,,,,,"{""tot_ppltn"": 605678, ""avg_age"": 40.8, ""tot_household"": 0, ""adm_cd"": ""31070"", ""adm_nm"": ""평택시"", ""matched_level"": ""sigungu""}",605678,40.8,0,31070
ba_14775022,sgis_population,,,,,,"{""tot_ppltn"": 94405, ""avg_age"": 43.1, ""tot_household"": 0, ""adm_cd"": ""33550"", ""adm_nm"": ""진천군"", ""matched_level"": ""sigungu""}",94405,43.1,0,33550
ba_14775582,sgis_population,,,,,,"{""tot_ppltn"": 568455, ""avg_age"": 40.7, ""tot_household"": 0, ""adm_cd"": ""31150"", ""adm_nm"": ""시흥시"", ""matched_level"": ""sigungu""}",568455,40.7,0,31150
ba_14775705,sgis_population,,,,,,"{""tot_ppltn"": 274350, ""avg_age"": 45.8, ""tot_household"": 0, ""adm_cd"": ""35030"", ""adm_nm"": ""익산시"", ""matched_level"": ""sigungu""}",274350,45.8,0,35030
ba_14775877,sgis_population,,,,,,"{""tot_ppltn"": 386261, ""avg_age"": 37.7, ""tot_household"": 0, ""adm_cd"": ""29"", ""adm_nm"": ""세종특별자치시"", ""matched_level"": ""province""}",386261,37.7,0,29
ba_14776515,sgis_population,,,,,,"{""tot_ppltn"": 104615, ""avg_age"": 46.4, ""tot_household"": 0, ""adm_cd"": ""33570"", ""adm_nm"": ""음성군"", ""matched_level"": ""sigungu""}",104615,46.4,0,33570
ba_14778106,sgis_population,,,,,,"{""tot_ppltn"": 423397, ""avg_age"": 45.3, ""tot_household"": 0, ""adm_cd"": ""11170"", ""adm_nm"": ""구로구"", ""matched_level"": ""sigungu""}",423397,45.3,0,11170
ba_14778684,sgis_population,,,,,,"{""tot_ppltn"": 539884, ""avg_age"": 43.9, ""tot_household"": 0, ""adm_cd"": ""22070"", ""adm_nm"": ""달서구"", ""matched_level"": ""sigungu""}",539884,43.9,0,22070
ba_14780115,sgis_population,,,,,,"{""tot_ppltn"": 220292, ""avg_age"": 46.3, ""tot_household"": 0, ""adm_cd"": ""25020"", ""adm_nm"": ""중구"", ""matched_level"": ""sigungu""}",220292,46.3,0,25020
ba_14780432,sgis_population,,,,,,"{""tot_ppltn"": 394667, ""avg_age"": 43.0, ""tot_household"": 0, ""adm_cd"": ""31250"", ""adm_nm"": ""광주시"", ""matched_level"": ""sigungu""}",394667,43.0,0,31250
ba_14781731,sgis_population,,,,,,"{""tot_ppltn"": 320562, ""avg_age"": 41.1, ""tot_household"": 0, ""adm_cd"": ""31180"", ""adm_nm"": ""하남시"", ""matched_level"": ""sigungu""}",320562,41.1,0,31180
ba_14782074,sgis_population,,,,,,"{""tot_ppltn"": 430146, ""avg_age"": 43.5, ""tot_household"": 0, ""adm_cd"": ""22050"", ""adm_nm"": ""북구"", ""matched_level"": ""sigungu""}",430146,43.5,0,22050
ba_14782170,sgis_population,,,,,,"{""tot_ppltn"": 102738, ""avg_age"": 51.0, ""tot_household"": 0, ""adm_cd"": ""38080"", ""adm_nm"": ""밀양시"", ""matched_level"": ""sigungu""}",102738,51.0,0,38080
ba_14782523,sgis_population,,,,,,"{""tot_ppltn"": 175691, ""avg_age"": 42.8, ""tot_household"": 0, ""adm_cd"": ""21510"", ""adm_nm"": ""기장군"", ""matched_level"": ""sigungu""}",175691,42.8,0,21510
ba_14782607,sgis_population,,,,,,"{""tot_ppltn"": 296453, ""avg_age"": 42.7, ""tot_household"": 0, ""adm_cd"": ""37100"", ""adm_nm"": ""경산시"", ""matched_level"": ""sigungu""}",296453,42.7,0,37100
ba_14783137,sgis_population,,,,,,"{""tot_ppltn"": 157111, ""avg_age"": 46.7, ""tot_household"": 0, ""adm_cd"": ""31270"", ""adm_nm"": ""포천시"", ""matched_level"": ""sigungu""}",157111,46.7,0,31270
ba_14783436,sgis_population,,,,,,"{""tot_ppltn"": 178496, ""avg_age"": 46.7, ""tot_household"": 0, ""adm_cd"": ""38113"", ""adm_nm"": ""창원시 마산합포구"", ""matched_level"": ""sigungu""}",178496,46.7,0,38113
ba_14783596,sgis_population,,,,,,"{""tot_ppltn"": 208245, ""avg_age"": 46.5, ""tot_household"": 0, ""adm_cd"": ""21150"", ""adm_nm"": ""사상구"", ""matched_level"": ""sigungu""}",208245,46.5,0,21150
ba_14785504,sgis_population,,,,,,"{""tot_ppltn"": 38122, ""avg_age"": 44.5, ""tot_household"": 0, ""adm_cd"": ""33590"", ""adm_nm"": ""증평군"", ""matched_level"": ""sigungu""}",38122,44.5,0,33590
ba_14786815,sgis_population,,,,,,"{""tot_ppltn"": 170220, ""avg_age"": 47.1, ""tot_household"": 0, ""adm_cd"": ""21140"", ""adm_nm"": ""수영구"", ""matched_level"": ""sigungu""}",170220,47.1,0,21140
ba_14787229,sgis_population,,,,,,"{""tot_ppltn"": 372852, ""avg_age"": 42.0, ""tot_household"": 0, ""adm_cd"": ""31012"", ""adm_nm"": ""수원시 권선구"", ""matched_level"": ""sigungu""}",372852,42.0,0,31012
ba_14787776,sgis_population,,,,,,"{""tot_ppltn"": 605678, ""avg_age"": 40.8, ""tot_household"": 0, ""adm_cd"": ""31070"", ""adm_nm"": ""평택시"", ""matched_level"": ""sigungu""}",605678,40.8,0,31070
ba_14788152,sgis_population,,,,,,"{""tot_ppltn"": 355644, ""avg_age"": 45.5, ""tot_household"": 0, ""adm_cd"": ""21050"", ""adm_nm"": ""부산진구"", ""matched_level"": ""sigungu""}",355644,45.5,0,21050
ba_14788494,sgis_population,,,,,,"{""tot_ppltn"": 190660, ""avg_age"": 42.8, ""tot_household"": 0, ""adm_cd"": ""38115"", ""adm_nm"": ""창원시 진해구"", ""matched_level"": ""sigungu""}",190660,42.8,0,38115
ba_14788679,sgis_population,,,,,,"{""tot_ppltn"": 353190, ""avg_age"": 42.5, ""tot_household"": 0, ""adm_cd"": ""31092"", ""adm_nm"": ""안산시 단원구"", ""matched_level"": ""sigungu""}",353190,42.5,0,31092
ba_14789833,sgis_population,,,,,,"{""tot_ppltn"": 272041, ""avg_age"": 43.6, ""tot_household"": 0, ""adm_cd"": ""36030"", ""adm_nm"": ""순천시"", ""matched_level"": ""sigungu""}",272041,43.6,0,36030
ba_14789844,sgis_population,,,,,,"{""tot_ppltn"": 370849, ""avg_age"": 45.7, ""tot_household"": 0, ""adm_cd"": ""21090"", ""adm_nm"": ""해운대구"", ""matched_level"": ""sigungu""}",370849,45.7,0,21090
ba_14791302,sgis_population,,,,,,"{""tot_ppltn"": 355644, ""avg_age"": 45.5, ""tot_household"": 0, ""adm_cd"": ""21050"", ""adm_nm"": ""부산진구"", ""matched_level"": ""sigungu""}",355644,45.5,0,21050
ba_14791437,sgis_population,,,,,,"{""tot_ppltn"": 361380, ""avg_age"": 42.2, ""tot_household"": 0, ""adm_cd"": ""11140"", ""adm_nm"": ""마포구"", ""matched_level"": ""sigungu""}",361380,42.2,0,11140
ba_14792754,sgis_population,,,,,,"{""tot_ppltn"": 428463, ""avg_age"": 42.0, ""tot_household"": 0, ""adm_cd"": ""31192"", ""adm_nm"": ""용인시 기흥구"", ""matched_level"": ""sigungu""}",428463,42.0,0,31192
ba_14793023,sgis_population,,,,,,"{""tot_ppltn"": 228695, ""avg_age"": 42.3, ""tot_household"": 0, ""adm_cd"": ""31210"", ""adm_nm"": ""이천시"", ""matched_level"": ""sigungu""}",228695,42.3,0,31210
ba_14794083,sgis_population,,,,,,"{""tot_ppltn"": 170220, ""avg_age"": 47.1, ""tot_household"": 0, ""adm_cd"": ""21140"", ""adm_nm"": ""수영구"", ""matched_level"": ""sigungu""}",170220,47.1,0,21140
ba_14794547,sgis_population,,,,,,"{""tot_ppltn"": 355999, ""avg_age"": 43.2, ""tot_household"": 0, ""adm_cd"": ""11060"", ""adm_nm"": ""동대문구"", ""matched_level"": ""sigungu""}",355999,43.2,0,11060
ba_14795104,sgis_population,,,,,,"{""tot_ppltn"": 245860, ""avg_age"": 45.7, ""tot_household"": 0, ""adm_cd"": ""11180"", ""adm_nm"": ""금천구"", ""matched_level"": ""sigungu""}",245860,45.7,0,11180
ba_14795563,sgis_population,,,,,,"{""tot_ppltn"": 385267, ""avg_age"": 42.5, ""tot_household"": 0, ""adm_cd"": ""11220"", ""adm_nm"": ""서초구"", ""matched_level"": ""sigungu""}",385267,42.5,0,11220
ba_14796833,sgis_population,,,,,,"{""tot_ppltn"": 147378, ""avg_age"": 43.2, ""tot_household"": 0, ""adm_cd"": ""36060"", ""adm_nm"": ""광양시"", ""matched_level"": ""sigungu""}",147378,43.2,0,36060
ba_14796835,sgis_population,,,,,,"{""tot_ppltn"": 208245, ""avg_age"": 46.5, ""tot_household"": 0, ""adm_cd"": ""21150"", ""adm_nm"": ""사상구"", ""matched_level"": ""sigungu""}",208245,46.5,0,21150
ba_14797330,sgis_population,,,,,,"{""tot_ppltn"": 348272, ""avg_age"": 43.8, ""tot_household"": 0, ""adm_cd"": ""38030"", ""adm_nm"": ""진주시"", ""matched_level"": ""sigungu""}",348272,43.8,0,38030
ba_14797390,sgis_population,,,,,,"{""tot_ppltn"": 275209, ""avg_age"": 42.9, ""tot_household"": 0, ""adm_cd"": ""31011"", ""adm_nm"": ""수원시 장안구"", ""matched_level"": ""sigungu""}",275209,42.9,0,31011
ba_14797999,sgis_population,,,,,,"{""tot_ppltn"": 361380, ""avg_age"": 42.2, ""tot_household"": 0, ""adm_cd"": ""11140"", ""adm_nm"": ""마포구"", ""matched_level"": ""sigungu""}",361380,42.2,0,11140
ba_14798760,sgis_population,,,,,,"{""tot_ppltn"": 484424, ""avg_age"": 43.6, ""tot_household"": 0, ""adm_cd"": ""31101"", ""adm_nm"": ""고양시 덕양구"", ""matched_level"": ""sigungu""}",484424,43.6,0,31101
ba_14798893,sgis_population,,,,,,"{""tot_ppltn"": 716123, ""avg_age"": 43.0, ""tot_household"": 0, ""adm_cd"": ""31130"", ""adm_nm"": ""남양주시"", ""matched_level"": ""sigungu""}",716123,43.0,0,31130
ba_14798894,sgis_population,,,,,,"{""tot_ppltn"": 716123, ""avg_age"": 43.0, ""tot_household"": 0, ""adm_cd"": ""31130"", ""adm_nm"": ""남양주시"", ""matched_level"": ""sigungu""}",716123,43.0,0,31130
ba_14799070,sgis_population,,,,,,"{""tot_ppltn"": 117012, ""avg_age"": 45.3, ""tot_household"": 0, ""adm_cd"": ""36040"", ""adm_nm"": ""나주시"", ""matched_level"": ""sigungu""}",117012,45.3,0,36040
ba_14799629,sgis_population,,,,,,"{""tot_ppltn"": 366636, ""avg_age"": 38.2, ""tot_household"": 0, ""adm_cd"": ""31014"", ""adm_nm"": ""수원시 영통구"", ""matched_level"": ""sigungu""}",366636,38.2,0,31014
ba_14799660,sgis_population,,,,,,"{""tot_ppltn"": 458966, ""avg_age"": 43.9, ""tot_household"": 0, ""adm_cd"": ""31030"", ""adm_nm"": ""의정부시"", ""matched_level"": ""sigungu""}",458966,43.9,0,31030
ba_14799661,sgis_population,,,,,,"{""tot_ppltn"": 458966, ""avg_age"": 43.9, ""tot_household"": 0, ""adm_cd"": ""31030"", ""adm_nm"": ""의정부시"", ""matched_level"": ""sigungu""}",458966,43.9,0,31030
ba_14800284,sgis_population,,,,,,"{""tot_ppltn"": 432033, ""avg_age"": 43.2, ""tot_household"": 0, ""adm_cd"": ""24040"", ""adm_nm"": ""북구"", ""matched_level"": ""sigungu""}",432033,43.2,0,24040
ba_14800652,sgis_population,,,,,,"{""tot_ppltn"": 385267, ""avg_age"": 42.5, ""tot_household"": 0, ""adm_cd"": ""11220"", ""adm_nm"": ""서초구"", ""matched_level"": ""sigungu""}",385267,42.5,0,11220
ba_14801006,sgis_population,,,,,,"{""tot_ppltn"": 376621, ""avg_age"": 45.7, ""tot_household"": 0, ""adm_cd"": ""11070"", ""adm_nm"": ""중랑구"", ""matched_level"": ""sigungu""}",376621,45.7,0,11070
ba_14801139,sgis_population,,,,,,"{""tot_ppltn"": 548672, ""avg_age"": 41.9, ""tot_household"": 0, ""adm_cd"": ""38070"", ""adm_nm"": ""김해시"", ""matched_level"": ""sigungu""}",548672,41.9,0,38070
ba_14801362,sgis_population,,,,,,"{""tot_ppltn"": 281394, ""avg_age"": 40.5, ""tot_household"": 0, ""adm_cd"": ""33043"", ""adm_nm"": ""청주시 흥덕구"", ""matched_level"": ""sigungu""}",281394,40.5,0,33043
ba_14803437,sgis_population,,,,,,"{""tot_ppltn"": 214516, ""avg_age"": 43.8, ""tot_household"": 0, ""adm_cd"": ""38111"", ""adm_nm"": ""창원시 의창구"", ""matched_level"": ""sigungu""}",214516,43.8,0,38111
ba_14808489,sgis_population,,,,,,"{""tot_ppltn"": 333353, ""avg_age"": 44.0, ""tot_household"": 0, ""adm_cd"": ""35011"", ""adm_nm"": ""전주시 완산구"", ""matched_level"": ""sigungu""}",333353,44.0,0,35011
ba_14809478,sgis_population,,,,,,"{""tot_ppltn"": 372852, ""avg_age"": 42.0, ""tot_household"": 0, ""adm_cd"": ""31012"", ""adm_nm"": ""수원시 권선구"", ""matched_level"": ""sigungu""}",372852,42.0,0,31012
ba_14809544,sgis_population,,,,,,"{""tot_ppltn"": 408476, ""avg_age"": 39.9, ""tot_household"": 0, ""adm_cd"": ""23040"", ""adm_nm"": ""연수구"", ""matched_level"": ""sigungu""}",408476,39.9,0,23040
ba_14809938,sgis_population,,,,,,"{""tot_ppltn"": 511084, ""avg_age"": 42.5, ""tot_household"": 0, ""adm_cd"": ""11230"", ""adm_nm"": ""강남구"", ""matched_level"": ""sigungu""}",511084,42.5,0,11230
ba_14809961,sgis_population,,,,,,"{""tot_ppltn"": 214516, ""avg_age"": 43.8, ""tot_household"": 0, ""adm_cd"": ""38111"", ""adm_nm"": ""창원시 의창구"", ""matched_level"": ""sigungu""}",214516,43.8,0,38111
ba_14810162,sgis_population,,,,,,"{""tot_ppltn"": 451221, ""avg_age"": 42.3, ""tot_household"": 0, ""adm_cd"": ""31023"", ""adm_nm"": ""성남시 분당구"", ""matched_level"": ""sigungu""}",451221,42.3,0,31023
ba_14810163,sgis_population,,,,,,"{""tot_ppltn"": 451221, ""avg_age"": 42.3, ""tot_household"": 0, ""adm_cd"": ""31023"", ""adm_nm"": ""성남시 분당구"", ""matched_level"": ""sigungu""}",451221,42.3,0,31023
ba_14810724,sgis_population,,,,,,"{""tot_ppltn"": 335589, ""avg_age"": 46.1, ""tot_household"": 0, ""adm_cd"": ""22020"", ""adm_nm"": ""동구"", ""matched_level"": ""sigungu""}",335589,46.1,0,22020
ba_14812126,sgis_population,,,,,,"{""tot_ppltn"": 59893, ""avg_age"": 50.4, ""tot_household"": 0, ""adm_cd"": ""31570"", ""adm_nm"": ""가평군"", ""matched_level"": ""sigungu""}",59893,50.4,0,31570
ba_14812426,sgis_population,,,,,,"{""tot_ppltn"": 220292, ""avg_age"": 46.3, ""tot_household"": 0, ""adm_cd"": ""25020"", ""adm_nm"": ""중구"", ""matched_level"": ""sigungu""}",220292,46.3,0,25020
ba_14812430,sgis_population,,,,,,"{""tot_ppltn"": 220292, ""avg_age"": 46.3, ""tot_household"": 0, ""adm_cd"": ""25020"", ""adm_nm"": ""중구"", ""matched_level"": ""sigungu""}",220292,46.3,0,25020
ba_14818313,sgis_population,,,,,,"{""tot_ppltn"": 469031, ""avg_age"": 41.8, ""tot_household"": 0, ""adm_cd"": ""25030"", ""adm_nm"": ""서구"", ""matched_level"": ""sigungu""}",469031,41.8,0,25030
ba_14818314,sgis_population,,,,,,"{""tot_ppltn"": 469031, ""avg_age"": 41.8, ""tot_household"": 0, ""adm_cd"": ""25030"", ""adm_nm"": ""서구"", ""matched_level"": ""sigungu""}",469031,41.8,0,25030
