platform_shop_id,source,visibility_score,review_count,avg_rating,blog_mention_30d,sns_mention_30d,raw,competitor_count_1km,total_shops_1km,competition_density
ba_10015935,sbiz_commercial,,,,,,"{""error"": ""geocoding_failed"", ""shop_name"": ""굽네치킨 봉곡사림점""}",,,
ba_10016162,sbiz_commercial,,,,,,"{""error"": ""geocoding_failed"", ""shop_name"": ""굽네치킨 신월사파점""}",,,
ba_10019194,sbiz_commercial,,,,,,"{""error"": ""geocoding_failed"", ""shop_name"": ""굽네치킨&피자 신탄진점""}",,,
ba_10019807,sbiz_commercial,,,,,,"{""error"": ""geocoding_failed"", ""shop_name"": ""굽네치킨 부산덕천점""}",,,
ba_10020109,sbiz_commercial,,,,,,"{""error"": ""geocoding_failed"", ""shop_name"": ""굽네치킨 부산동삼점""}",,,
ba_10022124,sbiz_commercial,,,,,,"{""competitor_count_1km"": 249, ""total_shops_1km"": 1000, ""competition_density"": 0.249, ""lat"": 37.5089606904603, ""lng"": 126.732228235138, ""address_name"": ""인천 부평구 체육관로 27"", ""region_2depth"": ""부평구"", ""region_3depth"": ""삼산동""}",249.0,1000.0,0.249
ba_10024499,sbiz_commercial,,,,,,"{""competitor_count_1km"": 74, ""total_shops_1km"": 154, ""competition_density"": 0.4805, ""lat"": 36.3352241863307, ""lng"": 126.610175737769, ""address_name"": ""충남 보령시 명천로3길 33"", ""region_2depth"": ""보령시"", ""region_3depth"": ""명천동""}",74.0,154.0,0.4805
ba_10040420,sbiz_commercial,,,,,,"{""competitor_count_1km"": 275, ""total_shops_1km"": 630, ""competition_density"": 0.4365, ""lat"": 35.3089592242734, ""lng"": 128.735429322581, ""address_name"": ""경남 김해시 진영읍 장등로 30"", ""region_2depth"": ""김해시"", ""region_3depth"": ""진영읍 진영리""}",275.0,630.0,0.4365
ba_10040590,sbiz_commercial,,,,,,"{""competitor_count_1km"": 31, ""total_shops_1km"": 136, ""competition_density"": 0.2279, ""lat"": 37.8063254656062, ""lng"": 127.095720264792, ""address_name"": ""경기 양주시 삼숭로 157"", ""region_2depth"": ""양주시"", ""region_3depth"": ""삼숭동""}",31.0,136.0,0.2279
ba_10040621,sbiz_commercial,,,,,,"{""competitor_count_1km"": 90, ""total_shops_1km"": 262, ""competition_density"": 0.3435, ""lat"": 35.5755199537733, ""lng"": 129.308081490919, ""address_name"": ""울산 중구 백양로 14"", ""region_2depth"": ""중구"", ""region_3depth"": ""성안동""}",90.0,262.0,0.3435
ba_10040679,sbiz_commercial,,,,,,"{""competitor_count_1km"": 209, ""total_shops_1km"": 480, ""competition_density"": 0.4354, ""lat"": 35.1748133763716, ""lng"": 128.093367303862, ""address_name"": ""경남 진주시 진주대로 830"", ""region_2depth"": ""진주시"", ""region_3depth"": ""주약동""}",209.0,480.0,0.4354
ba_10040685,sbiz_commercial,,,,,,"{""competitor_count_1km"": 146, ""total_shops_1km"": 544, ""competition_density"": 0.2684, ""lat"": 35.2597518303573, ""lng"": 128.614247158308, ""address_name"": ""경남 창원시 의창구 의창대로132번길 25"", ""region_2depth"": ""창원시 의창구"", ""region_3depth"": ""팔용동""}",146.0,544.0,0.2684
ba_10041246,sbiz_commercial,,,,,,"{""competitor_count_1km"": 161, ""total_shops_1km"": 588, ""competition_density"": 0.2738, ""lat"": 37.5846216683642, ""lng"": 126.907749703001, ""address_name"": ""서울 은평구 증산서길 98"", ""region_2depth"": ""은평구"", ""region_3depth"": ""증산동""}",161.0,588.0,0.2738
ba_10204887,sbiz_commercial,,,,,,"{""competitor_count_1km"": 301, ""total_shops_1km"": 894, ""competition_density"": 0.3367, ""lat"": 35.8422010759991, ""lng"": 128.707802712966, ""address_name"": ""대구 수성구 달구벌대로637길 22-3"", ""region_2depth"": ""수성구"", ""region_3depth"": ""매호동""}",301.0,894.0,0.3367
ba_10401021,sbiz_commercial,,,,,,"{""competitor_count_1km"": 239, ""total_shops_1km"": 1000, ""competition_density"": 0.239, ""lat"": 37.4753377236089, ""lng"": 126.895142963641, ""address_name"": ""서울 금천구 시흥대로149길 48"", ""region_2depth"": ""금천구"", ""region_3depth"": ""가산동""}",239.0,1000.0,0.239
ba_10416959,sbiz_commercial,,,,,,"{""competitor_count_1km"": 182, ""total_shops_1km"": 684, ""competition_density"": 0.2661, ""lat"": 37.4593525763773, ""lng"": 127.167013047253, ""address_name"": ""경기 성남시 중원구 산성대로552번길 11"", ""region_2depth"": ""성남시 중원구"", ""region_3depth"": ""은행동""}",182.0,684.0,0.2661
ba_10418082,sbiz_commercial,,,,,,"{""competitor_count_1km"": 280, ""total_shops_1km"": 1000, ""competition_density"": 0.28, ""lat"": 34.741884464233, ""lng"": 127.731661018498, ""address_name"": ""전남 여수시 충무로 58-19"", ""region_2depth"": ""여수시"", ""region_3depth"": ""충무동""}",280.0,1000.0,0.28
ba_10432360,sbiz_commercial,,,,,,"{""competitor_count_1km"": 347, ""total_shops_1km"": 727, ""competition_density"": 0.4773, ""lat"": 36.8124272602662, ""lng"": 128.619097219677, ""address_name"": ""경북 영주시 지천로 136"", ""region_2depth"": ""영주시"", ""region_3depth"": ""가흥동""}",347.0,727.0,0.4773
ba_10469515,sbiz_commercial,,,,,,"{""competitor_count_1km"": 417, ""total_shops_1km"": 1000, ""competition_density"": 0.417, ""lat"": 35.8564139476407, ""lng"": 128.49509973596, ""address_name"": ""대구 달서구 서당로9안길 5"", ""region_2depth"": ""달서구"", ""region_3depth"": ""신당동""}",417.0,1000.0,0.417
ba_10476209,sbiz_commercial,,,,,,"{""competitor_count_1km"": 159, ""total_shops_1km"": 324, ""competition_density"": 0.4907, ""lat"": 35.0745916854218, ""lng"": 128.083466819226, ""address_name"": ""경남 사천시 정동면 진삼로 1378"", ""region_2depth"": ""사천시"", ""region_3depth"": ""정동면 고읍리""}",159.0,324.0,0.4907
ba_10497667,sbiz_commercial,,,,,,"{""competitor_count_1km"": 263, ""total_shops_1km"": 913, ""competition_density"": 0.2881, ""lat"": 37.8646574689072, ""lng"": 127.71875386574, ""address_name"": ""강원특별자치도 춘천시 터미널길 18"", ""region_2depth"": ""춘천시"", ""region_3depth"": ""온의동""}",263.0,913.0,0.2881
ba_10499851,sbiz_commercial,,,,,,"{""competitor_count_1km"": 306, ""total_shops_1km"": 866, ""competition_density"": 0.3533, ""lat"": 35.1133388389617, ""lng"": 129.014294873044, ""address_name"": ""부산 서구 구덕로339번길 31"", ""region_2depth"": ""서구"", ""region_3depth"": ""서대신동3가""}",306.0,866.0,0.3533
ba_10501929,sbiz_commercial,,,,,,"{""competitor_count_1km"": 192, ""total_shops_1km"": 584, ""competition_density"": 0.3288, ""lat"": 36.0862425741606, ""lng"": 129.393512469246, ""address_name"": ""경북 포항시 북구 신덕로 205"", ""region_2depth"": ""포항시 북구"", ""region_3depth"": ""양덕동""}",192.0,584.0,0.3288
ba_10509105,sbiz_commercial,,,,,,"{""competitor_count_1km"": 73, ""total_shops_1km"": 171, ""competition_density"": 0.4269, ""lat"": 37.1243243805041, ""lng"": 128.203532098165, ""address_name"": ""충북 제천시 청풍호로7안길 15"", ""region_2depth"": ""제천시"", ""region_3depth"": ""영천동""}",73.0,171.0,0.4269
ba_10571616,sbiz_commercial,,,,,,"{""competitor_count_1km"": 223, ""total_shops_1km"": 929, ""competition_density"": 0.24, ""lat"": 37.5712592151079, ""lng"": 127.057042937147, ""address_name"": ""서울 동대문구 전농로 71"", ""region_2depth"": ""동대문구"", ""region_3depth"": ""답십리동""}",223.0,929.0,0.24
ba_10580903,sbiz_commercial,,,,,,"{""competitor_count_1km"": 86, ""total_shops_1km"": 410, ""competition_density"": 0.2098, ""lat"": 37.6099259937222, ""lng"": 127.015458405282, ""address_name"": ""서울 성북구 서경로 60"", ""region_2depth"": ""성북구"", ""region_3depth"": ""길음동""}",86.0,410.0,0.2098
ba_10583009,sbiz_commercial,,,,,,"{""competitor_count_1km"": 410, ""total_shops_1km"": 959, ""competition_density"": 0.4275, ""lat"": 35.1808629175839, ""lng"": 126.893425907239, ""address_name"": ""광주 북구 저불로69번길 18"", ""region_2depth"": ""북구"", ""region_3depth"": ""용봉동""}",410.0,959.0,0.4275
ba_10597203,sbiz_commercial,,,,,,"{""competitor_count_1km"": 79, ""total_shops_1km"": 359, ""competition_density"": 0.2201, ""lat"": 35.1542390390288, ""lng"": 126.84323028565, ""address_name"": ""광주 서구 상무공원로 112"", ""region_2depth"": ""서구"", ""region_3depth"": ""치평동""}",79.0,359.0,0.2201
ba_10604883,sbiz_commercial,,,,,,"{""competitor_count_1km"": 372, ""total_shops_1km"": 1000, ""competition_density"": 0.372, ""lat"": 34.8887461243649, ""lng"": 128.624917070427, ""address_name"": ""경남 거제시 고현로11길 14"", ""region_2depth"": ""거제시"", ""region_3depth"": ""고현동""}",372.0,1000.0,0.372
ba_10605803,sbiz_commercial,,,,,,"{""competitor_count_1km"": 225, ""total_shops_1km"": 871, ""competition_density"": 0.2583, ""lat"": 37.4515079975283, ""lng"": 126.714442344577, ""address_name"": ""인천 남동구 용천로 22"", ""region_2depth"": ""남동구"", ""region_3depth"": ""구월동""}",225.0,871.0,0.2583
ba_10620671,sbiz_commercial,,,,,,"{""competitor_count_1km"": 262, ""total_shops_1km"": 624, ""competition_density"": 0.4199, ""lat"": 35.1363232604341, ""lng"": 126.908092609649, ""address_name"": ""광주 남구 백운로 29"", ""region_2depth"": ""남구"", ""region_3depth"": ""백운동""}",262.0,624.0,0.4199
ba_10627648,sbiz_commercial,,,,,,"{""competitor_count_1km"": 159, ""total_shops_1km"": 432, ""competition_density"": 0.3681, ""lat"": 36.4215014010277, ""lng"": 128.164240672532, ""address_name"": ""경북 상주시 냉림2길 31-3"", ""region_2depth"": ""상주시"", ""region_3depth"": ""냉림동""}",159.0,432.0,0.3681
ba_10636815,sbiz_commercial,,,,,,"{""competitor_count_1km"": 153, ""total_shops_1km"": 465, ""competition_density"": 0.329, ""lat"": 34.3212960455972, ""lng"": 126.742961798432, ""address_name"": ""전남 완도군 완도읍 개포로145번길 27"", ""region_2depth"": ""완도군"", ""region_3depth"": ""완도읍 가용리""}",153.0,465.0,0.329
ba_10636817,sbiz_commercial,,,,,,"{""competitor_count_1km"": 167, ""total_shops_1km"": 384, ""competition_density"": 0.4349, ""lat"": 35.3069087088521, ""lng"": 128.989007711768, ""address_name"": ""경남 양산시 물금읍 버들길 36"", ""region_2depth"": ""양산시"", ""region_3depth"": ""물금읍 물금리""}",167.0,384.0,0.4349
ba_10638951,sbiz_commercial,,,,,,"{""competitor_count_1km"": 55, ""total_shops_1km"": 108, ""competition_density"": 0.5093, ""lat"": 35.9908304314973, ""lng"": 128.955106556463, ""address_name"": ""경북 영천시 창신1길 42"", ""region_2depth"": ""영천시"", ""region_3depth"": ""망정동""}",55.0,108.0,0.5093
ba_10657170,sbiz_commercial,,,,,,"{""competitor_count_1km"": 202, ""total_shops_1km"": 725, ""competition_density"": 0.2786, ""lat"": 37.4931420109841, ""lng"": 126.6853544894, ""address_name"": ""인천 서구 장고개로337번길 16"", ""region_2depth"": ""서구"", ""region_3depth"": ""가좌동""}",202.0,725.0,0.2786
ba_10685624,sbiz_commercial,,,,,,"{""competitor_count_1km"": 214, ""total_shops_1km"": 653, ""competition_density"": 0.3277, ""lat"": 35.185219747565, ""lng"": 126.918691395963, ""address_name"": ""광주 북구 천지인로173번길 28"", ""region_2depth"": ""북구"", ""region_3depth"": ""문흥동""}",214.0,653.0,0.3277
ba_10698232,sbiz_commercial,,,,,,"{""competitor_count_1km"": 36, ""total_shops_1km"": 123, ""competition_density"": 0.2927, ""lat"": 35.9440596978824, ""lng"": 128.629285919121, ""address_name"": ""대구 동구 동화천로 372"", ""region_2depth"": ""동구"", ""region_3depth"": ""지묘동""}",36.0,123.0,0.2927
ba_10698315,sbiz_commercial,,,,,,"{""competitor_count_1km"": 155, ""total_shops_1km"": 470, ""competition_density"": 0.3298, ""lat"": 36.8698248651437, ""lng"": 128.525946239224, ""address_name"": ""경북 영주시 풍기읍 기주로 89"", ""region_2depth"": ""영주시"", ""region_3depth"": ""풍기읍 성내리""}",155.0,470.0,0.3298
ba_10705443,sbiz_commercial,,,,,,"{""competitor_count_1km"": 47, ""total_shops_1km"": 104, ""competition_density"": 0.4519, ""lat"": 34.9148807191472, ""lng"": 128.655389608083, ""address_name"": ""경남 거제시 연초면 거제북로 48"", ""region_2depth"": ""거제시"", ""region_3depth"": ""연초면 죽토리""}",47.0,104.0,0.4519
ba_10706208,sbiz_commercial,,,,,,"{""competitor_count_1km"": 345, ""total_shops_1km"": 1000, ""competition_density"": 0.345, ""lat"": 35.1659202892898, ""lng"": 129.162169592708, ""address_name"": ""부산 해운대구 해운대로 663"", ""region_2depth"": ""해운대구"", ""region_3depth"": ""우동""}",345.0,1000.0,0.345
ba_10739524,sbiz_commercial,,,,,,"{""competitor_count_1km"": 138, ""total_shops_1km"": 456, ""competition_density"": 0.3026, ""lat"": 37.4911707755416, ""lng"": 127.981528916521, ""address_name"": ""강원특별자치도 횡성군 횡성읍 대동로 15-1"", ""region_2depth"": ""횡성군"", ""region_3depth"": ""횡성읍 읍하리""}",138.0,456.0,0.3026
ba_10739556,sbiz_commercial,,,,,,"{""competitor_count_1km"": 273, ""total_shops_1km"": 899, ""competition_density"": 0.3037, ""lat"": 35.3145554239251, ""lng"": 129.024546869911, ""address_name"": ""경남 양산시 동면 금오12길 4-5"", ""region_2depth"": ""양산시"", ""region_3depth"": ""동면 석산리""}",273.0,899.0,0.3037
ba_10750970,sbiz_commercial,,,,,,"{""competitor_count_1km"": 133, ""total_shops_1km"": 554, ""competition_density"": 0.2401, ""lat"": 36.6194607565892, ""lng"": 127.426410928869, ""address_name"": ""충북 청주시 흥덕구 서현북로 24"", ""region_2depth"": ""청주시 흥덕구"", ""region_3depth"": ""가경동""}",133.0,554.0,0.2401
ba_10759478,sbiz_commercial,,,,,,"{""competitor_count_1km"": 288, ""total_shops_1km"": 727, ""competition_density"": 0.3961, ""lat"": 35.5417433152866, ""lng"": 129.427818972527, ""address_name"": ""울산 동구 미포3길 35"", ""region_2depth"": ""동구"", ""region_3depth"": ""동부동""}",288.0,727.0,0.3961
ba_10768614,sbiz_commercial,,,,,,"{""competitor_count_1km"": 187, ""total_shops_1km"": 615, ""competition_density"": 0.3041, ""lat"": 35.2274563975307, ""lng"": 128.692558417241, ""address_name"": ""경남 창원시 성산구 신사로45번길 33"", ""region_2depth"": ""창원시 성산구"", ""region_3depth"": ""신월동""}",187.0,615.0,0.3041
ba_10771255,sbiz_commercial,,,,,,"{""competitor_count_1km"": 184, ""total_shops_1km"": 444, ""competition_density"": 0.4144, ""lat"": 37.1406515570727, ""lng"": 128.199967452814, ""address_name"": ""충북 제천시 용두대로15가길 13"", ""region_2depth"": ""제천시"", ""region_3depth"": ""하소동""}",184.0,444.0,0.4144
ba_10774000,sbiz_commercial,,,,,,"{""competitor_count_1km"": 275, ""total_shops_1km"": 1000, ""competition_density"": 0.275, ""lat"": 35.5436781345636, ""lng"": 129.34123776958, ""address_name"": ""울산 남구 돋질로 334"", ""region_2depth"": ""남구"", ""region_3depth"": ""삼산동""}",275.0,1000.0,0.275
ba_10774794,sbiz_commercial,,,,,,"{""competitor_count_1km"": 53, ""total_shops_1km"": 196, ""competition_density"": 0.2704, ""lat"": 37.426165499425, ""lng"": 127.242641526392, ""address_name"": ""경기 광주시 이배재로 108"", ""region_2depth"": ""광주시"", ""region_3depth"": ""회덕동""}",53.0,196.0,0.2704
ba_10776500,sbiz_commercial,,,,,,"{""competitor_count_1km"": 174, ""total_shops_1km"": 883, ""competition_density"": 0.1971, ""lat"": 37.5637577243541, ""lng"": 126.851844528395, ""address_name"": ""서울 강서구 양천로 443-36"", ""region_2depth"": ""강서구"", ""region_3depth"": ""가양동""}",174.0,883.0,0.1971
ba_10798649,sbiz_commercial,,,,,,"{""competitor_count_1km"": 216, ""total_shops_1km"": 1000, ""competition_density"": 0.216, ""lat"": 37.5522129052229, ""lng"": 127.139111737832, ""address_name"": ""서울 강동구 암사길 88"", ""region_2depth"": ""강동구"", ""region_3depth"": ""암사동""}",216.0,1000.0,0.216
ba_10800862,sbiz_commercial,,,,,,"{""competitor_count_1km"": 187, ""total_shops_1km"": 836, ""competition_density"": 0.2237, ""lat"": 37.5025998775959, ""lng"": 127.117028158804, ""address_name"": ""서울 송파구 송이로 29-1"", ""region_2depth"": ""송파구"", ""region_3depth"": ""송파동""}",187.0,836.0,0.2237
ba_10821092,sbiz_commercial,,,,,,"{""competitor_count_1km"": 319, ""total_shops_1km"": 1000, ""competition_density"": 0.319, ""lat"": 37.448287184233, ""lng"": 126.673563254521, ""address_name"": ""인천 미추홀구 인하로 230"", ""region_2depth"": ""미추홀구"", ""region_3depth"": ""주안동""}",319.0,1000.0,0.319
ba_10840065,sbiz_commercial,,,,,,"{""competitor_count_1km"": 92, ""total_shops_1km"": 442, ""competition_density"": 0.2081, ""lat"": 36.8221815172457, ""lng"": 127.125026368694, ""address_name"": ""충남 천안시 서북구 백석3로 134"", ""region_2depth"": ""천안시 서북구"", ""region_3depth"": ""백석동""}",92.0,442.0,0.2081
ba_10841421,sbiz_commercial,,,,,,"{""competitor_count_1km"": 303, ""total_shops_1km"": 914, ""competition_density"": 0.3315, ""lat"": 37.2644887991556, ""lng"": 127.022384959784, ""address_name"": ""경기 수원시 팔달구 세지로152번길 28"", ""region_2depth"": ""수원시 팔달구"", ""region_3depth"": ""인계동""}",303.0,914.0,0.3315
ba_10841883,sbiz_commercial,,,,,,"{""competitor_count_1km"": 200, ""total_shops_1km"": 666, ""competition_density"": 0.3003, ""lat"": 37.3444002049323, ""lng"": 126.815489560568, ""address_name"": ""경기 안산시 단원구 달미로 96-1"", ""region_2depth"": ""안산시 단원구"", ""region_3depth"": ""선부동""}",200.0,666.0,0.3003
ba_10872945,sbiz_commercial,,,,,,"{""competitor_count_1km"": 359, ""total_shops_1km"": 886, ""competition_density"": 0.4052, ""lat"": 35.8819921199643, ""lng"": 128.610522546008, ""address_name"": ""대구 북구 대현로 106"", ""region_2depth"": ""북구"", ""region_3depth"": ""대현동""}",359.0,886.0,0.4052
ba_12014214,sbiz_commercial,,,,,,"{""competitor_count_1km"": 145, ""total_shops_1km"": 479, ""competition_density"": 0.3027, ""lat"": 36.310980627745, ""lng"": 127.456348674156, ""address_name"": ""대전 동구 신기로101번길 30-10"", ""region_2depth"": ""동구"", ""region_3depth"": ""가오동""}",145.0,479.0,0.3027
ba_12015187,sbiz_commercial,,,,,,"{""competitor_count_1km"": 86, ""total_shops_1km"": 410, ""competition_density"": 0.2098, ""lat"": 37.6099259937222, ""lng"": 127.015458405282, ""address_name"": ""서울 성북구 서경로 60"", ""region_2depth"": ""성북구"", ""region_3depth"": ""길음동""}",86.0,410.0,0.2098
ba_12016615,sbiz_commercial,,,,,,"{""competitor_count_1km"": 275, ""total_shops_1km"": 1000, ""competition_density"": 0.275, ""lat"": 35.5436781345636, ""lng"": 129.34123776958, ""address_name"": ""울산 남구 돋질로 334"", ""region_2depth"": ""남구"", ""region_3depth"": ""삼산동""}",275.0,1000.0,0.275
ba_12018905,sbiz_commercial,,,,,,"{""competitor_count_1km"": 47, ""total_shops_1km"": 104, ""competition_density"": 0.4519, ""lat"": 34.9148807191472, ""lng"": 128.655389608083, ""address_name"": ""경남 거제시 연초면 거제북로 48"", ""region_2depth"": ""거제시"", ""region_3depth"": ""연초면 죽토리""}",47.0,104.0,0.4519
ba_12019541,sbiz_commercial,,,,,,"{""competitor_count_1km"": 273, ""total_shops_1km"": 899, ""competition_density"": 0.3037, ""lat"": 35.3145554239251, ""lng"": 129.024546869911, ""address_name"": ""경남 양산시 동면 금오12길 4-5"", ""region_2depth"": ""양산시"", ""region_3depth"": ""동면 석산리""}",273.0,899.0,0.3037
ba_12020564,sbiz_commercial,,,,,,"{""competitor_count_1km"": 372, ""total_shops_1km"": 1000, ""competition_density"": 0.372, ""lat"": 34.8887461243649, ""lng"": 128.624917070427, ""address_name"": ""경남 거제시 고현로11길 14"", ""region_2depth"": ""거제시"", ""region_3depth"": ""고현동""}",372.0,1000.0,0.372
ba_12029686,sbiz_commercial,,,,,,"{""competitor_count_1km"": 320, ""total_shops_1km"": 1000, ""competition_density"": 0.32, ""lat"": 35.0229256589298, ""lng"": 126.790364244183, ""address_name"": ""전남 나주시 상야3길 8"", ""region_2depth"": ""나주시"", ""region_3depth"": ""빛가람동""}",320.0,1000.0,0.32
ba_13003575,sbiz_commercial,,,,,,"{""competitor_count_1km"": 280, ""total_shops_1km"": 1000, ""competition_density"": 0.28, ""lat"": 34.741884464233, ""lng"": 127.731661018498, ""address_name"": ""전남 여수시 충무로 58-19"", ""region_2depth"": ""여수시"", ""region_3depth"": ""충무동""}",280.0,1000.0,0.28
ba_13052096,sbiz_commercial,,,,,,"{""competitor_count_1km"": 273, ""total_shops_1km"": 1000, ""competition_density"": 0.273, ""lat"": 37.4996098900914, ""lng"": 126.887326701216, ""address_name"": ""서울 구로구 구로중앙로28길 31"", ""region_2depth"": ""구로구"", ""region_3depth"": ""구로동""}",273.0,1000.0,0.273
ba_13056957,sbiz_commercial,,,,,,"{""competitor_count_1km"": 257, ""total_shops_1km"": 862, ""competition_density"": 0.2981, ""lat"": 37.5007856895814, ""lng"": 126.670199977602, ""address_name"": ""인천 서구 석남로 78"", ""region_2depth"": ""서구"", ""region_3depth"": ""석남동""}",257.0,862.0,0.2981
ba_13062668,sbiz_commercial,,,,,,"{""competitor_count_1km"": 175, ""total_shops_1km"": 396, ""competition_density"": 0.4419, ""lat"": 36.0967365684443, ""lng"": 129.339746652654, ""address_name"": ""경북 포항시 북구 흥해읍 초곡지구로58번길 2"", ""region_2depth"": ""포항시 북구"", ""region_3depth"": ""흥해읍 초곡리""}",175.0,396.0,0.4419
ba_13076527,sbiz_commercial,,,,,,"{""competitor_count_1km"": 324, ""total_shops_1km"": 1000, ""competition_density"": 0.324, ""lat"": 37.6432046774836, ""lng"": 127.032943371392, ""address_name"": ""서울 도봉구 도봉로110다길 51"", ""region_2depth"": ""도봉구"", ""region_3depth"": ""창동""}",324.0,1000.0,0.324
ba_13081281,sbiz_commercial,,,,,,"{""competitor_count_1km"": 215, ""total_shops_1km"": 1000, ""competition_density"": 0.215, ""lat"": 37.4889731201465, ""lng"": 126.560146046789, ""address_name"": ""인천 중구 자연대로 40"", ""region_2depth"": ""중구"", ""region_3depth"": ""중산동""}",215.0,1000.0,0.215
ba_13085339,sbiz_commercial,,,,,,"{""competitor_count_1km"": 174, ""total_shops_1km"": 883, ""competition_density"": 0.1971, ""lat"": 37.5637577243541, ""lng"": 126.851844528395, ""address_name"": ""서울 강서구 양천로 443-36"", ""region_2depth"": ""강서구"", ""region_3depth"": ""가양동""}",174.0,883.0,0.1971
ba_13103901,sbiz_commercial,,,,,,"{""competitor_count_1km"": 320, ""total_shops_1km"": 1000, ""competition_density"": 0.32, ""lat"": 35.0229256589298, ""lng"": 126.790364244183, ""address_name"": ""전남 나주시 상야3길 8"", ""region_2depth"": ""나주시"", ""region_3depth"": ""빛가람동""}",320.0,1000.0,0.32
ba_13168465,sbiz_commercial,,,,,,"{""competitor_count_1km"": 207, ""total_shops_1km"": 611, ""competition_density"": 0.3388, ""lat"": 35.5650514763926, ""lng"": 129.336658545398, ""address_name"": ""울산 중구 번영로 487"", ""region_2depth"": ""중구"", ""region_3depth"": ""약사동""}",207.0,611.0,0.3388
ba_13181486,sbiz_commercial,,,,,,"{""competitor_count_1km"": 291, ""total_shops_1km"": 1000, ""competition_density"": 0.291, ""lat"": 36.8284219631106, ""lng"": 127.133561671246, ""address_name"": ""충남 천안시 서북구 서부대로 688"", ""region_2depth"": ""천안시 서북구"", ""region_3depth"": ""성정동""}",291.0,1000.0,0.291
ba_13181699,sbiz_commercial,,,,,,"{""competitor_count_1km"": 233, ""total_shops_1km"": 752, ""competition_density"": 0.3098, ""lat"": 37.6540900892458, ""lng"": 126.627572209382, ""address_name"": ""경기 김포시 양촌읍 양곡2로 30"", ""region_2depth"": ""김포시"", ""region_3depth"": ""양촌읍 양곡리""}",233.0,752.0,0.3098
ba_13181719,sbiz_commercial,,,,,,"{""competitor_count_1km"": 221, ""total_shops_1km"": 455, ""competition_density"": 0.4857, ""lat"": 36.0802866738064, ""lng"": 128.411223824924, ""address_name"": ""경북 칠곡군 석적읍 유학로 3"", ""region_2depth"": ""칠곡군"", ""region_3depth"": ""석적읍 중리""}",221.0,455.0,0.4857
ba_13181957,sbiz_commercial,,,,,,"{""competitor_count_1km"": 251, ""total_shops_1km"": 1000, ""competition_density"": 0.251, ""lat"": 36.8182902981075, ""lng"": 127.108956596403, ""address_name"": ""충남 천안시 서북구 불당25로 192"", ""region_2depth"": ""천안시 서북구"", ""region_3depth"": ""불당동""}",251.0,1000.0,0.251
ba_13182018,sbiz_commercial,,,,,,"{""competitor_count_1km"": 232, ""total_shops_1km"": 1000, ""competition_density"": 0.232, ""lat"": 34.9522665598622, ""lng"": 127.483628438803, ""address_name"": ""전남 순천시 중앙로 73"", ""region_2depth"": ""순천시"", ""region_3depth"": ""저전동""}",232.0,1000.0,0.232
ba_13182129,sbiz_commercial,,,,,,"{""competitor_count_1km"": 207, ""total_shops_1km"": 710, ""competition_density"": 0.2915, ""lat"": 36.8017452899725, ""lng"": 127.135586211757, ""address_name"": ""충남 천안시 동남구 순천향3길 41"", ""region_2depth"": ""천안시 동남구"", ""region_3depth"": ""봉명동""}",207.0,710.0,0.2915
ba_13186079,sbiz_commercial,,,,,,"{""competitor_count_1km"": 338, ""total_shops_1km"": 885, ""competition_density"": 0.3819, ""lat"": 37.1597049456844, ""lng"": 127.058399215399, ""address_name"": ""경기 오산시 궐리사로 53"", ""region_2depth"": ""오산시"", ""region_3depth"": ""궐동""}",338.0,885.0,0.3819
ba_13188150,sbiz_commercial,,,,,,"{""competitor_count_1km"": 242, ""total_shops_1km"": 1000, ""competition_density"": 0.242, ""lat"": 33.4923977593965, ""lng"": 126.535549396528, ""address_name"": ""제주특별자치도 제주시 중앙로 320-1"", ""region_2depth"": ""제주시"", ""region_3depth"": ""이도이동""}",242.0,1000.0,0.242
ba_13189796,sbiz_commercial,,,,,,"{""competitor_count_1km"": 188, ""total_shops_1km"": 386, ""competition_density"": 0.487, ""lat"": 36.7992434403326, ""lng"": 127.060126408705, ""address_name"": ""충남 아산시 탕정면 탕정면로 37"", ""region_2depth"": ""아산시"", ""region_3depth"": ""탕정면 명암리""}",188.0,386.0,0.487
ba_13189894,sbiz_commercial,,,,,,"{""competitor_count_1km"": 479, ""total_shops_1km"": 920, ""competition_density"": 0.5207, ""lat"": 35.3285261216246, ""lng"": 129.00908508354, ""address_name"": ""경남 양산시 물금읍 화합2길 8"", ""region_2depth"": ""양산시"", ""region_3depth"": ""물금읍 범어리""}",479.0,920.0,0.5207
ba_13193158,sbiz_commercial,,,,,,"{""competitor_count_1km"": 307, ""total_shops_1km"": 899, ""competition_density"": 0.3415, ""lat"": 37.5925835910401, ""lng"": 126.674980060284, ""address_name"": ""인천 서구 청마로167번길 16"", ""region_2depth"": ""서구"", ""region_3depth"": ""당하동""}",307.0,899.0,0.3415
ba_13199208,sbiz_commercial,,,,,,"{""competitor_count_1km"": 383, ""total_shops_1km"": 782, ""competition_density"": 0.4898, ""lat"": 35.4340691322298, ""lng"": 129.310979864673, ""address_name"": ""울산 울주군 온산읍 덕신로 269"", ""region_2depth"": ""울주군"", ""region_3depth"": ""온산읍 덕신리""}",383.0,782.0,0.4898
ba_13199335,sbiz_commercial,,,,,,"{""competitor_count_1km"": 187, ""total_shops_1km"": 473, ""competition_density"": 0.3953, ""lat"": 35.6447083140515, ""lng"": 129.351259437774, ""address_name"": ""울산 북구 매곡1로 46"", ""region_2depth"": ""북구"", ""region_3depth"": ""매곡동""}",187.0,473.0,0.3953
ba_13199394,sbiz_commercial,,,,,,"{""competitor_count_1km"": 289, ""total_shops_1km"": 1000, ""competition_density"": 0.289, ""lat"": 35.5276606416918, ""lng"": 129.322321681279, ""address_name"": ""울산 남구 수암로149번길 9"", ""region_2depth"": ""남구"", ""region_3depth"": ""야음동""}",289.0,1000.0,0.289
ba_13199864,sbiz_commercial,,,,,,"{""competitor_count_1km"": 274, ""total_shops_1km"": 657, ""competition_density"": 0.417, ""lat"": 35.5393937030189, ""lng"": 129.426497788859, ""address_name"": ""울산 동구 방어진순환도로 1120"", ""region_2depth"": ""동구"", ""region_3depth"": ""서부동""}",274.0,657.0,0.417
ba_13200219,sbiz_commercial,,,,,,"{""competitor_count_1km"": 151, ""total_shops_1km"": 427, ""competition_density"": 0.3536, ""lat"": 37.0146865099432, ""lng"": 127.258481879328, ""address_name"": ""경기 안성시 고수2로 18"", ""region_2depth"": ""안성시"", ""region_3depth"": ""당왕동""}",151.0,427.0,0.3536
ba_13200236,sbiz_commercial,,,,,,"{""competitor_count_1km"": 133, ""total_shops_1km"": 409, ""competition_density"": 0.3252, ""lat"": 37.7116338569202, ""lng"": 127.18677596952, ""address_name"": ""경기 남양주시 진접읍 해밀예당1로 30-9"", ""region_2depth"": ""남양주시"", ""region_3depth"": ""진접읍 금곡리""}",133.0,409.0,0.3252
ba_13203399,sbiz_commercial,,,,,,"{""competitor_count_1km"": 96, ""total_shops_1km"": 220, ""competition_density"": 0.4364, ""lat"": 33.252832994618, ""lng"": 126.502693911398, ""address_name"": ""제주특별자치도 서귀포시 대청로25번길 4"", ""region_2depth"": ""서귀포시"", ""region_3depth"": ""강정동""}",96.0,220.0,0.4364
ba_13207953,sbiz_commercial,,,,,,"{""competitor_count_1km"": 244, ""total_shops_1km"": 1000, ""competition_density"": 0.244, ""lat"": 37.5315136106132, ""lng"": 127.080762180981, ""address_name"": ""서울 광진구 뚝섬로 642"", ""region_2depth"": ""광진구"", ""region_3depth"": ""자양동""}",244.0,1000.0,0.244
ba_13219045,sbiz_commercial,,,,,,"{""competitor_count_1km"": 173, ""total_shops_1km"": 606, ""competition_density"": 0.2855, ""lat"": 37.6080592336237, ""lng"": 127.133355069101, ""address_name"": ""경기 구리시 동구릉로85번길 9"", ""region_2depth"": ""구리시"", ""region_3depth"": ""인창동""}",173.0,606.0,0.2855
ba_13219094,sbiz_commercial,,,,,,"{""competitor_count_1km"": 264, ""total_shops_1km"": 861, ""competition_density"": 0.3066, ""lat"": 37.5861297629714, ""lng"": 127.213647550108, ""address_name"": ""경기 남양주시 와부읍 덕소로97번길 13"", ""region_2depth"": ""남양주시"", ""region_3depth"": ""와부읍 덕소리""}",264.0,861.0,0.3066
ba_13219734,sbiz_commercial,,,,,,"{""competitor_count_1km"": 84, ""total_shops_1km"": 480, ""competition_density"": 0.175, ""lat"": 37.5871900171884, ""lng"": 127.138767963544, ""address_name"": ""경기 구리시 장자대로 74"", ""region_2depth"": ""구리시"", ""region_3depth"": ""수택동""}",84.0,480.0,0.175
ba_13219951,sbiz_commercial,,,,,,"{""competitor_count_1km"": 339, ""total_shops_1km"": 1000, ""competition_density"": 0.339, ""lat"": 34.9525683695545, ""lng"": 127.518875870767, ""address_name"": ""전남 순천시 연향번영길 122"", ""region_2depth"": ""순천시"", ""region_3depth"": ""연향동""}",339.0,1000.0,0.339
ba_13221638,sbiz_commercial,,,,,,"{""competitor_count_1km"": 148, ""total_shops_1km"": 370, ""competition_density"": 0.4, ""lat"": 37.2528336719116, ""lng"": 127.353398791185, ""address_name"": ""경기 이천시 마장면 오천로 49"", ""region_2depth"": ""이천시"", ""region_3depth"": ""마장면 오천리""}",148.0,370.0,0.4
ba_13221865,sbiz_commercial,,,,,,"{""competitor_count_1km"": 319, ""total_shops_1km"": 1000, ""competition_density"": 0.319, ""lat"": 37.2350929624375, ""lng"": 127.201120887894, ""address_name"": ""경기 용인시 처인구 금령로 43"", ""region_2depth"": ""용인시 처인구"", ""region_3depth"": ""김량장동""}",319.0,1000.0,0.319
ba_13221975,sbiz_commercial,,,,,,"{""competitor_count_1km"": 297, ""total_shops_1km"": 979, ""competition_density"": 0.3034, ""lat"": 37.2351162357995, ""lng"": 127.212659089322, ""address_name"": ""경기 용인시 처인구 금령로 147"", ""region_2depth"": ""용인시 처인구"", ""region_3depth"": ""마평동""}",297.0,979.0,0.3034
ba_13222051,sbiz_commercial,,,,,,"{""competitor_count_1km"": 269, ""total_shops_1km"": 1000, ""competition_density"": 0.269, ""lat"": 37.2807652433318, ""lng"": 127.442476607192, ""address_name"": ""경기 이천시 서희로59번길 3-2"", ""region_2depth"": ""이천시"", ""region_3depth"": ""창전동""}",269.0,1000.0,0.269
ba_13222170,sbiz_commercial,,,,,,"{""competitor_count_1km"": 187, ""total_shops_1km"": 467, ""competition_density"": 0.4004, ""lat"": 35.8031959189067, ""lng"": 126.894107565238, ""address_name"": ""전북특별자치도 김제시 동서로 244-1"", ""region_2depth"": ""김제시"", ""region_3depth"": ""요촌동""}",187.0,467.0,0.4004
ba_13222803,sbiz_commercial,,,,,,"{""competitor_count_1km"": 185, ""total_shops_1km"": 786, ""competition_density"": 0.2354, ""lat"": 37.5026311386484, ""lng"": 127.125798271054, ""address_name"": ""서울 송파구 중대로23길 20"", ""region_2depth"": ""송파구"", ""region_3depth"": ""가락동""}",185.0,786.0,0.2354
ba_13223141,sbiz_commercial,,,,,,"{""competitor_count_1km"": 219, ""total_shops_1km"": 838, ""competition_density"": 0.2613, ""lat"": 37.6919282454922, ""lng"": 126.763721531186, ""address_name"": ""경기 고양시 일산서구 일현로 56"", ""region_2depth"": ""고양시 일산서구"", ""region_3depth"": ""탄현동""}",219.0,838.0,0.2613
ba_13223329,sbiz_commercial,,,,,,"{""competitor_count_1km"": 124, ""total_shops_1km"": 474, ""competition_density"": 0.2616, ""lat"": 37.8376897958679, ""lng"": 127.068353902314, ""address_name"": ""경기 양주시 회정로 135"", ""region_2depth"": ""양주시"", ""region_3depth"": ""덕정동""}",124.0,474.0,0.2616
ba_13223367,sbiz_commercial,,,,,,"{""competitor_count_1km"": 173, ""total_shops_1km"": 1000, ""competition_density"": 0.173, ""lat"": 37.5466188165395, ""lng"": 127.05461384793, ""address_name"": ""서울 성동구 아차산로7길 15"", ""region_2depth"": ""성동구"", ""region_3depth"": ""성수동2가""}",173.0,1000.0,0.173
ba_13223504,sbiz_commercial,,,,,,"{""competitor_count_1km"": 84, ""total_shops_1km"": 1000, ""competition_density"": 0.084, ""lat"": 37.4846614982049, ""lng"": 127.120933640924, ""address_name"": ""서울 송파구 송파대로 167"", ""region_2depth"": ""송파구"", ""region_3depth"": ""문정동""}",84.0,1000.0,0.084
ba_13223520,sbiz_commercial,,,,,,"{""competitor_count_1km"": 262, ""total_shops_1km"": 1000, ""competition_density"": 0.262, ""lat"": 37.4694479037512, ""lng"": 126.937672295301, ""address_name"": ""서울 관악구 대학길 30"", ""region_2depth"": ""관악구"", ""region_3depth"": ""신림동""}",262.0,1000.0,0.262
ba_13223538,sbiz_commercial,,,,,,"{""competitor_count_1km"": 411, ""total_shops_1km"": 1000, ""competition_density"": 0.411, ""lat"": 37.4706396653832, ""lng"": 126.62459363545, ""address_name"": ""인천 중구 신포로 18-1"", ""region_2depth"": ""중구"", ""region_3depth"": ""신생동""}",411.0,1000.0,0.411
ba_13223654,sbiz_commercial,,,,,,"{""competitor_count_1km"": 296, ""total_shops_1km"": 1000, ""competition_density"": 0.296, ""lat"": 37.6152019018014, ""lng"": 126.833710478936, ""address_name"": ""경기 고양시 덕양구 충경로 38"", ""region_2depth"": ""고양시 덕양구"", ""region_3depth"": ""행신동""}",296.0,1000.0,0.296
ba_13223711,sbiz_commercial,,,,,,"{""competitor_count_1km"": 324, ""total_shops_1km"": 822, ""competition_density"": 0.3942, ""lat"": 37.5074121629777, ""lng"": 126.959726049367, ""address_name"": ""서울 동작구 흑석로 91"", ""region_2depth"": ""동작구"", ""region_3depth"": ""흑석동""}",324.0,822.0,0.3942
ba_13223885,sbiz_commercial,,,,,,"{""competitor_count_1km"": 316, ""total_shops_1km"": 1000, ""competition_density"": 0.316, ""lat"": 37.4849124857303, ""lng"": 126.932612824501, ""address_name"": ""서울 관악구 남부순환로 1637"", ""region_2depth"": ""관악구"", ""region_3depth"": ""신림동""}",316.0,1000.0,0.316
ba_13224027,sbiz_commercial,,,,,,"{""competitor_count_1km"": 196, ""total_shops_1km"": 1000, ""competition_density"": 0.196, ""lat"": 37.5038138229485, ""lng"": 127.089004805718, ""address_name"": ""서울 송파구 백제고분로 202"", ""region_2depth"": ""송파구"", ""region_3depth"": ""삼전동""}",196.0,1000.0,0.196
ba_13224710,sbiz_commercial,,,,,,"{""competitor_count_1km"": 255, ""total_shops_1km"": 1000, ""competition_density"": 0.255, ""lat"": 37.4055344929481, ""lng"": 126.957463299701, ""address_name"": ""경기 안양시 동안구 관평로 327"", ""region_2depth"": ""안양시 동안구"", ""region_3depth"": ""관양동""}",255.0,1000.0,0.255
ba_13224790,sbiz_commercial,,,,,,"{""competitor_count_1km"": 169, ""total_shops_1km"": 678, ""competition_density"": 0.2493, ""lat"": 37.3963332498728, ""lng"": 126.930746701312, ""address_name"": ""경기 안양시 만안구 태평로60번길 42"", ""region_2depth"": ""안양시 만안구"", ""region_3depth"": ""안양동""}",169.0,678.0,0.2493
ba_13224802,sbiz_commercial,,,,,,"{""competitor_count_1km"": 308, ""total_shops_1km"": 1000, ""competition_density"": 0.308, ""lat"": 37.4027648082941, ""lng"": 126.911530821383, ""address_name"": ""경기 안양시 만안구 박달로 529"", ""region_2depth"": ""안양시 만안구"", ""region_3depth"": ""박달동""}",308.0,1000.0,0.308
ba_13224833,sbiz_commercial,,,,,,"{""competitor_count_1km"": 326, ""total_shops_1km"": 1000, ""competition_density"": 0.326, ""lat"": 37.3872335938566, ""lng"": 126.930661912863, ""address_name"": ""경기 안양시 만안구 안양로 145"", ""region_2depth"": ""안양시 만안구"", ""region_3depth"": ""안양동""}",326.0,1000.0,0.326
ba_13224844,sbiz_commercial,,,,,,"{""competitor_count_1km"": 303, ""total_shops_1km"": 1000, ""competition_density"": 0.303, ""lat"": 37.3930187793518, ""lng"": 126.962287233607, ""address_name"": ""경기 안양시 동안구 관평로170번길 33"", ""region_2depth"": ""안양시 동안구"", ""region_3depth"": ""관양동""}",303.0,1000.0,0.303
ba_13225746,sbiz_commercial,,,,,,"{""competitor_count_1km"": 151, ""total_shops_1km"": 438, ""competition_density"": 0.3447, ""lat"": 37.7025460251003, ""lng"": 126.901602355396, ""address_name"": ""경기 고양시 덕양구 혜음로 21"", ""region_2depth"": ""고양시 덕양구"", ""region_3depth"": ""고양동""}",151.0,438.0,0.3447
ba_13225754,sbiz_commercial,,,,,,"{""competitor_count_1km"": 195, ""total_shops_1km"": 1000, ""competition_density"": 0.195, ""lat"": 37.6632813473705, ""lng"": 126.768184436056, ""address_name"": ""경기 고양시 일산동구 무궁화로 37"", ""region_2depth"": ""고양시 일산동구"", ""region_3depth"": ""장항동""}",195.0,1000.0,0.195
ba_13225842,sbiz_commercial,,,,,,"{""competitor_count_1km"": 290, ""total_shops_1km"": 1000, ""competition_density"": 0.29, ""lat"": 37.4743212619775, ""lng"": 126.630193482099, ""address_name"": ""인천 중구 우현로83번길 1"", ""region_2depth"": ""중구"", ""region_3depth"": ""인현동""}",290.0,1000.0,0.29
ba_13225939,sbiz_commercial,,,,,,"{""competitor_count_1km"": 394, ""total_shops_1km"": 1000, ""competition_density"": 0.394, ""lat"": 34.8941251545205, ""lng"": 128.692516019801, ""address_name"": ""경남 거제시 옥포대첩로 45"", ""region_2depth"": ""거제시"", ""region_3depth"": ""옥포동""}",394.0,1000.0,0.394
ba_13226530,sbiz_commercial,,,,,,"{""competitor_count_1km"": 281, ""total_shops_1km"": 1000, ""competition_density"": 0.281, ""lat"": 37.5328851583631, ""lng"": 126.864166285292, ""address_name"": ""서울 양천구 등촌로 32"", ""region_2depth"": ""양천구"", ""region_3depth"": ""목동""}",281.0,1000.0,0.281
ba_13226546,sbiz_commercial,,,,,,"{""competitor_count_1km"": 294, ""total_shops_1km"": 759, ""competition_density"": 0.3874, ""lat"": 35.099655049115, ""lng"": 129.019025279796, ""address_name"": ""부산 서구 까치고개로 212-1"", ""region_2depth"": ""서구"", ""region_3depth"": ""아미동1가""}",294.0,759.0,0.3874
ba_13226567,sbiz_commercial,,,,,,"{""competitor_count_1km"": 211, ""total_shops_1km"": 1000, ""competition_density"": 0.211, ""lat"": 37.5210758406008, ""lng"": 126.859937727936, ""address_name"": ""서울 양천구 은행정로 16"", ""region_2depth"": ""양천구"", ""region_3depth"": ""신정동""}",211.0,1000.0,0.211
ba_13226580,sbiz_commercial,,,,,,"{""competitor_count_1km"": 278, ""total_shops_1km"": 1000, ""competition_density"": 0.278, ""lat"": 37.548060698097, ""lng"": 126.863548838253, ""address_name"": ""서울 양천구 등촌로 206"", ""region_2depth"": ""양천구"", ""region_3depth"": ""목동""}",278.0,1000.0,0.278
ba_13226670,sbiz_commercial,,,,,,"{""competitor_count_1km"": 409, ""total_shops_1km"": 1000, ""competition_density"": 0.409, ""lat"": 35.0914346912333, ""lng"": 129.043727042319, ""address_name"": ""부산 영도구 태종로 127-1"", ""region_2depth"": ""영도구"", ""region_3depth"": ""영선동1가""}",409.0,1000.0,0.409
ba_13226843,sbiz_commercial,,,,,,"{""competitor_count_1km"": 119, ""total_shops_1km"": 392, ""competition_density"": 0.3036, ""lat"": 35.1554783619337, ""lng"": 129.039157640643, ""address_name"": ""부산 부산진구 가야대로 613"", ""region_2depth"": ""부산진구"", ""region_3depth"": ""가야동""}",119.0,392.0,0.3036
ba_13226851,sbiz_commercial,,,,,,"{""competitor_count_1km"": 287, ""total_shops_1km"": 761, ""competition_density"": 0.3771, ""lat"": 35.130932337702, ""lng"": 129.049289302737, ""address_name"": ""부산 동구 좌천남로 25"", ""region_2depth"": ""동구"", ""region_3depth"": ""좌천동""}",287.0,761.0,0.3771
ba_13226860,sbiz_commercial,,,,,,"{""competitor_count_1km"": 295, ""total_shops_1km"": 1000, ""competition_density"": 0.295, ""lat"": 35.1552693916682, ""lng"": 129.062529883987, ""address_name"": ""부산 부산진구 동천로 74"", ""region_2depth"": ""부산진구"", ""region_3depth"": ""전포동""}",295.0,1000.0,0.295
ba_13226947,sbiz_commercial,,,,,,"{""competitor_count_1km"": 117, ""total_shops_1km"": 1000, ""competition_density"": 0.117, ""lat"": 35.1909415917206, ""lng"": 129.075097008214, ""address_name"": ""부산 연제구 법원남로10번길 7"", ""region_2depth"": ""연제구"", ""region_3depth"": ""거제동""}",117.0,1000.0,0.117
ba_13227070,sbiz_commercial,,,,,,"{""competitor_count_1km"": 197, ""total_shops_1km"": 467, ""competition_density"": 0.4218, ""lat"": 35.0867316922679, ""lng"": 128.877759571621, ""address_name"": ""부산 강서구 신호이로27번길 3"", ""region_2depth"": ""강서구"", ""region_3depth"": ""신호동""}",197.0,467.0,0.4218
ba_13227516,sbiz_commercial,,,,,,"{""competitor_count_1km"": 345, ""total_shops_1km"": 1000, ""competition_density"": 0.345, ""lat"": 35.2025708072097, ""lng"": 129.082531783464, ""address_name"": ""부산 동래구 충렬대로 211"", ""region_2depth"": ""동래구"", ""region_3depth"": ""명륜동""}",345.0,1000.0,0.345
ba_13227543,sbiz_commercial,,,,,,"{""competitor_count_1km"": 301, ""total_shops_1km"": 1000, ""competition_density"": 0.301, ""lat"": 35.13318429166, ""lng"": 129.100891727474, ""address_name"": ""부산 남구 용소로 46-1"", ""region_2depth"": ""남구"", ""region_3depth"": ""대연동""}",301.0,1000.0,0.301
ba_13227659,sbiz_commercial,,,,,,"{""competitor_count_1km"": 355, ""total_shops_1km"": 1000, ""competition_density"": 0.355, ""lat"": 35.0993954453172, ""lng"": 128.991721294482, ""address_name"": ""부산 사하구 낙동대로 231"", ""region_2depth"": ""사하구"", ""region_3depth"": ""괴정동""}",355.0,1000.0,0.355
ba_13227696,sbiz_commercial,,,,,,"{""competitor_count_1km"": 383, ""total_shops_1km"": 1000, ""competition_density"": 0.383, ""lat"": 35.2211719490401, ""lng"": 129.085522588953, ""address_name"": ""부산 동래구 중앙대로 1523"", ""region_2depth"": ""동래구"", ""region_3depth"": ""온천동""}",383.0,1000.0,0.383
ba_13228166,sbiz_commercial,,,,,,"{""competitor_count_1km"": 182, ""total_shops_1km"": 423, ""competition_density"": 0.4303, ""lat"": 37.1400294184377, ""lng"": 128.199121079275, ""address_name"": ""충북 제천시 하소로 42"", ""region_2depth"": ""제천시"", ""region_3depth"": ""하소동""}",182.0,423.0,0.4303
ba_13228453,sbiz_commercial,,,,,,"{""competitor_count_1km"": 220, ""total_shops_1km"": 795, ""competition_density"": 0.2767, ""lat"": 35.0978294987286, ""lng"": 128.91888769212, ""address_name"": ""부산 강서구 명지국제8로 240"", ""region_2depth"": ""강서구"", ""region_3depth"": ""명지동""}",220.0,795.0,0.2767
ba_13228520,sbiz_commercial,,,,,,"{""competitor_count_1km"": 308, ""total_shops_1km"": 1000, ""competition_density"": 0.308, ""lat"": 37.4310560291265, ""lng"": 127.128641786457, ""address_name"": ""경기 성남시 중원구 성남대로 1133"", ""region_2depth"": ""성남시 중원구"", ""region_3depth"": ""성남동""}",308.0,1000.0,0.308
ba_13228647,sbiz_commercial,,,,,,"{""competitor_count_1km"": 120, ""total_shops_1km"": 327, ""competition_density"": 0.367, ""lat"": 36.3281694962235, ""lng"": 127.454835782013, ""address_name"": ""대전 동구 계족로140번길 191"", ""region_2depth"": ""동구"", ""region_3depth"": ""용운동""}",120.0,327.0,0.367
ba_13228668,sbiz_commercial,,,,,,"{""competitor_count_1km"": 248, ""total_shops_1km"": 1000, ""competition_density"": 0.248, ""lat"": 36.3534744900415, ""lng"": 127.34059446686, ""address_name"": ""대전 유성구 계룡로 92"", ""region_2depth"": ""유성구"", ""region_3depth"": ""봉명동""}",248.0,1000.0,0.248
ba_13228675,sbiz_commercial,,,,,,"{""competitor_count_1km"": 298, ""total_shops_1km"": 909, ""competition_density"": 0.3278, ""lat"": 36.3987186843063, ""lng"": 127.404571341482, ""address_name"": ""대전 유성구 엑스포로 475"", ""region_2depth"": ""유성구"", ""region_3depth"": ""전민동""}",298.0,909.0,0.3278
ba_13228677,sbiz_commercial,,,,,,"{""competitor_count_1km"": 334, ""total_shops_1km"": 903, ""competition_density"": 0.3699, ""lat"": 36.6495286238685, ""lng"": 127.460534073013, ""address_name"": ""충북 청주시 흥덕구 백봉로223번길 2"", ""region_2depth"": ""청주시 흥덕구"", ""region_3depth"": ""봉명동""}",334.0,903.0,0.3699
ba_13228869,sbiz_commercial,,,,,,"{""competitor_count_1km"": 116, ""total_shops_1km"": 369, ""competition_density"": 0.3144, ""lat"": 36.3167524350527, ""lng"": 127.459187356192, ""address_name"": ""대전 동구 옥천로 168"", ""region_2depth"": ""동구"", ""region_3depth"": ""판암동""}",116.0,369.0,0.3144
ba_13228874,sbiz_commercial,,,,,,"{""competitor_count_1km"": 237, ""total_shops_1km"": 1000, ""competition_density"": 0.237, ""lat"": 36.635233733049, ""lng"": 127.49023666946, ""address_name"": ""충북 청주시 상당구 상당로 77-4"", ""region_2depth"": ""청주시 상당구"", ""region_3depth"": ""북문로1가""}",237.0,1000.0,0.237
ba_13228878,sbiz_commercial,,,,,,"{""competitor_count_1km"": 168, ""total_shops_1km"": 751, ""competition_density"": 0.2237, ""lat"": 36.3128854209416, ""lng"": 127.381016127515, ""address_name"": ""대전 서구 도산로 42"", ""region_2depth"": ""서구"", ""region_3depth"": ""도마동""}",168.0,751.0,0.2237
ba_13228909,sbiz_commercial,,,,,,"{""competitor_count_1km"": 356, ""total_shops_1km"": 1000, ""competition_density"": 0.356, ""lat"": 36.6352314110129, ""lng"": 127.461326470198, ""address_name"": ""충북 청주시 서원구 사직대로 125-1"", ""region_2depth"": ""청주시 서원구"", ""region_3depth"": ""사창동""}",356.0,1000.0,0.356
ba_13228939,sbiz_commercial,,,,,,"{""competitor_count_1km"": 67, ""total_shops_1km"": 273, ""competition_density"": 0.2454, ""lat"": 37.4539609978174, ""lng"": 127.149957844995, ""address_name"": ""경기 성남시 수정구 수정로 340"", ""region_2depth"": ""성남시 수정구"", ""region_3depth"": ""산성동""}",67.0,273.0,0.2454
ba_13228945,sbiz_commercial,,,,,,"{""competitor_count_1km"": 176, ""total_shops_1km"": 604, ""competition_density"": 0.2914, ""lat"": 36.3000787144224, ""lng"": 127.319833858482, ""address_name"": ""대전 유성구 원내로 37"", ""region_2depth"": ""유성구"", ""region_3depth"": ""원내동""}",176.0,604.0,0.2914
ba_13228978,sbiz_commercial,,,,,,"{""competitor_count_1km"": 122, ""total_shops_1km"": 488, ""competition_density"": 0.25, ""lat"": 37.5506049289469, ""lng"": 126.674478463639, ""address_name"": ""인천 서구 서곶로369번길 22"", ""region_2depth"": ""서구"", ""region_3depth"": ""연희동""}",122.0,488.0,0.25
ba_13228993,sbiz_commercial,,,,,,"{""competitor_count_1km"": 133, ""total_shops_1km"": 880, ""competition_density"": 0.1511, ""lat"": 37.1938009796746, ""lng"": 127.074021746385, ""address_name"": ""경기 화성시 동탄구 동탄솔빛로 58"", ""region_2depth"": ""화성시 동탄구"", ""region_3depth"": ""반송동""}",133.0,880.0,0.1511
ba_13229107,sbiz_commercial,,,,,,"{""competitor_count_1km"": 425, ""total_shops_1km"": 991, ""competition_density"": 0.4289, ""lat"": 36.4240928090645, ""lng"": 127.388998949035, ""address_name"": ""대전 유성구 테크노4로 119"", ""region_2depth"": ""유성구"", ""region_3depth"": ""관평동""}",425.0,991.0,0.4289
ba_13229152,sbiz_commercial,,,,,,"{""competitor_count_1km"": 143, ""total_shops_1km"": 461, ""competition_density"": 0.3102, ""lat"": 35.1283422819594, ""lng"": 128.972817699522, ""address_name"": ""부산 사상구 엄궁북로 24"", ""region_2depth"": ""사상구"", ""region_3depth"": ""엄궁동""}",143.0,461.0,0.3102
ba_13229173,sbiz_commercial,,,,,,"{""competitor_count_1km"": 332, ""total_shops_1km"": 906, ""competition_density"": 0.3664, ""lat"": 35.9430755278709, ""lng"": 128.563237034045, ""address_name"": ""대구 북구 학정로 429"", ""region_2depth"": ""북구"", ""region_3depth"": ""동천동""}",332.0,906.0,0.3664
ba_13229184,sbiz_commercial,,,,,,"{""competitor_count_1km"": 324, ""total_shops_1km"": 890, ""competition_density"": 0.364, ""lat"": 35.8989133854091, ""lng"": 128.61251901581, ""address_name"": ""대구 북구 동북로 163"", ""region_2depth"": ""북구"", ""region_3depth"": ""산격동""}",324.0,890.0,0.364
ba_13229527,sbiz_commercial,,,,,,"{""competitor_count_1km"": 282, ""total_shops_1km"": 980, ""competition_density"": 0.2878, ""lat"": 36.4127130446604, ""lng"": 128.159828973065, ""address_name"": ""경북 상주시 상산로 246"", ""region_2depth"": ""상주시"", ""region_3depth"": ""남성동""}",282.0,980.0,0.2878
ba_13229560,sbiz_commercial,,,,,,"{""competitor_count_1km"": 113, ""total_shops_1km"": 601, ""competition_density"": 0.188, ""lat"": 37.5155233352627, ""lng"": 126.861400362893, ""address_name"": ""서울 양천구 목동동로 55"", ""region_2depth"": ""양천구"", ""region_3depth"": ""신정동""}",113.0,601.0,0.188
ba_13229747,sbiz_commercial,,,,,,"{""competitor_count_1km"": 242, ""total_shops_1km"": 1000, ""competition_density"": 0.242, ""lat"": 35.2279255009738, ""lng"": 128.678665324857, ""address_name"": ""경남 창원시 성산구 용지로133번길 13"", ""region_2depth"": ""창원시 성산구"", ""region_3depth"": ""중앙동""}",242.0,1000.0,0.242
ba_13229858,sbiz_commercial,,,,,,"{""competitor_count_1km"": 83, ""total_shops_1km"": 353, ""competition_density"": 0.2351, ""lat"": 35.2355640470848, ""lng"": 128.670995082998, ""address_name"": ""경남 창원시 성산구 반송로 148-16"", ""region_2depth"": ""창원시 성산구"", ""region_3depth"": ""반림동""}",83.0,353.0,0.2351
ba_13229960,sbiz_commercial,,,,,,"{""competitor_count_1km"": 334, ""total_shops_1km"": 883, ""competition_density"": 0.3783, ""lat"": 35.2648785842267, ""lng"": 128.624885505035, ""address_name"": ""경남 창원시 의창구 읍성로 64"", ""region_2depth"": ""창원시 의창구"", ""region_3depth"": ""소답동""}",334.0,883.0,0.3783
ba_13229975,sbiz_commercial,,,,,,"{""competitor_count_1km"": 107, ""total_shops_1km"": 434, ""competition_density"": 0.2465, ""lat"": 37.2945222013576, ""lng"": 127.119910300319, ""address_name"": ""경기 용인시 기흥구 구성로 93"", ""region_2depth"": ""용인시 기흥구"", ""region_3depth"": ""언남동""}",107.0,434.0,0.2465
ba_13230007,sbiz_commercial,,,,,,"{""competitor_count_1km"": 163, ""total_shops_1km"": 676, ""competition_density"": 0.2411, ""lat"": 37.3353685707908, ""lng"": 127.108248741004, ""address_name"": ""경기 용인시 수지구 용구대로2801번길 7"", ""region_2depth"": ""용인시 수지구"", ""region_3depth"": ""죽전동""}",163.0,676.0,0.2411
ba_13230502,sbiz_commercial,,,,,,"{""competitor_count_1km"": 225, ""total_shops_1km"": 806, ""competition_density"": 0.2792, ""lat"": 37.2165638073995, ""lng"": 126.958837901637, ""address_name"": ""경기 화성시 효행구 봉담읍 동화길 91"", ""region_2depth"": ""화성시 효행구"", ""region_3depth"": ""봉담읍 동화리""}",225.0,806.0,0.2792
ba_13230793,sbiz_commercial,,,,,,"{""competitor_count_1km"": 206, ""total_shops_1km"": 1000, ""competition_density"": 0.206, ""lat"": 37.4829872437692, ""lng"": 126.901044613333, ""address_name"": ""서울 구로구 시흥대로 557"", ""region_2depth"": ""구로구"", ""region_3depth"": ""구로동""}",206.0,1000.0,0.206
ba_13230813,sbiz_commercial,,,,,,"{""competitor_count_1km"": 30, ""total_shops_1km"": 169, ""competition_density"": 0.1775, ""lat"": 37.2964421377438, ""lng"": 127.152128317283, ""address_name"": ""경기 용인시 기흥구 구성3로28번길 32"", ""region_2depth"": ""용인시 기흥구"", ""region_3depth"": ""청덕동""}",30.0,169.0,0.1775
ba_13230824,sbiz_commercial,,,,,,"{""competitor_count_1km"": 141, ""total_shops_1km"": 1000, ""competition_density"": 0.141, ""lat"": 37.4745325914718, ""lng"": 126.889614189767, ""address_name"": ""서울 금천구 디지털로10길 78"", ""region_2depth"": ""금천구"", ""region_3depth"": ""가산동""}",141.0,1000.0,0.141
ba_13230834,sbiz_commercial,,,,,,"{""competitor_count_1km"": 288, ""total_shops_1km"": 1000, ""competition_density"": 0.288, ""lat"": 37.3957153799876, ""lng"": 126.650955929786, ""address_name"": ""인천 연수구 컨벤시아대로 69"", ""region_2depth"": ""연수구"", ""region_3depth"": ""송도동""}",288.0,1000.0,0.288
ba_13230838,sbiz_commercial,,,,,,"{""competitor_count_1km"": 317, ""total_shops_1km"": 1000, ""competition_density"": 0.317, ""lat"": 37.4546966422001, ""lng"": 126.899924672511, ""address_name"": ""서울 금천구 금하로 619"", ""region_2depth"": ""금천구"", ""region_3depth"": ""시흥동""}",317.0,1000.0,0.317
ba_13230846,sbiz_commercial,,,,,,"{""competitor_count_1km"": 243, ""total_shops_1km"": 818, ""competition_density"": 0.2971, ""lat"": 37.2743515816913, ""lng"": 126.973602349196, ""address_name"": ""경기 수원시 권선구 탑동로 61"", ""region_2depth"": ""수원시 권선구"", ""region_3depth"": ""탑동""}",243.0,818.0,0.2971
ba_13230879,sbiz_commercial,,,,,,"{""competitor_count_1km"": 236, ""total_shops_1km"": 869, ""competition_density"": 0.2716, ""lat"": 37.4923139298295, ""lng"": 126.908762321571, ""address_name"": ""서울 영등포구 시흥대로 681"", ""region_2depth"": ""영등포구"", ""region_3depth"": ""대림동""}",236.0,869.0,0.2716
ba_13230903,sbiz_commercial,,,,,,"{""competitor_count_1km"": 261, ""total_shops_1km"": 637, ""competition_density"": 0.4097, ""lat"": 37.3542509037182, ""lng"": 126.723528822124, ""address_name"": ""경기 시흥시 정왕대로 64"", ""region_2depth"": ""시흥시"", ""region_3depth"": ""정왕동""}",261.0,637.0,0.4097
ba_13230921,sbiz_commercial,,,,,,"{""competitor_count_1km"": 290, ""total_shops_1km"": 1000, ""competition_density"": 0.29, ""lat"": 37.5174631210953, ""lng"": 126.896493699106, ""address_name"": ""서울 영등포구 당산로 34"", ""region_2depth"": ""영등포구"", ""region_3depth"": ""문래동3가""}",290.0,1000.0,0.29
ba_13230969,sbiz_commercial,,,,,,"{""competitor_count_1km"": 161, ""total_shops_1km"": 1000, ""competition_density"": 0.161, ""lat"": 37.3319506528556, ""lng"": 127.122428258973, ""address_name"": ""경기 용인시 수지구 현암로 119"", ""region_2depth"": ""용인시 수지구"", ""region_3depth"": ""죽전동""}",161.0,1000.0,0.161
ba_13231050,sbiz_commercial,,,,,,"{""competitor_count_1km"": 206, ""total_shops_1km"": 1000, ""competition_density"": 0.206, ""lat"": 37.3116310202154, ""lng"": 126.827782579331, ""address_name"": ""경기 안산시 단원구 광덕서로 78"", ""region_2depth"": ""안산시 단원구"", ""region_3depth"": ""고잔동""}",206.0,1000.0,0.206
ba_13231120,sbiz_commercial,,,,,,"{""competitor_count_1km"": 282, ""total_shops_1km"": 1000, ""competition_density"": 0.282, ""lat"": 37.2932984626109, ""lng"": 126.864439439801, ""address_name"": ""경기 안산시 상록구 석호로 306"", ""region_2depth"": ""안산시 상록구"", ""region_3depth"": ""본오동""}",282.0,1000.0,0.282
ba_13231147,sbiz_commercial,,,,,,"{""competitor_count_1km"": 47, ""total_shops_1km"": 257, ""competition_density"": 0.1829, ""lat"": 37.3789877482576, ""lng"": 126.64597274618, ""address_name"": ""인천 연수구 인천타워대로54번길 9"", ""region_2depth"": ""연수구"", ""region_3depth"": ""송도동""}",47.0,257.0,0.1829
ba_13231157,sbiz_commercial,,,,,,"{""competitor_count_1km"": 273, ""total_shops_1km"": 1000, ""competition_density"": 0.273, ""lat"": 37.2645621708036, ""lng"": 127.033368683767, ""address_name"": ""경기 수원시 팔달구 인계로166번길 48-21"", ""region_2depth"": ""수원시 팔달구"", ""region_3depth"": ""인계동""}",273.0,1000.0,0.273
ba_13231195,sbiz_commercial,,,,,,"{""competitor_count_1km"": 188, ""total_shops_1km"": 698, ""competition_density"": 0.2693, ""lat"": 37.3005172719007, ""lng"": 127.044027900801, ""address_name"": ""경기 수원시 영통구 대학로 47"", ""region_2depth"": ""수원시 영통구"", ""region_3depth"": ""이의동""}",188.0,698.0,0.2693
ba_13231218,sbiz_commercial,,,,,,"{""competitor_count_1km"": 36, ""total_shops_1km"": 148, ""competition_density"": 0.2432, ""lat"": 37.3909802061438, ""lng"": 126.813864967686, ""address_name"": ""경기 시흥시 연성로 93"", ""region_2depth"": ""시흥시"", ""region_3depth"": ""하상동""}",36.0,148.0,0.2432
ba_13231481,sbiz_commercial,,,,,,"{""competitor_count_1km"": 152, ""total_shops_1km"": 565, ""competition_density"": 0.269, ""lat"": 37.4484546823205, ""lng"": 126.884040346294, ""address_name"": ""경기 광명시 금하로 464"", ""region_2depth"": ""광명시"", ""region_3depth"": ""소하동""}",152.0,565.0,0.269
ba_13231795,sbiz_commercial,,,,,,"{""competitor_count_1km"": 247, ""total_shops_1km"": 921, ""competition_density"": 0.2682, ""lat"": 37.463507034665, ""lng"": 126.695573689894, ""address_name"": ""인천 남동구 주안로 231"", ""region_2depth"": ""남동구"", ""region_3depth"": ""간석동""}",247.0,921.0,0.2682
ba_13231958,sbiz_commercial,,,,,,"{""competitor_count_1km"": 123, ""total_shops_1km"": 339, ""competition_density"": 0.3628, ""lat"": 37.3974223046224, ""lng"": 126.636641328932, ""address_name"": ""인천 연수구 센트럴로 232"", ""region_2depth"": ""연수구"", ""region_3depth"": ""송도동""}",123.0,339.0,0.3628
ba_13232110,sbiz_commercial,,,,,,"{""competitor_count_1km"": 287, ""total_shops_1km"": 813, ""competition_density"": 0.353, ""lat"": 35.1865320046354, ""lng"": 129.106847929377, ""address_name"": ""부산 연제구 과정로 169"", ""region_2depth"": ""연제구"", ""region_3depth"": ""연산동""}",287.0,813.0,0.353
ba_13232134,sbiz_commercial,,,,,,"{""competitor_count_1km"": 88, ""total_shops_1km"": 381, ""competition_density"": 0.231, ""lat"": 35.1788237634147, ""lng"": 126.824016292139, ""address_name"": ""광주 광산구 하남대로 278-1"", ""region_2depth"": ""광산구"", ""region_3depth"": ""운남동""}",88.0,381.0,0.231
ba_13232348,sbiz_commercial,,,,,,"{""competitor_count_1km"": 94, ""total_shops_1km"": 259, ""competition_density"": 0.3629, ""lat"": 35.1483187590981, ""lng"": 126.779155952524, ""address_name"": ""광주 광산구 선운중앙로 65"", ""region_2depth"": ""광산구"", ""region_3depth"": ""선암동""}",94.0,259.0,0.3629
ba_13232508,sbiz_commercial,,,,,,"{""competitor_count_1km"": 326, ""total_shops_1km"": 806, ""competition_density"": 0.4045, ""lat"": 35.2427963678404, ""lng"": 128.903719170435, ""address_name"": ""경남 김해시 인제로 159"", ""region_2depth"": ""김해시"", ""region_3depth"": ""어방동""}",326.0,806.0,0.4045
ba_13233027,sbiz_commercial,,,,,,"{""competitor_count_1km"": 231, ""total_shops_1km"": 890, ""competition_density"": 0.2596, ""lat"": 37.5028247384363, ""lng"": 126.849452523363, ""address_name"": ""서울 구로구 고척로 141"", ""region_2depth"": ""구로구"", ""region_3depth"": ""고척동""}",231.0,890.0,0.2596
ba_13233115,sbiz_commercial,,,,,,"{""competitor_count_1km"": 259, ""total_shops_1km"": 658, ""competition_density"": 0.3936, ""lat"": 35.8929944293614, ""lng"": 128.620418960308, ""address_name"": ""대구 북구 동북로 280"", ""region_2depth"": ""북구"", ""region_3depth"": ""복현동""}",259.0,658.0,0.3936
ba_13233212,sbiz_commercial,,,,,,"{""competitor_count_1km"": 434, ""total_shops_1km"": 1000, ""competition_density"": 0.434, ""lat"": 34.8567593945961, ""lng"": 128.426594779622, ""address_name"": ""경남 통영시 원문로 11"", ""region_2depth"": ""통영시"", ""region_3depth"": ""북신동""}",434.0,1000.0,0.434
ba_13233433,sbiz_commercial,,,,,,"{""competitor_count_1km"": 325, ""total_shops_1km"": 878, ""competition_density"": 0.3702, ""lat"": 35.8393378410939, ""lng"": 128.575429491237, ""address_name"": ""대구 남구 대명로 161"", ""region_2depth"": ""남구"", ""region_3depth"": ""대명동""}",325.0,878.0,0.3702
ba_13233436,sbiz_commercial,,,,,,"{""competitor_count_1km"": 153, ""total_shops_1km"": 551, ""competition_density"": 0.2777, ""lat"": 35.8383796723783, ""lng"": 128.598968865541, ""address_name"": ""대구 남구 효성로 58"", ""region_2depth"": ""남구"", ""region_3depth"": ""봉덕동""}",153.0,551.0,0.2777
ba_13233445,sbiz_commercial,,,,,,"{""competitor_count_1km"": 172, ""total_shops_1km"": 320, ""competition_density"": 0.5375, ""lat"": 34.7614343881434, ""lng"": 127.639576538342, ""address_name"": ""전남 여수시 소라면 죽림로 5"", ""region_2depth"": ""여수시"", ""region_3depth"": ""소라면 죽림리""}",172.0,320.0,0.5375
ba_13233448,sbiz_commercial,,,,,,"{""competitor_count_1km"": 118, ""total_shops_1km"": 447, ""competition_density"": 0.264, ""lat"": 35.8281192474824, ""lng"": 128.53169055444, ""address_name"": ""대구 달서구 학산로7길 5"", ""region_2depth"": ""달서구"", ""region_3depth"": ""월성동""}",118.0,447.0,0.264
ba_13233454,sbiz_commercial,,,,,,"{""competitor_count_1km"": 132, ""total_shops_1km"": 338, ""competition_density"": 0.3905, ""lat"": 36.7848344257839, ""lng"": 126.445409689756, ""address_name"": ""충남 서산시 부춘1로 36"", ""region_2depth"": ""서산시"", ""region_3depth"": ""읍내동""}",132.0,338.0,0.3905
ba_13233457,sbiz_commercial,,,,,,"{""competitor_count_1km"": 196, ""total_shops_1km"": 692, ""competition_density"": 0.2832, ""lat"": 35.8501292765145, ""lng"": 128.530126305596, ""address_name"": ""대구 달서구 용산로 141"", ""region_2depth"": ""달서구"", ""region_3depth"": ""용산동""}",196.0,692.0,0.2832
ba_13233463,sbiz_commercial,,,,,,"{""competitor_count_1km"": 366, ""total_shops_1km"": 742, ""competition_density"": 0.4933, ""lat"": 35.8856777707623, ""lng"": 128.581743538712, ""address_name"": ""대구 북구 원대로 91"", ""region_2depth"": ""북구"", ""region_3depth"": ""노원동1가""}",366.0,742.0,0.4933
ba_13233466,sbiz_commercial,,,,,,"{""competitor_count_1km"": 116, ""total_shops_1km"": 436, ""competition_density"": 0.2661, ""lat"": 35.809946725376, ""lng"": 128.51305240127, ""address_name"": ""대구 달성군 화원읍 비슬로 2727"", ""region_2depth"": ""달성군"", ""region_3depth"": ""화원읍 구라리""}",116.0,436.0,0.2661
ba_13233483,sbiz_commercial,,,,,,"{""competitor_count_1km"": 118, ""total_shops_1km"": 418, ""competition_density"": 0.2823, ""lat"": 35.8101516366143, ""lng"": 128.757846838059, ""address_name"": ""경북 경산시 백양로32길 18"", ""region_2depth"": ""경산시"", ""region_3depth"": ""사동""}",118.0,418.0,0.2823
ba_13233484,sbiz_commercial,,,,,,"{""competitor_count_1km"": 426, ""total_shops_1km"": 1000, ""competition_density"": 0.426, ""lat"": 35.1913335619452, ""lng"": 128.121808122818, ""address_name"": ""경남 진주시 도동로 235"", ""region_2depth"": ""진주시"", ""region_3depth"": ""하대동""}",426.0,1000.0,0.426
ba_13233506,sbiz_commercial,,,,,,"{""competitor_count_1km"": 64, ""total_shops_1km"": 223, ""competition_density"": 0.287, ""lat"": 34.95490254608, ""lng"": 127.690059619637, ""address_name"": ""전남 광양시 진등5길 14"", ""region_2depth"": ""광양시"", ""region_3depth"": ""마동""}",64.0,223.0,0.287
ba_13233554,sbiz_commercial,,,,,,"{""competitor_count_1km"": 90, ""total_shops_1km"": 270, ""competition_density"": 0.3333, ""lat"": 35.8743960277804, ""lng"": 128.497028669333, ""address_name"": ""대구 달성군 다사읍 서재로 121"", ""region_2depth"": ""달성군"", ""region_3depth"": ""다사읍 서재리""}",90.0,270.0,0.3333
ba_13233575,sbiz_commercial,,,,,,"{""competitor_count_1km"": 304, ""total_shops_1km"": 1000, ""competition_density"": 0.304, ""lat"": 35.8352626824906, ""lng"": 128.622483651949, ""address_name"": ""대구 수성구 상화로 142"", ""region_2depth"": ""수성구"", ""region_3depth"": ""두산동""}",304.0,1000.0,0.304
ba_13233576,sbiz_commercial,,,,,,"{""competitor_count_1km"": 301, ""total_shops_1km"": 1000, ""competition_density"": 0.301, ""lat"": 36.8928825408354, ""lng"": 126.629041866963, ""address_name"": ""충남 당진시 당진중앙2로 65"", ""region_2depth"": ""당진시"", ""region_3depth"": ""읍내동""}",301.0,1000.0,0.301
ba_13233578,sbiz_commercial,,,,,,"{""competitor_count_1km"": 129, ""total_shops_1km"": 512, ""competition_density"": 0.252, ""lat"": 35.8409456973268, ""lng"": 128.544451500075, ""address_name"": ""대구 달서구 당산로 39"", ""region_2depth"": ""달서구"", ""region_3depth"": ""본리동""}",129.0,512.0,0.252
ba_13233579,sbiz_commercial,,,,,,"{""competitor_count_1km"": 342, ""total_shops_1km"": 1000, ""competition_density"": 0.342, ""lat"": 35.8247216078659, ""lng"": 128.737343180235, ""address_name"": ""경북 경산시 경안로 192-1"", ""region_2depth"": ""경산시"", ""region_3depth"": ""중방동""}",342.0,1000.0,0.342
ba_13233581,sbiz_commercial,,,,,,"{""competitor_count_1km"": 265, ""total_shops_1km"": 672, ""competition_density"": 0.3943, ""lat"": 35.1761445608023, ""lng"": 128.148101025864, ""address_name"": ""경남 진주시 충의로 20-37"", ""region_2depth"": ""진주시"", ""region_3depth"": ""충무공동""}",265.0,672.0,0.3943
ba_13233587,sbiz_commercial,,,,,,"{""competitor_count_1km"": 191, ""total_shops_1km"": 484, ""competition_density"": 0.3946, ""lat"": 35.0167268324436, ""lng"": 126.794022014531, ""address_name"": ""전남 나주시 그린로 339"", ""region_2depth"": ""나주시"", ""region_3depth"": ""빛가람동""}",191.0,484.0,0.3946
ba_13233592,sbiz_commercial,,,,,,"{""competitor_count_1km"": 67, ""total_shops_1km"": 132, ""competition_density"": 0.5076, ""lat"": 35.8967134671379, ""lng"": 128.849369329316, ""address_name"": ""경북 경산시 진량읍 대구대로 244"", ""region_2depth"": ""경산시"", ""region_3depth"": ""진량읍 내리리""}",67.0,132.0,0.5076
ba_13233594,sbiz_commercial,,,,,,"{""competitor_count_1km"": 316, ""total_shops_1km"": 1000, ""competition_density"": 0.316, ""lat"": 35.8142316565451, ""lng"": 128.522123499199, ""address_name"": ""대구 달서구 월배로 71"", ""region_2depth"": ""달서구"", ""region_3depth"": ""진천동""}",316.0,1000.0,0.316
ba_13233606,sbiz_commercial,,,,,,"{""competitor_count_1km"": 196, ""total_shops_1km"": 560, ""competition_density"": 0.35, ""lat"": 35.9388706835974, ""lng"": 128.549265700873, ""address_name"": ""대구 북구 칠곡중앙대로 483"", ""region_2depth"": ""북구"", ""region_3depth"": ""관음동""}",196.0,560.0,0.35
ba_13233607,sbiz_commercial,,,,,,"{""competitor_count_1km"": 218, ""total_shops_1km"": 413, ""competition_density"": 0.5278, ""lat"": 35.9619406305401, ""lng"": 127.126562663941, ""address_name"": ""전북특별자치도 완주군 봉동읍 둔산3로 79"", ""region_2depth"": ""완주군"", ""region_3depth"": ""봉동읍 둔산리""}",218.0,413.0,0.5278
ba_13233639,sbiz_commercial,,,,,,"{""competitor_count_1km"": 249, ""total_shops_1km"": 1000, ""competition_density"": 0.249, ""lat"": 35.8719327839077, ""lng"": 128.595581807313, ""address_name"": ""대구 중구 동성로 57"", ""region_2depth"": ""중구"", ""region_3depth"": ""동성로2가""}",249.0,1000.0,0.249
ba_13233688,sbiz_commercial,,,,,,"{""competitor_count_1km"": 109, ""total_shops_1km"": 301, ""competition_density"": 0.3621, ""lat"": 35.8744209810175, ""lng"": 128.480249064776, ""address_name"": ""대구 달성군 다사읍 세천로 160"", ""region_2depth"": ""달성군"", ""region_3depth"": ""다사읍 세천리""}",109.0,301.0,0.3621
ba_13233716,sbiz_commercial,,,,,,"{""competitor_count_1km"": 309, ""total_shops_1km"": 908, ""competition_density"": 0.3403, ""lat"": 36.0307494481315, ""lng"": 129.364081910369, ""address_name"": ""경북 포항시 북구 중흥로 319"", ""region_2depth"": ""포항시 북구"", ""region_3depth"": ""죽도동""}",309.0,908.0,0.3403
ba_13233724,sbiz_commercial,,,,,,"{""competitor_count_1km"": 308, ""total_shops_1km"": 1000, ""competition_density"": 0.308, ""lat"": 35.8676862475724, ""lng"": 128.593768895843, ""address_name"": ""대구 중구 중앙대로 388"", ""region_2depth"": ""중구"", ""region_3depth"": ""동성로3가""}",308.0,1000.0,0.308
ba_13233726,sbiz_commercial,,,,,,"{""competitor_count_1km"": 232, ""total_shops_1km"": 681, ""competition_density"": 0.3407, ""lat"": 35.8573763333671, ""lng"": 128.4662765947, ""address_name"": ""대구 달성군 다사읍 달구벌대로 889"", ""region_2depth"": ""달성군"", ""region_3depth"": ""다사읍 매곡리""}",232.0,681.0,0.3407
ba_13233735,sbiz_commercial,,,,,,"{""competitor_count_1km"": 380, ""total_shops_1km"": 924, ""competition_density"": 0.4113, ""lat"": 35.8437652218509, ""lng"": 128.534239495261, ""address_name"": ""대구 달서구 장기로 240"", ""region_2depth"": ""달서구"", ""region_3depth"": ""장기동""}",380.0,924.0,0.4113
ba_13233742,sbiz_commercial,,,,,,"{""competitor_count_1km"": 193, ""total_shops_1km"": 553, ""competition_density"": 0.349, ""lat"": 35.8625855921087, ""lng"": 128.551494446008, ""address_name"": ""대구 서구 평리로 254"", ""region_2depth"": ""서구"", ""region_3depth"": ""내당동""}",193.0,553.0,0.349
ba_13233764,sbiz_commercial,,,,,,"{""competitor_count_1km"": 141, ""total_shops_1km"": 555, ""competition_density"": 0.2541, ""lat"": 35.874267808403, ""lng"": 128.614825187796, ""address_name"": ""대구 동구 동부로 19"", ""region_2depth"": ""동구"", ""region_3depth"": ""신천동""}",141.0,555.0,0.2541
ba_13233767,sbiz_commercial,,,,,,"{""competitor_count_1km"": 138, ""total_shops_1km"": 296, ""competition_density"": 0.4662, ""lat"": 36.5083073428532, ""lng"": 127.262445014563, ""address_name"": ""세종특별자치시 절재로 194"", ""region_2depth"": """", ""region_3depth"": ""어진동""}",138.0,296.0,0.4662
ba_13233778,sbiz_commercial,,,,,,"{""competitor_count_1km"": 295, ""total_shops_1km"": 667, ""competition_density"": 0.4423, ""lat"": 36.006131742479, ""lng"": 129.335035522564, ""address_name"": ""경북 포항시 남구 효성로 12-3"", ""region_2depth"": ""포항시 남구"", ""region_3depth"": ""효자동""}",295.0,667.0,0.4423
ba_13233782,sbiz_commercial,,,,,,"{""competitor_count_1km"": 349, ""total_shops_1km"": 816, ""competition_density"": 0.4277, ""lat"": 35.8708200549025, ""lng"": 128.558139975781, ""address_name"": ""대구 서구 국채보상로 248"", ""region_2depth"": ""서구"", ""region_3depth"": ""평리동""}",349.0,816.0,0.4277
ba_13233856,sbiz_commercial,,,,,,"{""competitor_count_1km"": 106, ""total_shops_1km"": 357, ""competition_density"": 0.2969, ""lat"": 36.511382335085, ""lng"": 127.248913715615, ""address_name"": ""세종특별자치시 보듬3로 95"", ""region_2depth"": """", ""region_3depth"": ""아름동""}",106.0,357.0,0.2969
ba_13234034,sbiz_commercial,,,,,,"{""competitor_count_1km"": 125, ""total_shops_1km"": 395, ""competition_density"": 0.3165, ""lat"": 35.975995905601, ""lng"": 129.412750939067, ""address_name"": ""경북 포항시 남구 오천읍 충무로 28"", ""region_2depth"": ""포항시 남구"", ""region_3depth"": ""오천읍 용덕리""}",125.0,395.0,0.3165
ba_13234089,sbiz_commercial,,,,,,"{""competitor_count_1km"": 84, ""total_shops_1km"": 303, ""competition_density"": 0.2772, ""lat"": 36.5193378025522, ""lng"": 127.234599308677, ""address_name"": ""세종특별자치시 마음로 264"", ""region_2depth"": """", ""region_3depth"": ""고운동""}",84.0,303.0,0.2772
ba_13234101,sbiz_commercial,,,,,,"{""competitor_count_1km"": 183, ""total_shops_1km"": 550, ""competition_density"": 0.3327, ""lat"": 36.4816422575859, ""lng"": 127.259750400415, ""address_name"": ""세종특별자치시 노을3로 19"", ""region_2depth"": """", ""region_3depth"": ""한솔동""}",183.0,550.0,0.3327
ba_13234187,sbiz_commercial,,,,,,"{""competitor_count_1km"": 220, ""total_shops_1km"": 553, ""competition_density"": 0.3978, ""lat"": 35.8205344077686, ""lng"": 128.753845138175, ""address_name"": ""경북 경산시 원효로 158"", ""region_2depth"": ""경산시"", ""region_3depth"": ""계양동""}",220.0,553.0,0.3978
ba_13234188,sbiz_commercial,,,,,,"{""competitor_count_1km"": 130, ""total_shops_1km"": 527, ""competition_density"": 0.2467, ""lat"": 35.8290491556759, ""lng"": 128.719888301278, ""address_name"": ""경북 경산시 펜타힐즈2로 59"", ""region_2depth"": ""경산시"", ""region_3depth"": ""중산동""}",130.0,527.0,0.2467
ba_13234193,sbiz_commercial,,,,,,"{""competitor_count_1km"": 274, ""total_shops_1km"": 759, ""competition_density"": 0.361, ""lat"": 35.8656900794291, ""lng"": 129.214101723209, ""address_name"": ""경북 경주시 황성로27번길 3"", ""region_2depth"": ""경주시"", ""region_3depth"": ""황성동""}",274.0,759.0,0.361
ba_13234475,sbiz_commercial,,,,,,"{""competitor_count_1km"": 297, ""total_shops_1km"": 1000, ""competition_density"": 0.297, ""lat"": 37.5108103230947, ""lng"": 126.944450626548, ""address_name"": ""서울 동작구 만양로 81"", ""region_2depth"": ""동작구"", ""region_3depth"": ""노량진동""}",297.0,1000.0,0.297
ba_13234523,sbiz_commercial,,,,,,"{""competitor_count_1km"": 283, ""total_shops_1km"": 962, ""competition_density"": 0.2942, ""lat"": 37.1803360968134, ""lng"": 127.124547645496, ""address_name"": ""경기 화성시 동탄구 왕배산2길 4-16"", ""region_2depth"": ""화성시 동탄구"", ""region_3depth"": ""목동""}",283.0,962.0,0.2942
ba_13234578,sbiz_commercial,,,,,,"{""competitor_count_1km"": 274, ""total_shops_1km"": 1000, ""competition_density"": 0.274, ""lat"": 37.2767008299567, ""lng"": 127.153051392653, ""address_name"": ""경기 용인시 기흥구 동백중앙로 269"", ""region_2depth"": ""용인시 기흥구"", ""region_3depth"": ""중동""}",274.0,1000.0,0.274
ba_13234790,sbiz_commercial,,,,,,"{""competitor_count_1km"": 78, ""total_shops_1km"": 232, ""competition_density"": 0.3362, ""lat"": 37.8325218905129, ""lng"": 127.074351279891, ""address_name"": ""경기 양주시 고암길 154-12"", ""region_2depth"": ""양주시"", ""region_3depth"": ""고암동""}",78.0,232.0,0.3362
ba_13235318,sbiz_commercial,,,,,,"{""competitor_count_1km"": 407, ""total_shops_1km"": 1000, ""competition_density"": 0.407, ""lat"": 37.5794283422818, ""lng"": 126.889782954548, ""address_name"": ""서울 마포구 월드컵북로 396"", ""region_2depth"": ""마포구"", ""region_3depth"": ""상암동""}",407.0,1000.0,0.407
ba_13235498,sbiz_commercial,,,,,,"{""competitor_count_1km"": 347, ""total_shops_1km"": 988, ""competition_density"": 0.3512, ""lat"": 37.5956972999549, ""lng"": 127.059962082851, ""address_name"": ""서울 동대문구 이문로 100"", ""region_2depth"": ""동대문구"", ""region_3depth"": ""이문동""}",347.0,988.0,0.3512
ba_13235500,sbiz_commercial,,,,,,"{""competitor_count_1km"": 236, ""total_shops_1km"": 817, ""competition_density"": 0.2889, ""lat"": 37.7253432332242, ""lng"": 127.048564508394, ""address_name"": ""경기 의정부시 평화로 374"", ""region_2depth"": ""의정부시"", ""region_3depth"": ""호원동""}",236.0,817.0,0.2889
ba_13235508,sbiz_commercial,,,,,,"{""competitor_count_1km"": 152, ""total_shops_1km"": 643, ""competition_density"": 0.2364, ""lat"": 37.7578876004561, ""lng"": 127.032880566555, ""address_name"": ""경기 의정부시 비우로 56"", ""region_2depth"": ""의정부시"", ""region_3depth"": ""녹양동""}",152.0,643.0,0.2364
ba_13235535,sbiz_commercial,,,,,,"{""competitor_count_1km"": 45, ""total_shops_1km"": 135, ""competition_density"": 0.3333, ""lat"": 37.7556234080488, ""lng"": 127.113595590005, ""address_name"": ""경기 의정부시 용민로 407"", ""region_2depth"": ""의정부시"", ""region_3depth"": ""낙양동""}",45.0,135.0,0.3333
ba_13235557,sbiz_commercial,,,,,,"{""competitor_count_1km"": 174, ""total_shops_1km"": 618, ""competition_density"": 0.2816, ""lat"": 37.6837369324256, ""lng"": 127.045652721176, ""address_name"": ""서울 도봉구 도봉로 887"", ""region_2depth"": ""도봉구"", ""region_3depth"": ""도봉동""}",174.0,618.0,0.2816
ba_13235588,sbiz_commercial,,,,,,"{""competitor_count_1km"": 426, ""total_shops_1km"": 1000, ""competition_density"": 0.426, ""lat"": 37.5837060840591, ""lng"": 126.999224922412, ""address_name"": ""서울 종로구 창경궁로 247"", ""region_2depth"": ""종로구"", ""region_3depth"": ""명륜2가""}",426.0,1000.0,0.426
ba_13235631,sbiz_commercial,,,,,,"{""competitor_count_1km"": 214, ""total_shops_1km"": 821, ""competition_density"": 0.2607, ""lat"": 37.5857867120349, ""lng"": 126.947735040584, ""address_name"": ""서울 서대문구 통일로 404"", ""region_2depth"": ""서대문구"", ""region_3depth"": ""홍제동""}",214.0,821.0,0.2607
ba_13236401,sbiz_commercial,,,,,,"{""competitor_count_1km"": 426, ""total_shops_1km"": 1000, ""competition_density"": 0.426, ""lat"": 37.5788133172689, ""lng"": 127.001763225746, ""address_name"": ""서울 종로구 대학로7길 3"", ""region_2depth"": ""종로구"", ""region_3depth"": ""연건동""}",426.0,1000.0,0.426
ba_13236479,sbiz_commercial,,,,,,"{""competitor_count_1km"": 196, ""total_shops_1km"": 645, ""competition_density"": 0.3039, ""lat"": 37.3577495311235, ""lng"": 126.947478985442, ""address_name"": ""경기 군포시 군포로 581"", ""region_2depth"": ""군포시"", ""region_3depth"": ""당동""}",196.0,645.0,0.3039
ba_13236481,sbiz_commercial,,,,,,"{""competitor_count_1km"": 403, ""total_shops_1km"": 1000, ""competition_density"": 0.403, ""lat"": 36.0157243440811, ""lng"": 129.351837865359, ""address_name"": ""경북 포항시 북구 중흥로 119"", ""region_2depth"": ""포항시 북구"", ""region_3depth"": ""죽도동""}",403.0,1000.0,0.403
ba_13236584,sbiz_commercial,,,,,,"{""competitor_count_1km"": 215, ""total_shops_1km"": 802, ""competition_density"": 0.2681, ""lat"": 37.3465712847154, ""lng"": 126.944336310754, ""address_name"": ""경기 군포시 고산로 256"", ""region_2depth"": ""군포시"", ""region_3depth"": ""당동""}",215.0,802.0,0.2681
ba_13236745,sbiz_commercial,,,,,,"{""competitor_count_1km"": 189, ""total_shops_1km"": 636, ""competition_density"": 0.2972, ""lat"": 35.2026706402995, ""lng"": 128.808251838014, ""address_name"": ""경남 김해시 능동로155번길 2"", ""region_2depth"": ""김해시"", ""region_3depth"": ""부곡동""}",189.0,636.0,0.2972
ba_13237293,sbiz_commercial,,,,,,"{""competitor_count_1km"": 108, ""total_shops_1km"": 479, ""competition_density"": 0.2255, ""lat"": 37.3597613262391, ""lng"": 126.967477006086, ""address_name"": ""경기 의왕시 오전로 216"", ""region_2depth"": ""의왕시"", ""region_3depth"": ""오전동""}",108.0,479.0,0.2255
ba_13237700,sbiz_commercial,,,,,,"{""competitor_count_1km"": 337, ""total_shops_1km"": 1000, ""competition_density"": 0.337, ""lat"": 35.2367156289288, ""lng"": 128.867421932123, ""address_name"": ""경남 김해시 내외중앙로 76"", ""region_2depth"": ""김해시"", ""region_3depth"": ""내동""}",337.0,1000.0,0.337
ba_13243478,sbiz_commercial,,,,,,"{""competitor_count_1km"": 239, ""total_shops_1km"": 1000, ""competition_density"": 0.239, ""lat"": 37.3202927053497, ""lng"": 127.114263084494, ""address_name"": ""경기 용인시 기흥구 죽전로 50"", ""region_2depth"": ""용인시 기흥구"", ""region_3depth"": ""보정동""}",239.0,1000.0,0.239
ba_13243585,sbiz_commercial,,,,,,"{""competitor_count_1km"": 278, ""total_shops_1km"": 1000, ""competition_density"": 0.278, ""lat"": 37.6594959702199, ""lng"": 127.035163698697, ""address_name"": ""서울 도봉구 도당로 14"", ""region_2depth"": ""도봉구"", ""region_3depth"": ""쌍문동""}",278.0,1000.0,0.278
ba_13247000,sbiz_commercial,,,,,,"{""competitor_count_1km"": 202, ""total_shops_1km"": 1000, ""competition_density"": 0.202, ""lat"": 37.2982036603374, ""lng"": 127.070510806918, ""address_name"": ""경기 용인시 수지구 광교마을로 54"", ""region_2depth"": ""용인시 수지구"", ""region_3depth"": ""상현동""}",202.0,1000.0,0.202
ba_13248384,sbiz_commercial,,,,,,"{""competitor_count_1km"": 161, ""total_shops_1km"": 1000, ""competition_density"": 0.161, ""lat"": 37.6045813769871, ""lng"": 127.1417371153, ""address_name"": ""경기 구리시 건원대로34번길 25"", ""region_2depth"": ""구리시"", ""region_3depth"": ""인창동""}",161.0,1000.0,0.161
ba_13249105,sbiz_commercial,,,,,,"{""competitor_count_1km"": 146, ""total_shops_1km"": 544, ""competition_density"": 0.2684, ""lat"": 35.2597518303573, ""lng"": 128.614247158308, ""address_name"": ""경남 창원시 의창구 의창대로132번길 25"", ""region_2depth"": ""창원시 의창구"", ""region_3depth"": ""팔용동""}",146.0,544.0,0.2684
ba_13249989,sbiz_commercial,,,,,,"{""competitor_count_1km"": 314, ""total_shops_1km"": 1000, ""competition_density"": 0.314, ""lat"": 35.538377040051, ""lng"": 129.320544832015, ""address_name"": ""울산 남구 신정로 75"", ""region_2depth"": ""남구"", ""region_3depth"": ""달동""}",314.0,1000.0,0.314
ba_13251048,sbiz_commercial,,,,,,"{""competitor_count_1km"": 169, ""total_shops_1km"": 461, ""competition_density"": 0.3666, ""lat"": 35.6014788084604, ""lng"": 129.365332014142, ""address_name"": ""울산 북구 박상진12로 11"", ""region_2depth"": ""북구"", ""region_3depth"": ""송정동""}",169.0,461.0,0.3666
ba_13260523,sbiz_commercial,,,,,,"{""competitor_count_1km"": 360, ""total_shops_1km"": 690, ""competition_density"": 0.5217, ""lat"": 36.989472113371, ""lng"": 126.846571662615, ""address_name"": ""경기 평택시 포승읍 여술로43번길 5"", ""region_2depth"": ""평택시"", ""region_3depth"": ""포승읍 도곡리""}",360.0,690.0,0.5217
ba_13260584,sbiz_commercial,,,,,,"{""competitor_count_1km"": 280, ""total_shops_1km"": 824, ""competition_density"": 0.3398, ""lat"": 35.1926530544291, ""lng"": 126.837422717924, ""address_name"": ""광주 광산구 신창로 84"", ""region_2depth"": ""광산구"", ""region_3depth"": ""신창동""}",280.0,824.0,0.3398
ba_13265806,sbiz_commercial,,,,,,"{""competitor_count_1km"": 280, ""total_shops_1km"": 972, ""competition_density"": 0.2881, ""lat"": 35.9563335914027, ""lng"": 126.971626599858, ""address_name"": ""전북특별자치도 익산시 고봉로30길 11"", ""region_2depth"": ""익산시"", ""region_3depth"": ""영등동""}",280.0,972.0,0.2881
ba_13267079,sbiz_commercial,,,,,,"{""competitor_count_1km"": 321, ""total_shops_1km"": 868, ""competition_density"": 0.3698, ""lat"": 36.3674463675344, ""lng"": 127.437540734113, ""address_name"": ""대전 대덕구 동춘당로126번길 2"", ""region_2depth"": ""대덕구"", ""region_3depth"": ""송촌동""}",321.0,868.0,0.3698
ba_13268955,sbiz_commercial,,,,,,"{""competitor_count_1km"": 277, ""total_shops_1km"": 1000, ""competition_density"": 0.277, ""lat"": 35.817433927729, ""lng"": 127.143766687032, ""address_name"": ""전북특별자치도 전주시 완산구 충경로 40"", ""region_2depth"": ""전주시 완산구"", ""region_3depth"": ""중앙동2가""}",277.0,1000.0,0.277
ba_13292835,sbiz_commercial,,,,,,"{""competitor_count_1km"": 43, ""total_shops_1km"": 115, ""competition_density"": 0.3739, ""lat"": 36.3869984002511, ""lng"": 127.323543978134, ""address_name"": ""대전 유성구 송림로 52"", ""region_2depth"": ""유성구"", ""region_3depth"": ""하기동""}",43.0,115.0,0.3739
ba_13301511,sbiz_commercial,,,,,,"{""competitor_count_1km"": 133, ""total_shops_1km"": 473, ""competition_density"": 0.2812, ""lat"": 37.3780782129918, ""lng"": 126.654641972645, ""address_name"": ""인천 연수구 송도문화로28번길 28"", ""region_2depth"": ""연수구"", ""region_3depth"": ""송도동""}",133.0,473.0,0.2812
ba_13305413,sbiz_commercial,,,,,,"{""competitor_count_1km"": 264, ""total_shops_1km"": 874, ""competition_density"": 0.3021, ""lat"": 37.4773868015106, ""lng"": 126.987482377959, ""address_name"": ""서울 서초구 효령로 22"", ""region_2depth"": ""서초구"", ""region_3depth"": ""방배동""}",264.0,874.0,0.3021
ba_13308613,sbiz_commercial,,,,,,"{""competitor_count_1km"": 61, ""total_shops_1km"": 261, ""competition_density"": 0.2337, ""lat"": 37.6331163992723, ""lng"": 126.701050320851, ""address_name"": ""경기 김포시 걸포2로 83"", ""region_2depth"": ""김포시"", ""region_3depth"": ""걸포동""}",61.0,261.0,0.2337
ba_13311793,sbiz_commercial,,,,,,"{""competitor_count_1km"": 292, ""total_shops_1km"": 1000, ""competition_density"": 0.292, ""lat"": 37.6212449085914, ""lng"": 126.919535492772, ""address_name"": ""서울 은평구 통일로 877"", ""region_2depth"": ""은평구"", ""region_3depth"": ""갈현동""}",292.0,1000.0,0.292
ba_13313413,sbiz_commercial,,,,,,"{""competitor_count_1km"": 170, ""total_shops_1km"": 465, ""competition_density"": 0.3656, ""lat"": 36.3240913346799, ""lng"": 127.370083511005, ""address_name"": ""대전 서구 배재로 175"", ""region_2depth"": ""서구"", ""region_3depth"": ""도마동""}",170.0,465.0,0.3656
ba_13313909,sbiz_commercial,,,,,,"{""competitor_count_1km"": 271, ""total_shops_1km"": 1000, ""competition_density"": 0.271, ""lat"": 37.4027708855301, ""lng"": 126.724628043524, ""address_name"": ""인천 남동구 청능대로595번길 31-2"", ""region_2depth"": ""남동구"", ""region_3depth"": ""논현동""}",271.0,1000.0,0.271
ba_13326281,sbiz_commercial,,,,,,"{""competitor_count_1km"": 301, ""total_shops_1km"": 942, ""competition_density"": 0.3195, ""lat"": 37.5547908528642, ""lng"": 126.964454371144, ""address_name"": ""서울 중구 만리재로 175"", ""region_2depth"": ""중구"", ""region_3depth"": ""만리동2가""}",301.0,942.0,0.3195
ba_13348011,sbiz_commercial,,,,,,"{""competitor_count_1km"": 313, ""total_shops_1km"": 1000, ""competition_density"": 0.313, ""lat"": 37.5395665359223, ""lng"": 127.204534086708, ""address_name"": ""경기 하남시 신평로61번길 18"", ""region_2depth"": ""하남시"", ""region_3depth"": ""신장동""}",313.0,1000.0,0.313
ba_13379446,sbiz_commercial,,,,,,"{""competitor_count_1km"": 220, ""total_shops_1km"": 875, ""competition_density"": 0.2514, ""lat"": 37.64781144532, ""lng"": 127.236614895907, ""address_name"": ""경기 남양주시 경춘로1286번안길 4-2"", ""region_2depth"": ""남양주시"", ""region_3depth"": ""평내동""}",220.0,875.0,0.2514
ba_13412065,sbiz_commercial,,,,,,"{""competitor_count_1km"": 260, ""total_shops_1km"": 920, ""competition_density"": 0.2826, ""lat"": 37.5035185808482, ""lng"": 126.909712030835, ""address_name"": ""서울 영등포구 신길로 119"", ""region_2depth"": ""영등포구"", ""region_3depth"": ""신길동""}",260.0,920.0,0.2826
ba_13436824,sbiz_commercial,,,,,,"{""competitor_count_1km"": 426, ""total_shops_1km"": 1000, ""competition_density"": 0.426, ""lat"": 37.0672163988635, ""lng"": 127.060540115554, ""address_name"": ""경기 평택시 관광특구로 13"", ""region_2depth"": ""평택시"", ""region_3depth"": ""서정동""}",426.0,1000.0,0.426
ba_13448308,sbiz_commercial,,,,,,"{""competitor_count_1km"": 294, ""total_shops_1km"": 1000, ""competition_density"": 0.294, ""lat"": 37.6058880373688, ""lng"": 126.917487722224, ""address_name"": ""서울 은평구 역말로 64"", ""region_2depth"": ""은평구"", ""region_3depth"": ""역촌동""}",294.0,1000.0,0.294
ba_13451078,sbiz_commercial,,,,,,"{""competitor_count_1km"": 54, ""total_shops_1km"": 261, ""competition_density"": 0.2069, ""lat"": 37.5934718192772, ""lng"": 126.763606062054, ""address_name"": ""경기 김포시 고촌읍 수기로 115"", ""region_2depth"": ""김포시"", ""region_3depth"": ""고촌읍 신곡리""}",54.0,261.0,0.2069
ba_13452835,sbiz_commercial,,,,,,"{""competitor_count_1km"": 334, ""total_shops_1km"": 810, ""competition_density"": 0.4123, ""lat"": 34.8383321488203, ""lng"": 127.895435236442, ""address_name"": ""경남 남해군 남해읍 화전로78번길 11-1"", ""region_2depth"": ""남해군"", ""region_3depth"": ""남해읍 북변리""}",334.0,810.0,0.4123
ba_13459937,sbiz_commercial,,,,,,"{""competitor_count_1km"": 311, ""total_shops_1km"": 1000, ""competition_density"": 0.311, ""lat"": 37.655301477283, ""lng"": 126.837918815811, ""address_name"": ""경기 고양시 덕양구 호국로790번길 42-4"", ""region_2depth"": ""고양시 덕양구"", ""region_3depth"": ""성사동""}",311.0,1000.0,0.311
ba_13470236,sbiz_commercial,,,,,,"{""competitor_count_1km"": 297, ""total_shops_1km"": 1000, ""competition_density"": 0.297, ""lat"": 33.4897881063806, ""lng"": 126.486821300623, ""address_name"": ""제주특별자치도 제주시 삼무로 2"", ""region_2depth"": ""제주시"", ""region_3depth"": ""연동""}",297.0,1000.0,0.297
ba_13471384,sbiz_commercial,,,,,,"{""competitor_count_1km"": 384, ""total_shops_1km"": 870, ""competition_density"": 0.4414, ""lat"": 34.8830088699954, ""lng"": 128.418497088693, ""address_name"": ""경남 통영시 광도면 죽림4로 52"", ""region_2depth"": ""통영시"", ""region_3depth"": ""광도면 죽림리""}",384.0,870.0,0.4414
ba_13472981,sbiz_commercial,,,,,,"{""competitor_count_1km"": 159, ""total_shops_1km"": 432, ""competition_density"": 0.3681, ""lat"": 36.4215014010277, ""lng"": 128.164240672532, ""address_name"": ""경북 상주시 냉림2길 31-3"", ""region_2depth"": ""상주시"", ""region_3depth"": ""냉림동""}",159.0,432.0,0.3681
ba_13473077,sbiz_commercial,,,,,,"{""competitor_count_1km"": 370, ""total_shops_1km"": 804, ""competition_density"": 0.4602, ""lat"": 34.8066738992002, ""lng"": 126.372629092098, ""address_name"": ""전남 목포시 청호로 183"", ""region_2depth"": ""목포시"", ""region_3depth"": ""산정동""}",370.0,804.0,0.4602
ba_13475914,sbiz_commercial,,,,,,"{""competitor_count_1km"": 123, ""total_shops_1km"": 439, ""competition_density"": 0.2802, ""lat"": 35.1433430620792, ""lng"": 126.907136829335, ""address_name"": ""광주 남구 중앙로 80"", ""region_2depth"": ""남구"", ""region_3depth"": ""서동""}",123.0,439.0,0.2802
ba_13477857,sbiz_commercial,,,,,,"{""competitor_count_1km"": 120, ""total_shops_1km"": 283, ""competition_density"": 0.424, ""lat"": 36.1795042826881, ""lng"": 127.107486271699, ""address_name"": ""충남 논산시 대학로 87"", ""region_2depth"": ""논산시"", ""region_3depth"": ""내동""}",120.0,283.0,0.424
ba_13492399,sbiz_commercial,,,,,,"{""competitor_count_1km"": 274, ""total_shops_1km"": 1000, ""competition_density"": 0.274, ""lat"": 37.5516218108257, ""lng"": 126.865599052259, ""address_name"": ""서울 강서구 공항대로61길 14"", ""region_2depth"": ""강서구"", ""region_3depth"": ""염창동""}",274.0,1000.0,0.274
ba_13504506,sbiz_commercial,,,,,,"{""competitor_count_1km"": 54, ""total_shops_1km"": 283, ""competition_density"": 0.1908, ""lat"": 36.4980764694106, ""lng"": 127.312717399492, ""address_name"": ""세종특별자치시 한누리대로 1820"", ""region_2depth"": """", ""region_3depth"": ""반곡동""}",54.0,283.0,0.1908
ba_13522931,sbiz_commercial,,,,,,"{""competitor_count_1km"": 377, ""total_shops_1km"": 1000, ""competition_density"": 0.377, ""lat"": 37.8586564518256, ""lng"": 126.78445394976, ""address_name"": ""경기 파주시 문산읍 문향로75번길 19-12"", ""region_2depth"": ""파주시"", ""region_3depth"": ""문산읍 문산리""}",377.0,1000.0,0.377
ba_13539608,sbiz_commercial,,,,,,"{""competitor_count_1km"": 245, ""total_shops_1km"": 1000, ""competition_density"": 0.245, ""lat"": 35.2274785582894, ""lng"": 128.678102013498, ""address_name"": ""경남 창원시 성산구 용지로121번길 15"", ""region_2depth"": ""창원시 성산구"", ""region_3depth"": ""중앙동""}",245.0,1000.0,0.245
ba_13539851,sbiz_commercial,,,,,,"{""competitor_count_1km"": 251, ""total_shops_1km"": 641, ""competition_density"": 0.3916, ""lat"": 35.2649520412786, ""lng"": 128.628001736895, ""address_name"": ""경남 창원시 의창구 읍성로89번길 2"", ""region_2depth"": ""창원시 의창구"", ""region_3depth"": ""소답동""}",251.0,641.0,0.3916
ba_13539979,sbiz_commercial,,,,,,"{""competitor_count_1km"": 86, ""total_shops_1km"": 305, ""competition_density"": 0.282, ""lat"": 36.4503223775895, ""lng"": 127.420365594807, ""address_name"": ""대전 대덕구 대덕대로 1555"", ""region_2depth"": ""대덕구"", ""region_3depth"": ""석봉동""}",86.0,305.0,0.282
ba_13550181,sbiz_commercial,,,,,,"{""competitor_count_1km"": 222, ""total_shops_1km"": 772, ""competition_density"": 0.2876, ""lat"": 37.7947068298683, ""lng"": 127.079939367768, ""address_name"": ""경기 양주시 고읍남로 15"", ""region_2depth"": ""양주시"", ""region_3depth"": ""광사동""}",222.0,772.0,0.2876
ba_13550240,sbiz_commercial,,,,,,"{""competitor_count_1km"": 123, ""total_shops_1km"": 303, ""competition_density"": 0.4059, ""lat"": 36.7335692007017, ""lng"": 127.45129639926, ""address_name"": ""충북 청주시 청원구 오창읍 2산단로 138"", ""region_2depth"": ""청주시 청원구"", ""region_3depth"": ""오창읍 주성리""}",123.0,303.0,0.4059
ba_13574800,sbiz_commercial,,,,,,"{""competitor_count_1km"": 106, ""total_shops_1km"": 328, ""competition_density"": 0.3232, ""lat"": 35.8310032133857, ""lng"": 128.70460743542, ""address_name"": ""대구 수성구 고산로4안길 33-14"", ""region_2depth"": ""수성구"", ""region_3depth"": ""신매동""}",106.0,328.0,0.3232
ba_13580972,sbiz_commercial,,,,,,"{""competitor_count_1km"": 158, ""total_shops_1km"": 745, ""competition_density"": 0.2121, ""lat"": 37.5438480395093, ""lng"": 126.934854499348, ""address_name"": ""서울 마포구 토정로18길 11"", ""region_2depth"": ""마포구"", ""region_3depth"": ""현석동""}",158.0,745.0,0.2121
ba_13584348,sbiz_commercial,,,,,,"{""competitor_count_1km"": 346, ""total_shops_1km"": 924, ""competition_density"": 0.3745, ""lat"": 35.1547905136637, ""lng"": 129.022345673856, ""address_name"": ""부산 부산진구 개금온정로17번길 47-5"", ""region_2depth"": ""부산진구"", ""region_3depth"": ""개금동""}",346.0,924.0,0.3745
ba_13596071,sbiz_commercial,,,,,,"{""competitor_count_1km"": 297, ""total_shops_1km"": 1000, ""competition_density"": 0.297, ""lat"": 37.6212505730376, ""lng"": 126.919254456338, ""address_name"": ""서울 은평구 통일로83길 6-4"", ""region_2depth"": ""은평구"", ""region_3depth"": ""갈현동""}",297.0,1000.0,0.297
ba_13596730,sbiz_commercial,,,,,,"{""competitor_count_1km"": 77, ""total_shops_1km"": 199, ""competition_density"": 0.3869, ""lat"": 35.877888433426, ""lng"": 128.722536452472, ""address_name"": ""대구 동구 이노밸리로46길 1"", ""region_2depth"": ""동구"", ""region_3depth"": ""각산동""}",77.0,199.0,0.3869
ba_13612153,sbiz_commercial,,,,,,"{""competitor_count_1km"": 304, ""total_shops_1km"": 1000, ""competition_density"": 0.304, ""lat"": 37.4748973430136, ""lng"": 126.866261238015, ""address_name"": ""경기 광명시 오리로 857"", ""region_2depth"": ""광명시"", ""region_3depth"": ""철산동""}",304.0,1000.0,0.304
ba_13628326,sbiz_commercial,,,,,,"{""competitor_count_1km"": 290, ""total_shops_1km"": 704, ""competition_density"": 0.4119, ""lat"": 35.1480793263522, ""lng"": 129.019817766438, ""address_name"": ""부산 부산진구 엄광로 34"", ""region_2depth"": ""부산진구"", ""region_3depth"": ""개금동""}",290.0,704.0,0.4119
ba_13630053,sbiz_commercial,,,,,,"{""competitor_count_1km"": 393, ""total_shops_1km"": 1000, ""competition_density"": 0.393, ""lat"": 35.0824278989925, ""lng"": 128.085987151019, ""address_name"": ""경남 사천시 사천읍 진삼로 1469"", ""region_2depth"": ""사천시"", ""region_3depth"": ""사천읍 수석리""}",393.0,1000.0,0.393
ba_13639608,sbiz_commercial,,,,,,"{""competitor_count_1km"": 104, ""total_shops_1km"": 442, ""competition_density"": 0.2353, ""lat"": 35.1264232901118, ""lng"": 126.855406244641, ""address_name"": ""광주 서구 화개1로 31"", ""region_2depth"": ""서구"", ""region_3depth"": ""금호동""}",104.0,442.0,0.2353
ba_13648667,sbiz_commercial,,,,,,"{""competitor_count_1km"": 108, ""total_shops_1km"": 382, ""competition_density"": 0.2827, ""lat"": 36.3874429322172, ""lng"": 127.308773247968, ""address_name"": ""대전 유성구 지족동로 152"", ""region_2depth"": ""유성구"", ""region_3depth"": ""지족동""}",108.0,382.0,0.2827
ba_13651212,sbiz_commercial,,,,,,"{""competitor_count_1km"": 297, ""total_shops_1km"": 828, ""competition_density"": 0.3587, ""lat"": 35.1326651083772, ""lng"": 126.858664991241, ""address_name"": ""광주 서구 금화로 91"", ""region_2depth"": ""서구"", ""region_3depth"": ""금호동""}",297.0,828.0,0.3587
ba_13683573,sbiz_commercial,,,,,,"{""competitor_count_1km"": 233, ""total_shops_1km"": 738, ""competition_density"": 0.3157, ""lat"": 33.4726016319767, ""lng"": 126.5450357982, ""address_name"": ""제주특별자치도 제주시 아란9길 6"", ""region_2depth"": ""제주시"", ""region_3depth"": ""아라일동""}",233.0,738.0,0.3157
ba_13722581,sbiz_commercial,,,,,,"{""competitor_count_1km"": 121, ""total_shops_1km"": 468, ""competition_density"": 0.2585, ""lat"": 37.3500861853288, ""lng"": 126.975350309319, ""address_name"": ""경기 의왕시 전주남이길 8"", ""region_2depth"": ""의왕시"", ""region_3depth"": ""오전동""}",121.0,468.0,0.2585
ba_13730162,sbiz_commercial,,,,,,"{""competitor_count_1km"": 123, ""total_shops_1km"": 319, ""competition_density"": 0.3856, ""lat"": 35.8763848159183, ""lng"": 128.818322534698, ""address_name"": ""경북 경산시 진량읍 공단로 503"", ""region_2depth"": ""경산시"", ""region_3depth"": ""진량읍 신상리""}",123.0,319.0,0.3856
ba_13752011,sbiz_commercial,,,,,,"{""competitor_count_1km"": 251, ""total_shops_1km"": 1000, ""competition_density"": 0.251, ""lat"": 37.2486678487986, ""lng"": 127.057004448305, ""address_name"": ""경기 수원시 영통구 영통로 237"", ""region_2depth"": ""수원시 영통구"", ""region_3depth"": ""신동""}",251.0,1000.0,0.251
ba_13768149,sbiz_commercial,,,,,,"{""competitor_count_1km"": 146, ""total_shops_1km"": 395, ""competition_density"": 0.3696, ""lat"": 36.4431201713925, ""lng"": 127.425088316153, ""address_name"": ""대전 대덕구 덕암로 255"", ""region_2depth"": ""대덕구"", ""region_3depth"": ""덕암동""}",146.0,395.0,0.3696
ba_13769748,sbiz_commercial,,,,,,"{""competitor_count_1km"": 255, ""total_shops_1km"": 593, ""competition_density"": 0.43, ""lat"": 36.8107280021753, ""lng"": 127.793636739901, ""address_name"": ""충북 괴산군 괴산읍 읍내로13길 21"", ""region_2depth"": ""괴산군"", ""region_3depth"": ""괴산읍 동부리""}",255.0,593.0,0.43
ba_13787561,sbiz_commercial,,,,,,"{""competitor_count_1km"": 174, ""total_shops_1km"": 689, ""competition_density"": 0.2525, ""lat"": 36.9899889802396, ""lng"": 127.113228487952, ""address_name"": ""경기 평택시 평택5로20번길 39"", ""region_2depth"": ""평택시"", ""region_3depth"": ""합정동""}",174.0,689.0,0.2525
ba_13870012,sbiz_commercial,,,,,,"{""competitor_count_1km"": 189, ""total_shops_1km"": 601, ""competition_density"": 0.3145, ""lat"": 37.3788248032924, ""lng"": 126.789281573001, ""address_name"": ""경기 시흥시 장현장곡로 2"", ""region_2depth"": ""시흥시"", ""region_3depth"": ""장곡동""}",189.0,601.0,0.3145
ba_13918069,sbiz_commercial,,,,,,"{""competitor_count_1km"": 102, ""total_shops_1km"": 303, ""competition_density"": 0.3366, ""lat"": 37.0204917218154, ""lng"": 127.093953900346, ""address_name"": ""경기 평택시 동삭1로22번길 19-6"", ""region_2depth"": ""평택시"", ""region_3depth"": ""동삭동""}",102.0,303.0,0.3366
ba_13928548,sbiz_commercial,,,,,,"{""competitor_count_1km"": 155, ""total_shops_1km"": 553, ""competition_density"": 0.2803, ""lat"": 36.3444155901053, ""lng"": 127.434618408644, ""address_name"": ""대전 동구 우암로171번길 64"", ""region_2depth"": ""동구"", ""region_3depth"": ""성남동""}",155.0,553.0,0.2803
ba_13969584,sbiz_commercial,,,,,,"{""competitor_count_1km"": 359, ""total_shops_1km"": 886, ""competition_density"": 0.4052, ""lat"": 35.8819921199643, ""lng"": 128.610522546008, ""address_name"": ""대구 북구 대현로 106"", ""region_2depth"": ""북구"", ""region_3depth"": ""대현동""}",359.0,886.0,0.4052
ba_13969607,sbiz_commercial,,,,,,"{""competitor_count_1km"": 45, ""total_shops_1km"": 258, ""competition_density"": 0.1744, ""lat"": 35.2471850722448, ""lng"": 128.678521801049, ""address_name"": ""경남 창원시 의창구 사림로 53"", ""region_2depth"": ""창원시 의창구"", ""region_3depth"": ""사림동""}",45.0,258.0,0.1744
ba_13970104,sbiz_commercial,,,,,,"{""competitor_count_1km"": 77, ""total_shops_1km"": 199, ""competition_density"": 0.3869, ""lat"": 35.877888433426, ""lng"": 128.722536452472, ""address_name"": ""대구 동구 이노밸리로46길 1"", ""region_2depth"": ""동구"", ""region_3depth"": ""각산동""}",77.0,199.0,0.3869
ba_13972155,sbiz_commercial,,,,,,"{""competitor_count_1km"": 104, ""total_shops_1km"": 442, ""competition_density"": 0.2353, ""lat"": 35.1264232901118, ""lng"": 126.855406244641, ""address_name"": ""광주 서구 화개1로 31"", ""region_2depth"": ""서구"", ""region_3depth"": ""금호동""}",104.0,442.0,0.2353
ba_13972425,sbiz_commercial,,,,,,"{""competitor_count_1km"": 214, ""total_shops_1km"": 653, ""competition_density"": 0.3277, ""lat"": 35.185219747565, ""lng"": 126.918691395963, ""address_name"": ""광주 북구 천지인로173번길 28"", ""region_2depth"": ""북구"", ""region_3depth"": ""문흥동""}",214.0,653.0,0.3277
ba_13972595,sbiz_commercial,,,,,,"{""competitor_count_1km"": 320, ""total_shops_1km"": 1000, ""competition_density"": 0.32, ""lat"": 35.0229256589298, ""lng"": 126.790364244183, ""address_name"": ""전남 나주시 상야3길 8"", ""region_2depth"": ""나주시"", ""region_3depth"": ""빛가람동""}",320.0,1000.0,0.32
ba_13972771,sbiz_commercial,,,,,,"{""competitor_count_1km"": 79, ""total_shops_1km"": 359, ""competition_density"": 0.2201, ""lat"": 35.1542390390288, ""lng"": 126.84323028565, ""address_name"": ""광주 서구 상무공원로 112"", ""region_2depth"": ""서구"", ""region_3depth"": ""치평동""}",79.0,359.0,0.2201
ba_13972819,sbiz_commercial,,,,,,"{""competitor_count_1km"": 251, ""total_shops_1km"": 1000, ""competition_density"": 0.251, ""lat"": 37.2486678487986, ""lng"": 127.057004448305, ""address_name"": ""경기 수원시 영통구 영통로 237"", ""region_2depth"": ""수원시 영통구"", ""region_3depth"": ""신동""}",251.0,1000.0,0.251
ba_13973349,sbiz_commercial,,,,,,"{""competitor_count_1km"": 263, ""total_shops_1km"": 913, ""competition_density"": 0.2881, ""lat"": 37.8646574689072, ""lng"": 127.71875386574, ""address_name"": ""강원특별자치도 춘천시 터미널길 18"", ""region_2depth"": ""춘천시"", ""region_3depth"": ""온의동""}",263.0,913.0,0.2881
ba_13973745,sbiz_commercial,,,,,,"{""competitor_count_1km"": 239, ""total_shops_1km"": 1000, ""competition_density"": 0.239, ""lat"": 37.4753377236089, ""lng"": 126.895142963641, ""address_name"": ""서울 금천구 시흥대로149길 48"", ""region_2depth"": ""금천구"", ""region_3depth"": ""가산동""}",239.0,1000.0,0.239
ba_13973813,sbiz_commercial,,,,,,"{""competitor_count_1km"": 200, ""total_shops_1km"": 666, ""competition_density"": 0.3003, ""lat"": 37.3444002049323, ""lng"": 126.815489560568, ""address_name"": ""경기 안산시 단원구 달미로 96-1"", ""region_2depth"": ""안산시 단원구"", ""region_3depth"": ""선부동""}",200.0,666.0,0.3003
ba_13973901,sbiz_commercial,,,,,,"{""competitor_count_1km"": 138, ""total_shops_1km"": 456, ""competition_density"": 0.3026, ""lat"": 37.4911707755416, ""lng"": 127.981528916521, ""address_name"": ""강원특별자치도 횡성군 횡성읍 대동로 15-1"", ""region_2depth"": ""횡성군"", ""region_3depth"": ""횡성읍 읍하리""}",138.0,456.0,0.3026
ba_13974075,sbiz_commercial,,,,,,"{""competitor_count_1km"": 303, ""total_shops_1km"": 914, ""competition_density"": 0.3315, ""lat"": 37.2644887991556, ""lng"": 127.022384959784, ""address_name"": ""경기 수원시 팔달구 세지로152번길 28"", ""region_2depth"": ""수원시 팔달구"", ""region_3depth"": ""인계동""}",303.0,914.0,0.3315
ba_13975731,sbiz_commercial,,,,,,"{""competitor_count_1km"": 260, ""total_shops_1km"": 920, ""competition_density"": 0.2826, ""lat"": 37.5035185808482, ""lng"": 126.909712030835, ""address_name"": ""서울 영등포구 신길로 119"", ""region_2depth"": ""영등포구"", ""region_3depth"": ""신길동""}",260.0,920.0,0.2826
ba_13976616,sbiz_commercial,,,,,,"{""competitor_count_1km"": 280, ""total_shops_1km"": 1000, ""competition_density"": 0.28, ""lat"": 34.741884464233, ""lng"": 127.731661018498, ""address_name"": ""전남 여수시 충무로 58-19"", ""region_2depth"": ""여수시"", ""region_3depth"": ""충무동""}",280.0,1000.0,0.28
ba_13976690,sbiz_commercial,,,,,,"{""competitor_count_1km"": 158, ""total_shops_1km"": 745, ""competition_density"": 0.2121, ""lat"": 37.5438480395093, ""lng"": 126.934854499348, ""address_name"": ""서울 마포구 토정로18길 11"", ""region_2depth"": ""마포구"", ""region_3depth"": ""현석동""}",158.0,745.0,0.2121
ba_13977023,sbiz_commercial,,,,,,"{""competitor_count_1km"": 31, ""total_shops_1km"": 136, ""competition_density"": 0.2279, ""lat"": 37.8063254656062, ""lng"": 127.095720264792, ""address_name"": ""경기 양주시 삼숭로 157"", ""region_2depth"": ""양주시"", ""region_3depth"": ""삼숭동""}",31.0,136.0,0.2279
ba_13977167,sbiz_commercial,,,,,,"{""competitor_count_1km"": 292, ""total_shops_1km"": 1000, ""competition_density"": 0.292, ""lat"": 37.6212449085914, ""lng"": 126.919535492772, ""address_name"": ""서울 은평구 통일로 877"", ""region_2depth"": ""은평구"", ""region_3depth"": ""갈현동""}",292.0,1000.0,0.292
ba_13984579,sbiz_commercial,,,,,,"{""competitor_count_1km"": 216, ""total_shops_1km"": 1000, ""competition_density"": 0.216, ""lat"": 37.5522129052229, ""lng"": 127.139111737832, ""address_name"": ""서울 강동구 암사길 88"", ""region_2depth"": ""강동구"", ""region_3depth"": ""암사동""}",216.0,1000.0,0.216
ba_14042200,sbiz_commercial,,,,,,"{""competitor_count_1km"": 270, ""total_shops_1km"": 1000, ""competition_density"": 0.27, ""lat"": 37.5691641596929, ""lng"": 127.02634785313, ""address_name"": ""서울 성동구 무학로 33"", ""region_2depth"": ""성동구"", ""region_3depth"": ""하왕십리동""}",270.0,1000.0,0.27
ba_14049107,sbiz_commercial,,,,,,"{""competitor_count_1km"": 296, ""total_shops_1km"": 1000, ""competition_density"": 0.296, ""lat"": 37.3981602068193, ""lng"": 126.651691323716, ""address_name"": ""인천 연수구 컨벤시아대로 50"", ""region_2depth"": ""연수구"", ""region_3depth"": ""송도동""}",296.0,1000.0,0.296
ba_14092187,sbiz_commercial,,,,,,"{""competitor_count_1km"": 162, ""total_shops_1km"": 588, ""competition_density"": 0.2755, ""lat"": 37.6745506930875, ""lng"": 126.813502809968, ""address_name"": ""경기 고양시 일산동구 위시티3로 75"", ""region_2depth"": ""고양시 일산동구"", ""region_3depth"": ""식사동""}",162.0,588.0,0.2755
ba_14103678,sbiz_commercial,,,,,,"{""competitor_count_1km"": 64, ""total_shops_1km"": 274, ""competition_density"": 0.2336, ""lat"": 37.616878158576, ""lng"": 126.932900081212, ""address_name"": ""서울 은평구 불광로 114"", ""region_2depth"": ""은평구"", ""region_3depth"": ""불광동""}",64.0,274.0,0.2336
ba_14108842,sbiz_commercial,,,,,,"{""competitor_count_1km"": 108, ""total_shops_1km"": 304, ""competition_density"": 0.3553, ""lat"": 34.7981175784339, ""lng"": 126.696187701193, ""address_name"": ""전남 영암군 영암읍 중앙로 16"", ""region_2depth"": ""영암군"", ""region_3depth"": ""영암읍 서남리""}",108.0,304.0,0.3553
ba_14117511,sbiz_commercial,,,,,,"{""competitor_count_1km"": 151, ""total_shops_1km"": 1000, ""competition_density"": 0.151, ""lat"": 37.5094633250623, ""lng"": 127.024813750609, ""address_name"": ""서울 강남구 강남대로124길 27"", ""region_2depth"": ""강남구"", ""region_3depth"": ""논현동""}",151.0,1000.0,0.151
ba_14117512,sbiz_commercial,,,,,,"{""competitor_count_1km"": 151, ""total_shops_1km"": 1000, ""competition_density"": 0.151, ""lat"": 37.5094633250623, ""lng"": 127.024813750609, ""address_name"": ""서울 강남구 강남대로124길 27"", ""region_2depth"": ""강남구"", ""region_3depth"": ""논현동""}",151.0,1000.0,0.151
ba_14153764,sbiz_commercial,,,,,,"{""competitor_count_1km"": 319, ""total_shops_1km"": 1000, ""competition_density"": 0.319, ""lat"": 37.448287184233, ""lng"": 126.673563254521, ""address_name"": ""인천 미추홀구 인하로 230"", ""region_2depth"": ""미추홀구"", ""region_3depth"": ""주안동""}",319.0,1000.0,0.319
ba_14171127,sbiz_commercial,,,,,,"{""competitor_count_1km"": 36, ""total_shops_1km"": 123, ""competition_density"": 0.2927, ""lat"": 35.9440596978824, ""lng"": 128.629285919121, ""address_name"": ""대구 동구 동화천로 372"", ""region_2depth"": ""동구"", ""region_3depth"": ""지묘동""}",36.0,123.0,0.2927
ba_14173661,sbiz_commercial,,,,,,"{""competitor_count_1km"": 187, ""total_shops_1km"": 615, ""competition_density"": 0.3041, ""lat"": 35.2274563975307, ""lng"": 128.692558417241, ""address_name"": ""경남 창원시 성산구 신사로45번길 33"", ""region_2depth"": ""창원시 성산구"", ""region_3depth"": ""신월동""}",187.0,615.0,0.3041
ba_14185617,sbiz_commercial,,,,,,"{""competitor_count_1km"": 347, ""total_shops_1km"": 727, ""competition_density"": 0.4773, ""lat"": 36.8124272602662, ""lng"": 128.619097219677, ""address_name"": ""경북 영주시 지천로 136"", ""region_2depth"": ""영주시"", ""region_3depth"": ""가흥동""}",347.0,727.0,0.4773
ba_14189792,sbiz_commercial,,,,,,"{""competitor_count_1km"": 345, ""total_shops_1km"": 1000, ""competition_density"": 0.345, ""lat"": 35.1659202892898, ""lng"": 129.162169592708, ""address_name"": ""부산 해운대구 해운대로 663"", ""region_2depth"": ""해운대구"", ""region_3depth"": ""우동""}",345.0,1000.0,0.345
ba_14190360,sbiz_commercial,,,,,,"{""competitor_count_1km"": 162, ""total_shops_1km"": 588, ""competition_density"": 0.2755, ""lat"": 37.6745506930875, ""lng"": 126.813502809968, ""address_name"": ""경기 고양시 일산동구 위시티3로 75"", ""region_2depth"": ""고양시 일산동구"", ""region_3depth"": ""식사동""}",162.0,588.0,0.2755
ba_14228061,sbiz_commercial,,,,,,"{""competitor_count_1km"": 20, ""total_shops_1km"": 116, ""competition_density"": 0.1724, ""lat"": 37.6325606295737, ""lng"": 127.051747902831, ""address_name"": ""서울 노원구 초안산로5길 12"", ""region_2depth"": ""노원구"", ""region_3depth"": ""월계동""}",20.0,116.0,0.1724
ba_14228062,sbiz_commercial,,,,,,"{""competitor_count_1km"": 20, ""total_shops_1km"": 116, ""competition_density"": 0.1724, ""lat"": 37.6325606295737, ""lng"": 127.051747902831, ""address_name"": ""서울 노원구 초안산로5길 12"", ""region_2depth"": ""노원구"", ""region_3depth"": ""월계동""}",20.0,116.0,0.1724
ba_14228480,sbiz_commercial,,,,,,"{""competitor_count_1km"": 251, ""total_shops_1km"": 1000, ""competition_density"": 0.251, ""lat"": 37.5599193232613, ""lng"": 127.080746993399, ""address_name"": ""서울 광진구 능동로 339"", ""region_2depth"": ""광진구"", ""region_3depth"": ""중곡동""}",251.0,1000.0,0.251
ba_14228481,sbiz_commercial,,,,,,"{""competitor_count_1km"": 251, ""total_shops_1km"": 1000, ""competition_density"": 0.251, ""lat"": 37.5599193232613, ""lng"": 127.080746993399, ""address_name"": ""서울 광진구 능동로 339"", ""region_2depth"": ""광진구"", ""region_3depth"": ""중곡동""}",251.0,1000.0,0.251
ba_14229365,sbiz_commercial,,,,,,"{""competitor_count_1km"": 251, ""total_shops_1km"": 1000, ""competition_density"": 0.251, ""lat"": 37.5599193232613, ""lng"": 127.080746993399, ""address_name"": ""서울 광진구 능동로 339"", ""region_2depth"": ""광진구"", ""region_3depth"": ""중곡동""}",251.0,1000.0,0.251
ba_14238012,sbiz_commercial,,,,,,"{""competitor_count_1km"": 41, ""total_shops_1km"": 183, ""competition_density"": 0.224, ""lat"": 36.573543734323, ""lng"": 128.693377667604, ""address_name"": ""경북 안동시 경동로 293"", ""region_2depth"": ""안동시"", ""region_3depth"": ""송현동""}",41.0,183.0,0.224
ba_14239270,sbiz_commercial,,,,,,"{""competitor_count_1km"": 325, ""total_shops_1km"": 844, ""competition_density"": 0.3851, ""lat"": 35.8571161851662, ""lng"": 128.508215471124, ""address_name"": ""대구 달서구 선원남로 74"", ""region_2depth"": ""달서구"", ""region_3depth"": ""이곡동""}",325.0,844.0,0.3851
ba_14245849,sbiz_commercial,,,,,,"{""competitor_count_1km"": 274, ""total_shops_1km"": 503, ""competition_density"": 0.5447, ""lat"": 34.93098370578, ""lng"": 127.697748208474, ""address_name"": ""전남 광양시 길호1길 1"", ""region_2depth"": ""광양시"", ""region_3depth"": ""중동""}",274.0,503.0,0.5447
ba_14245878,sbiz_commercial,,,,,,"{""competitor_count_1km"": 182, ""total_shops_1km"": 562, ""competition_density"": 0.3238, ""lat"": 37.407831278782, ""lng"": 126.971553985033, ""address_name"": ""경기 안양시 동안구 동편로27번길 37"", ""region_2depth"": ""안양시 동안구"", ""region_3depth"": ""관양동""}",182.0,562.0,0.3238
ba_14248050,sbiz_commercial,,,,,,"{""competitor_count_1km"": 305, ""total_shops_1km"": 1000, ""competition_density"": 0.305, ""lat"": 36.3283972655773, ""lng"": 127.421260008487, ""address_name"": ""대전 중구 대종로517번길 61"", ""region_2depth"": ""중구"", ""region_3depth"": ""선화동""}",305.0,1000.0,0.305
ba_14248059,sbiz_commercial,,,,,,"{""competitor_count_1km"": 305, ""total_shops_1km"": 1000, ""competition_density"": 0.305, ""lat"": 36.3283972655773, ""lng"": 127.421260008487, ""address_name"": ""대전 중구 대종로517번길 61"", ""region_2depth"": ""중구"", ""region_3depth"": ""선화동""}",305.0,1000.0,0.305
ba_14249433,sbiz_commercial,,,,,,"{""competitor_count_1km"": 168, ""total_shops_1km"": 417, ""competition_density"": 0.4029, ""lat"": 35.1081946606785, ""lng"": 128.959071191417, ""address_name"": ""부산 사하구 하신번영로 304"", ""region_2depth"": ""사하구"", ""region_3depth"": ""하단동""}",168.0,417.0,0.4029
ba_14249441,sbiz_commercial,,,,,,"{""competitor_count_1km"": 168, ""total_shops_1km"": 417, ""competition_density"": 0.4029, ""lat"": 35.1081946606785, ""lng"": 128.959071191417, ""address_name"": ""부산 사하구 하신번영로 304"", ""region_2depth"": ""사하구"", ""region_3depth"": ""하단동""}",168.0,417.0,0.4029
ba_14250328,sbiz_commercial,,,,,,"{""competitor_count_1km"": 191, ""total_shops_1km"": 741, ""competition_density"": 0.2578, ""lat"": 37.6056126327816, ""lng"": 127.134593951395, ""address_name"": ""경기 구리시 동구릉로 64"", ""region_2depth"": ""구리시"", ""region_3depth"": ""인창동""}",191.0,741.0,0.2578
ba_14250329,sbiz_commercial,,,,,,"{""competitor_count_1km"": 191, ""total_shops_1km"": 741, ""competition_density"": 0.2578, ""lat"": 37.6056126327816, ""lng"": 127.134593951395, ""address_name"": ""경기 구리시 동구릉로 64"", ""region_2depth"": ""구리시"", ""region_3depth"": ""인창동""}",191.0,741.0,0.2578
ba_14251741,sbiz_commercial,,,,,,"{""competitor_count_1km"": 153, ""total_shops_1km"": 509, ""competition_density"": 0.3006, ""lat"": 35.9191341560906, ""lng"": 128.545477355003, ""address_name"": ""대구 북구 칠곡중앙대로53길 10"", ""region_2depth"": ""북구"", ""region_3depth"": ""태전동""}",153.0,509.0,0.3006
ba_14251745,sbiz_commercial,,,,,,"{""competitor_count_1km"": 153, ""total_shops_1km"": 509, ""competition_density"": 0.3006, ""lat"": 35.9191341560906, ""lng"": 128.545477355003, ""address_name"": ""대구 북구 칠곡중앙대로53길 10"", ""region_2depth"": ""북구"", ""region_3depth"": ""태전동""}",153.0,509.0,0.3006
ba_14252159,sbiz_commercial,,,,,,"{""competitor_count_1km"": 227, ""total_shops_1km"": 1000, ""competition_density"": 0.227, ""lat"": 37.49166412163, ""lng"": 126.980408043864, ""address_name"": ""서울 동작구 동작대로35길 46"", ""region_2depth"": ""동작구"", ""region_3depth"": ""사당동""}",227.0,1000.0,0.227
ba_14253619,sbiz_commercial,,,,,,"{""competitor_count_1km"": 218, ""total_shops_1km"": 1000, ""competition_density"": 0.218, ""lat"": 37.5192811429829, ""lng"": 126.88902705298, ""address_name"": ""서울 영등포구 선유로 59"", ""region_2depth"": ""영등포구"", ""region_3depth"": ""문래동6가""}",218.0,1000.0,0.218
ba_14254080,sbiz_commercial,,,,,,"{""competitor_count_1km"": 304, ""total_shops_1km"": 1000, ""competition_density"": 0.304, ""lat"": 37.594916861308, ""lng"": 127.095859853025, ""address_name"": ""서울 중랑구 봉우재로 207"", ""region_2depth"": ""중랑구"", ""region_3depth"": ""망우동""}",304.0,1000.0,0.304
ba_14256619,sbiz_commercial,,,,,,"{""competitor_count_1km"": 190, ""total_shops_1km"": 764, ""competition_density"": 0.2487, ""lat"": 37.3993838966555, ""lng"": 126.933356494436, ""address_name"": ""경기 안양시 동안구 비산로 9"", ""region_2depth"": ""안양시 동안구"", ""region_3depth"": ""비산동""}",190.0,764.0,0.2487
ba_14259741,sbiz_commercial,,,,,,"{""competitor_count_1km"": 40, ""total_shops_1km"": 113, ""competition_density"": 0.354, ""lat"": 37.9113282726372, ""lng"": 127.738835434142, ""address_name"": ""강원특별자치도 춘천시 우두1길 157"", ""region_2depth"": ""춘천시"", ""region_3depth"": ""우두동""}",40.0,113.0,0.354
ba_14260091,sbiz_commercial,,,,,,"{""competitor_count_1km"": 266, ""total_shops_1km"": 1000, ""competition_density"": 0.266, ""lat"": 37.4943187806284, ""lng"": 126.72837120531, ""address_name"": ""인천 부평구 부평문화로 107-3"", ""region_2depth"": ""부평구"", ""region_3depth"": ""부평동""}",266.0,1000.0,0.266
ba_14260093,sbiz_commercial,,,,,,"{""competitor_count_1km"": 266, ""total_shops_1km"": 1000, ""competition_density"": 0.266, ""lat"": 37.4943187806284, ""lng"": 126.72837120531, ""address_name"": ""인천 부평구 부평문화로 107-3"", ""region_2depth"": ""부평구"", ""region_3depth"": ""부평동""}",266.0,1000.0,0.266
ba_14262149,sbiz_commercial,,,,,,"{""competitor_count_1km"": 279, ""total_shops_1km"": 778, ""competition_density"": 0.3586, ""lat"": 37.2698720361181, ""lng"": 127.217869075756, ""address_name"": ""경기 용인시 처인구 포곡읍 포곡로 113"", ""region_2depth"": ""용인시 처인구"", ""region_3depth"": ""포곡읍 둔전리""}",279.0,778.0,0.3586
ba_14267053,sbiz_commercial,,,,,,"{""competitor_count_1km"": 120, ""total_shops_1km"": 276, ""competition_density"": 0.4348, ""lat"": 37.250869611835, ""lng"": 127.357024583976, ""address_name"": ""경기 이천시 마장면 중앙로10번길 30"", ""region_2depth"": ""이천시"", ""region_3depth"": ""마장면 오천리""}",120.0,276.0,0.4348
ba_14267751,sbiz_commercial,,,,,,"{""competitor_count_1km"": 203, ""total_shops_1km"": 745, ""competition_density"": 0.2725, ""lat"": 37.5053976099345, ""lng"": 126.864686815758, ""address_name"": ""서울 양천구 목동남로2길 60-7"", ""region_2depth"": ""양천구"", ""region_3depth"": ""신정동""}",203.0,745.0,0.2725
ba_14268780,sbiz_commercial,,,,,,"{""competitor_count_1km"": 22, ""total_shops_1km"": 53, ""competition_density"": 0.4151, ""lat"": 36.491975619508, ""lng"": 127.325664079893, ""address_name"": ""세종특별자치시 남세종로 73"", ""region_2depth"": """", ""region_3depth"": ""집현동""}",22.0,53.0,0.4151
ba_14270407,sbiz_commercial,,,,,,"{""competitor_count_1km"": 98, ""total_shops_1km"": 359, ""competition_density"": 0.273, ""lat"": 35.1707192225559, ""lng"": 129.139192520482, ""address_name"": ""부산 해운대구 해운대로383번길 37"", ""region_2depth"": ""해운대구"", ""region_3depth"": ""우동""}",98.0,359.0,0.273
ba_14270903,sbiz_commercial,,,,,,"{""competitor_count_1km"": 289, ""total_shops_1km"": 966, ""competition_density"": 0.2992, ""lat"": 37.4949418637182, ""lng"": 126.791278465024, ""address_name"": ""경기 부천시 원미구 원미로 137"", ""region_2depth"": ""부천시 원미구"", ""region_3depth"": ""원미동""}",289.0,966.0,0.2992
ba_14270904,sbiz_commercial,,,,,,"{""competitor_count_1km"": 289, ""total_shops_1km"": 966, ""competition_density"": 0.2992, ""lat"": 37.4949418637182, ""lng"": 126.791278465024, ""address_name"": ""경기 부천시 원미구 원미로 137"", ""region_2depth"": ""부천시 원미구"", ""region_3depth"": ""원미동""}",289.0,966.0,0.2992
ba_14271330,sbiz_commercial,,,,,,"{""competitor_count_1km"": 146, ""total_shops_1km"": 428, ""competition_density"": 0.3411, ""lat"": 35.266616491977, ""lng"": 129.223241197545, ""address_name"": ""부산 기장군 일광읍 해빛로 39-14"", ""region_2depth"": ""기장군"", ""region_3depth"": ""일광읍 삼성리""}",146.0,428.0,0.3411
ba_14271331,sbiz_commercial,,,,,,"{""competitor_count_1km"": 146, ""total_shops_1km"": 428, ""competition_density"": 0.3411, ""lat"": 35.266616491977, ""lng"": 129.223241197545, ""address_name"": ""부산 기장군 일광읍 해빛로 39-14"", ""region_2depth"": ""기장군"", ""region_3depth"": ""일광읍 삼성리""}",146.0,428.0,0.3411
ba_14272179,sbiz_commercial,,,,,,"{""competitor_count_1km"": 120, ""total_shops_1km"": 276, ""competition_density"": 0.4348, ""lat"": 37.250869611835, ""lng"": 127.357024583976, ""address_name"": ""경기 이천시 마장면 중앙로10번길 30"", ""region_2depth"": ""이천시"", ""region_3depth"": ""마장면 오천리""}",120.0,276.0,0.4348
ba_14272566,sbiz_commercial,,,,,,"{""competitor_count_1km"": 239, ""total_shops_1km"": 805, ""competition_density"": 0.2969, ""lat"": 37.4735617165227, ""lng"": 126.848940562742, ""address_name"": ""경기 광명시 광화로 22"", ""region_2depth"": ""광명시"", ""region_3depth"": ""광명동""}",239.0,805.0,0.2969
ba_14273436,sbiz_commercial,,,,,,"{""competitor_count_1km"": 397, ""total_shops_1km"": 1000, ""competition_density"": 0.397, ""lat"": 34.8901333295027, ""lng"": 128.623564207805, ""address_name"": ""경남 거제시 서문로 73"", ""region_2depth"": ""거제시"", ""region_3depth"": ""고현동""}",397.0,1000.0,0.397
ba_14273478,sbiz_commercial,,,,,,"{""competitor_count_1km"": 289, ""total_shops_1km"": 966, ""competition_density"": 0.2992, ""lat"": 37.4949418637182, ""lng"": 126.791278465024, ""address_name"": ""경기 부천시 원미구 원미로 137"", ""region_2depth"": ""부천시 원미구"", ""region_3depth"": ""원미동""}",289.0,966.0,0.2992
ba_14273972,sbiz_commercial,,,,,,"{""competitor_count_1km"": 279, ""total_shops_1km"": 646, ""competition_density"": 0.4319, ""lat"": 36.9836284654061, ""lng"": 128.369000297575, ""address_name"": ""충북 단양군 단양읍 삼봉로 299"", ""region_2depth"": ""단양군"", ""region_3depth"": ""단양읍 별곡리""}",279.0,646.0,0.4319
ba_14274675,sbiz_commercial,,,,,,"{""competitor_count_1km"": 78, ""total_shops_1km"": 214, ""competition_density"": 0.3645, ""lat"": 36.956629052566, ""lng"": 127.925115773591, ""address_name"": ""충북 충주시 호암수청2로 29"", ""region_2depth"": ""충주시"", ""region_3depth"": ""호암동""}",78.0,214.0,0.3645
ba_14274836,sbiz_commercial,,,,,,"{""competitor_count_1km"": 119, ""total_shops_1km"": 311, ""competition_density"": 0.3826, ""lat"": 38.0908830071672, ""lng"": 127.274162717827, ""address_name"": ""경기 포천시 영북면 영북로 187-7"", ""region_2depth"": ""포천시"", ""region_3depth"": ""영북면 운천리""}",119.0,311.0,0.3826
ba_14276685,sbiz_commercial,,,,,,"{""competitor_count_1km"": 330, ""total_shops_1km"": 797, ""competition_density"": 0.4141, ""lat"": 38.2083574769582, ""lng"": 127.21837066199, ""address_name"": ""강원특별자치도 철원군 동송읍 금학로 220-1"", ""region_2depth"": ""철원군"", ""region_3depth"": ""동송읍 이평리""}",330.0,797.0,0.4141
ba_14277930,sbiz_commercial,,,,,,"{""competitor_count_1km"": 248, ""total_shops_1km"": 976, ""competition_density"": 0.2541, ""lat"": 37.2005430908158, ""lng"": 127.113722332061, ""address_name"": ""경기 화성시 동탄구 동탄대로시범길 148-54"", ""region_2depth"": ""화성시 동탄구"", ""region_3depth"": ""청계동""}",248.0,976.0,0.2541
ba_14279612,sbiz_commercial,,,,,,"{""competitor_count_1km"": 53, ""total_shops_1km"": 167, ""competition_density"": 0.3174, ""lat"": 35.2494560745354, ""lng"": 129.013141960083, ""address_name"": ""부산 북구 금곡대로 460"", ""region_2depth"": ""북구"", ""region_3depth"": ""금곡동""}",53.0,167.0,0.3174
ba_14280570,sbiz_commercial,,,,,,"{""competitor_count_1km"": 186, ""total_shops_1km"": 719, ""competition_density"": 0.2587, ""lat"": 37.3736518597654, ""lng"": 127.119960387877, ""address_name"": ""경기 성남시 분당구 내정로 172"", ""region_2depth"": ""성남시 분당구"", ""region_3depth"": ""수내동""}",186.0,719.0,0.2587
ba_14283482,sbiz_commercial,,,,,,"{""competitor_count_1km"": 269, ""total_shops_1km"": 1000, ""competition_density"": 0.269, ""lat"": 37.5279188302263, ""lng"": 126.864391372696, ""address_name"": ""서울 양천구 목동로 218"", ""region_2depth"": ""양천구"", ""region_3depth"": ""목동""}",269.0,1000.0,0.269
ba_14285796,sbiz_commercial,,,,,,"{""competitor_count_1km"": 54, ""total_shops_1km"": 191, ""competition_density"": 0.2827, ""lat"": 35.8762257032913, ""lng"": 128.547271572139, ""address_name"": ""대구 서구 당산로 446"", ""region_2depth"": ""서구"", ""region_3depth"": ""평리동""}",54.0,191.0,0.2827
ba_14294026,sbiz_commercial,,,,,,"{""competitor_count_1km"": 148, ""total_shops_1km"": 545, ""competition_density"": 0.2716, ""lat"": 35.1704893704936, ""lng"": 126.905811442182, ""address_name"": ""광주 북구 서양로 41"", ""region_2depth"": ""북구"", ""region_3depth"": ""신안동""}",148.0,545.0,0.2716
ba_14294656,sbiz_commercial,,,,,,"{""competitor_count_1km"": 204, ""total_shops_1km"": 623, ""competition_density"": 0.3274, ""lat"": 37.5183369809372, ""lng"": 126.70816111775, ""address_name"": ""인천 부평구 평천로 158"", ""region_2depth"": ""부평구"", ""region_3depth"": ""청천동""}",204.0,623.0,0.3274
ba_14296954,sbiz_commercial,,,,,,"{""competitor_count_1km"": 235, ""total_shops_1km"": 649, ""competition_density"": 0.3621, ""lat"": 36.6149448344046, ""lng"": 127.520876977217, ""address_name"": ""충북 청주시 상당구 중고개로 104"", ""region_2depth"": ""청주시 상당구"", ""region_3depth"": ""용암동""}",235.0,649.0,0.3621
ba_14297681,sbiz_commercial,,,,,,"{""competitor_count_1km"": 84, ""total_shops_1km"": 321, ""competition_density"": 0.2617, ""lat"": 36.7671002210881, ""lng"": 126.455471506231, ""address_name"": ""충남 서산시 석남3로 7"", ""region_2depth"": ""서산시"", ""region_3depth"": ""석남동""}",84.0,321.0,0.2617
ba_14308401,sbiz_commercial,,,,,,"{""competitor_count_1km"": 176, ""total_shops_1km"": 1000, ""competition_density"": 0.176, ""lat"": 37.5103690964957, ""lng"": 127.053410791714, ""address_name"": ""서울 강남구 삼성로103길 12"", ""region_2depth"": ""강남구"", ""region_3depth"": ""삼성동""}",176.0,1000.0,0.176
ba_14308402,sbiz_commercial,,,,,,"{""competitor_count_1km"": 176, ""total_shops_1km"": 1000, ""competition_density"": 0.176, ""lat"": 37.5103690964957, ""lng"": 127.053410791714, ""address_name"": ""서울 강남구 삼성로103길 12"", ""region_2depth"": ""강남구"", ""region_3depth"": ""삼성동""}",176.0,1000.0,0.176
ba_14309634,sbiz_commercial,,,,,,"{""competitor_count_1km"": 176, ""total_shops_1km"": 1000, ""competition_density"": 0.176, ""lat"": 37.5103690964957, ""lng"": 127.053410791714, ""address_name"": ""서울 강남구 삼성로103길 12"", ""region_2depth"": ""강남구"", ""region_3depth"": ""삼성동""}",176.0,1000.0,0.176
ba_14322928,sbiz_commercial,,,,,,"{""competitor_count_1km"": 293, ""total_shops_1km"": 1000, ""competition_density"": 0.293, ""lat"": 37.4834052033738, ""lng"": 126.776502518436, ""address_name"": ""경기 부천시 소사구 경인로 190"", ""region_2depth"": ""부천시 소사구"", ""region_3depth"": ""심곡본동""}",293.0,1000.0,0.293
ba_14325499,sbiz_commercial,,,,,,"{""competitor_count_1km"": 261, ""total_shops_1km"": 780, ""competition_density"": 0.3346, ""lat"": 36.9841874633896, ""lng"": 127.941681935189, ""address_name"": ""충북 충주시 연수동산로3길 20"", ""region_2depth"": ""충주시"", ""region_3depth"": ""연수동""}",261.0,780.0,0.3346
ba_14327485,sbiz_commercial,,,,,,"{""competitor_count_1km"": 99, ""total_shops_1km"": 342, ""competition_density"": 0.2895, ""lat"": 37.3816016245301, ""lng"": 126.791393037235, ""address_name"": ""경기 시흥시 장곡북로 43"", ""region_2depth"": ""시흥시"", ""region_3depth"": ""장곡동""}",99.0,342.0,0.2895
ba_14327700,sbiz_commercial,,,,,,"{""competitor_count_1km"": 180, ""total_shops_1km"": 1000, ""competition_density"": 0.18, ""lat"": 35.1631975375537, ""lng"": 129.063894634575, ""address_name"": ""부산 부산진구 중앙대로 802"", ""region_2depth"": ""부산진구"", ""region_3depth"": ""전포동""}",180.0,1000.0,0.18
ba_14332090,sbiz_commercial,,,,,,"{""competitor_count_1km"": 389, ""total_shops_1km"": 1000, ""competition_density"": 0.389, ""lat"": 34.9509242133001, ""lng"": 127.527922814078, ""address_name"": ""전남 순천시 해룡면 조례못등길 70"", ""region_2depth"": ""순천시"", ""region_3depth"": ""해룡면 상삼리""}",389.0,1000.0,0.389
ba_14332093,sbiz_commercial,,,,,,"{""competitor_count_1km"": 389, ""total_shops_1km"": 1000, ""competition_density"": 0.389, ""lat"": 34.9509242133001, ""lng"": 127.527922814078, ""address_name"": ""전남 순천시 해룡면 조례못등길 70"", ""region_2depth"": ""순천시"", ""region_3depth"": ""해룡면 상삼리""}",389.0,1000.0,0.389
ba_14335138,sbiz_commercial,,,,,,"{""competitor_count_1km"": 202, ""total_shops_1km"": 639, ""competition_density"": 0.3161, ""lat"": 36.351113083958, ""lng"": 127.451875175681, ""address_name"": ""대전 동구 흥룡로 79"", ""region_2depth"": ""동구"", ""region_3depth"": ""가양동""}",202.0,639.0,0.3161
ba_14335172,sbiz_commercial,,,,,,"{""competitor_count_1km"": 99, ""total_shops_1km"": 342, ""competition_density"": 0.2895, ""lat"": 37.3816016245301, ""lng"": 126.791393037235, ""address_name"": ""경기 시흥시 장곡북로 43"", ""region_2depth"": ""시흥시"", ""region_3depth"": ""장곡동""}",99.0,342.0,0.2895
ba_14336642,sbiz_commercial,,,,,,"{""competitor_count_1km"": 197, ""total_shops_1km"": 809, ""competition_density"": 0.2435, ""lat"": 37.4347681363683, ""lng"": 127.158658743671, ""address_name"": ""경기 성남시 중원구 희망로 324"", ""region_2depth"": ""성남시 중원구"", ""region_3depth"": ""상대원동""}",197.0,809.0,0.2435
ba_14338227,sbiz_commercial,,,,,,"{""competitor_count_1km"": 197, ""total_shops_1km"": 809, ""competition_density"": 0.2435, ""lat"": 37.4347681363683, ""lng"": 127.158658743671, ""address_name"": ""경기 성남시 중원구 희망로 324"", ""region_2depth"": ""성남시 중원구"", ""region_3depth"": ""상대원동""}",197.0,809.0,0.2435
ba_14341228,sbiz_commercial,,,,,,"{""error"": ""geocoding_failed"", ""shop_name"": ""굽네피자&치킨 고덕국제점""}",,,
ba_14352915,sbiz_commercial,,,,,,"{""competitor_count_1km"": 75, ""total_shops_1km"": 204, ""competition_density"": 0.3676, ""lat"": 35.8656002313688, ""lng"": 128.45849802123, ""address_name"": ""대구 달성군 다사읍 다사로 71"", ""region_2depth"": ""달성군"", ""region_3depth"": ""다사읍 매곡리""}",75.0,204.0,0.3676
ba_14356032,sbiz_commercial,,,,,,"{""competitor_count_1km"": 223, ""total_shops_1km"": 542, ""competition_density"": 0.4114, ""lat"": 37.4858217115346, ""lng"": 127.594988767309, ""address_name"": ""경기 양평군 용문면 용문로 377"", ""region_2depth"": ""양평군"", ""region_3depth"": ""용문면 다문리""}",223.0,542.0,0.4114
ba_14360458,sbiz_commercial,,,,,,"{""competitor_count_1km"": 147, ""total_shops_1km"": 367, ""competition_density"": 0.4005, ""lat"": 36.6311150113905, ""lng"": 127.329615865877, ""address_name"": ""충북 청주시 흥덕구 오송읍 오송생명로 186"", ""region_2depth"": ""청주시 흥덕구"", ""region_3depth"": ""오송읍 연제리""}",147.0,367.0,0.4005
ba_14363013,sbiz_commercial,,,,,,"{""competitor_count_1km"": 147, ""total_shops_1km"": 556, ""competition_density"": 0.2644, ""lat"": 35.1932607690435, ""lng"": 126.901164262185, ""address_name"": ""광주 북구 설죽로370번길 24"", ""region_2depth"": ""북구"", ""region_3depth"": ""오치동""}",147.0,556.0,0.2644
ba_14371606,sbiz_commercial,,,,,,"{""competitor_count_1km"": 424, ""total_shops_1km"": 1000, ""competition_density"": 0.424, ""lat"": 35.2046130923837, ""lng"": 129.076599575529, ""address_name"": ""부산 동래구 충렬대로 152"", ""region_2depth"": ""동래구"", ""region_3depth"": ""온천동""}",424.0,1000.0,0.424
ba_14387283,sbiz_commercial,,,,,,"{""competitor_count_1km"": 63, ""total_shops_1km"": 270, ""competition_density"": 0.2333, ""lat"": 37.3277931174986, ""lng"": 127.068630362824, ""address_name"": ""경기 용인시 수지구 신봉1로 165"", ""region_2depth"": ""용인시 수지구"", ""region_3depth"": ""신봉동""}",63.0,270.0,0.2333
ba_14387630,sbiz_commercial,,,,,,"{""competitor_count_1km"": 290, ""total_shops_1km"": 1000, ""competition_density"": 0.29, ""lat"": 37.5492915789041, ""lng"": 126.86271744207, ""address_name"": ""서울 강서구 등촌로53길 13"", ""region_2depth"": ""강서구"", ""region_3depth"": ""등촌동""}",290.0,1000.0,0.29
ba_14388856,sbiz_commercial,,,,,,"{""competitor_count_1km"": 311, ""total_shops_1km"": 1000, ""competition_density"": 0.311, ""lat"": 37.5280905345888, ""lng"": 126.919911477298, ""address_name"": ""서울 영등포구 국회대로66길 23"", ""region_2depth"": ""영등포구"", ""region_3depth"": ""여의도동""}",311.0,1000.0,0.311
ba_14388863,sbiz_commercial,,,,,,"{""competitor_count_1km"": 311, ""total_shops_1km"": 1000, ""competition_density"": 0.311, ""lat"": 37.5280905345888, ""lng"": 126.919911477298, ""address_name"": ""서울 영등포구 국회대로66길 23"", ""region_2depth"": ""영등포구"", ""region_3depth"": ""여의도동""}",311.0,1000.0,0.311
ba_14390691,sbiz_commercial,,,,,,"{""competitor_count_1km"": 86, ""total_shops_1km"": 371, ""competition_density"": 0.2318, ""lat"": 35.8136311650307, ""lng"": 128.732059913842, ""address_name"": ""경북 경산시 경산로 51"", ""region_2depth"": ""경산시"", ""region_3depth"": ""옥곡동""}",86.0,371.0,0.2318
ba_14392310,sbiz_commercial,,,,,,"{""competitor_count_1km"": 290, ""total_shops_1km"": 1000, ""competition_density"": 0.29, ""lat"": 37.5492915789041, ""lng"": 126.86271744207, ""address_name"": ""서울 강서구 등촌로53길 13"", ""region_2depth"": ""강서구"", ""region_3depth"": ""등촌동""}",290.0,1000.0,0.29
ba_14392877,sbiz_commercial,,,,,,"{""competitor_count_1km"": 278, ""total_shops_1km"": 1000, ""competition_density"": 0.278, ""lat"": 37.459565033529, ""lng"": 126.690200482844, ""address_name"": ""인천 미추홀구 경원대로864번길 10"", ""region_2depth"": ""미추홀구"", ""region_3depth"": ""주안동""}",278.0,1000.0,0.278
ba_14396364,sbiz_commercial,,,,,,"{""competitor_count_1km"": 80, ""total_shops_1km"": 267, ""competition_density"": 0.2996, ""lat"": 37.2758204516127, ""lng"": 127.143609227741, ""address_name"": ""경기 용인시 기흥구 어정로 127"", ""region_2depth"": ""용인시 기흥구"", ""region_3depth"": ""상하동""}",80.0,267.0,0.2996
ba_14397420,sbiz_commercial,,,,,,"{""competitor_count_1km"": 109, ""total_shops_1km"": 316, ""competition_density"": 0.3449, ""lat"": 35.1313005627606, ""lng"": 128.706352028528, ""address_name"": ""경남 창원시 진해구 충장로657번길 35"", ""region_2depth"": ""창원시 진해구"", ""region_3depth"": ""풍호동""}",109.0,316.0,0.3449
ba_14399330,sbiz_commercial,,,,,,"{""competitor_count_1km"": 302, ""total_shops_1km"": 863, ""competition_density"": 0.3499, ""lat"": 35.8183943451082, ""lng"": 128.539565402634, ""address_name"": ""대구 달서구 상인서로 103-6"", ""region_2depth"": ""달서구"", ""region_3depth"": ""상인동""}",302.0,863.0,0.3499
ba_14400680,sbiz_commercial,,,,,,"{""competitor_count_1km"": 63, ""total_shops_1km"": 149, ""competition_density"": 0.4228, ""lat"": 34.7458174883325, ""lng"": 126.476384382132, ""address_name"": ""전남 영암군 삼호읍 삼호중앙로 234"", ""region_2depth"": ""영암군"", ""region_3depth"": ""삼호읍 용앙리""}",63.0,149.0,0.4228
ba_14400681,sbiz_commercial,,,,,,"{""competitor_count_1km"": 63, ""total_shops_1km"": 149, ""competition_density"": 0.4228, ""lat"": 34.7458174883325, ""lng"": 126.476384382132, ""address_name"": ""전남 영암군 삼호읍 삼호중앙로 234"", ""region_2depth"": ""영암군"", ""region_3depth"": ""삼호읍 용앙리""}",63.0,149.0,0.4228
ba_14413122,sbiz_commercial,,,,,,"{""competitor_count_1km"": 114, ""total_shops_1km"": 635, ""competition_density"": 0.1795, ""lat"": 35.8432176496793, ""lng"": 127.077655948082, ""address_name"": ""전북특별자치도 전주시 덕진구 만성중앙로 53-37"", ""region_2depth"": ""전주시 덕진구"", ""region_3depth"": ""만성동""}",114.0,635.0,0.1795
ba_14422337,sbiz_commercial,,,,,,"{""competitor_count_1km"": 51, ""total_shops_1km"": 190, ""competition_density"": 0.2684, ""lat"": 37.5794528561065, ""lng"": 126.870613359914, ""address_name"": ""경기 고양시 덕양구 으뜸로 130"", ""region_2depth"": ""고양시 덕양구"", ""region_3depth"": ""덕은동""}",51.0,190.0,0.2684
ba_14435298,sbiz_commercial,,,,,,"{""competitor_count_1km"": 318, ""total_shops_1km"": 974, ""competition_density"": 0.3265, ""lat"": 37.5000453388653, ""lng"": 126.731069922506, ""address_name"": ""인천 부평구 장제로 162"", ""region_2depth"": ""부평구"", ""region_3depth"": ""부평동""}",318.0,974.0,0.3265
ba_14435750,sbiz_commercial,,,,,,"{""competitor_count_1km"": 74, ""total_shops_1km"": 351, ""competition_density"": 0.2108, ""lat"": 35.19749100281, ""lng"": 126.871237767319, ""address_name"": ""광주 북구 양일로 58"", ""region_2depth"": ""북구"", ""region_3depth"": ""연제동""}",74.0,351.0,0.2108
ba_14437626,sbiz_commercial,,,,,,"{""competitor_count_1km"": 119, ""total_shops_1km"": 413, ""competition_density"": 0.2881, ""lat"": 35.947739715713, ""lng"": 128.553418426937, ""address_name"": ""대구 북구 칠곡중앙대로118길 14"", ""region_2depth"": ""북구"", ""region_3depth"": ""읍내동""}",119.0,413.0,0.2881
ba_14440526,sbiz_commercial,,,,,,"{""competitor_count_1km"": 213, ""total_shops_1km"": 513, ""competition_density"": 0.4152, ""lat"": 36.7793175119617, ""lng"": 126.466331735429, ""address_name"": ""충남 서산시 율지19길 47-10"", ""region_2depth"": ""서산시"", ""region_3depth"": ""동문동""}",213.0,513.0,0.4152
ba_14440680,sbiz_commercial,,,,,,"{""competitor_count_1km"": 243, ""total_shops_1km"": 1000, ""competition_density"": 0.243, ""lat"": 37.5792189904101, ""lng"": 127.083356135184, ""address_name"": ""서울 중랑구 면목로35길 52"", ""region_2depth"": ""중랑구"", ""region_3depth"": ""면목동""}",243.0,1000.0,0.243
ba_14440681,sbiz_commercial,,,,,,"{""competitor_count_1km"": 243, ""total_shops_1km"": 1000, ""competition_density"": 0.243, ""lat"": 37.5792189904101, ""lng"": 127.083356135184, ""address_name"": ""서울 중랑구 면목로35길 52"", ""region_2depth"": ""중랑구"", ""region_3depth"": ""면목동""}",243.0,1000.0,0.243
ba_14441181,sbiz_commercial,,,,,,"{""competitor_count_1km"": 191, ""total_shops_1km"": 484, ""competition_density"": 0.3946, ""lat"": 35.0167268324436, ""lng"": 126.794022014531, ""address_name"": ""전남 나주시 그린로 339"", ""region_2depth"": ""나주시"", ""region_3depth"": ""빛가람동""}",191.0,484.0,0.3946
ba_14441192,sbiz_commercial,,,,,,"{""competitor_count_1km"": 191, ""total_shops_1km"": 484, ""competition_density"": 0.3946, ""lat"": 35.0167268324436, ""lng"": 126.794022014531, ""address_name"": ""전남 나주시 그린로 339"", ""region_2depth"": ""나주시"", ""region_3depth"": ""빛가람동""}",191.0,484.0,0.3946
ba_14448826,sbiz_commercial,,,,,,"{""competitor_count_1km"": 247, ""total_shops_1km"": 1000, ""competition_density"": 0.247, ""lat"": 37.5947337315248, ""lng"": 126.713749299963, ""address_name"": ""인천 서구 이음5로 65"", ""region_2depth"": ""서구"", ""region_3depth"": ""원당동""}",247.0,1000.0,0.247
ba_14449139,sbiz_commercial,,,,,,"{""competitor_count_1km"": 156, ""total_shops_1km"": 490, ""competition_density"": 0.3184, ""lat"": 36.3284761766484, ""lng"": 127.459029050499, ""address_name"": ""대전 동구 용운로151번길 9"", ""region_2depth"": ""동구"", ""region_3depth"": ""용운동""}",156.0,490.0,0.3184
ba_14454741,sbiz_commercial,,,,,,"{""competitor_count_1km"": 149, ""total_shops_1km"": 553, ""competition_density"": 0.2694, ""lat"": 37.4695796122852, ""lng"": 126.796875025796, ""address_name"": ""경기 부천시 소사구 소사로 124"", ""region_2depth"": ""부천시 소사구"", ""region_3depth"": ""소사본동""}",149.0,553.0,0.2694
ba_14456345,sbiz_commercial,,,,,,"{""competitor_count_1km"": 54, ""total_shops_1km"": 226, ""competition_density"": 0.2389, ""lat"": 36.8321918384635, ""lng"": 127.153770119687, ""address_name"": ""충남 천안시 서북구 북일로 21"", ""region_2depth"": ""천안시 서북구"", ""region_3depth"": ""두정동""}",54.0,226.0,0.2389
ba_14456826,sbiz_commercial,,,,,,"{""competitor_count_1km"": 238, ""total_shops_1km"": 582, ""competition_density"": 0.4089, ""lat"": 36.6203417599608, ""lng"": 127.316046756573, ""address_name"": ""충북 청주시 흥덕구 오송읍 오송생명7로 146"", ""region_2depth"": ""청주시 흥덕구"", ""region_3depth"": ""오송읍 봉산리""}",238.0,582.0,0.4089
ba_14456827,sbiz_commercial,,,,,,"{""competitor_count_1km"": 86, ""total_shops_1km"": 349, ""competition_density"": 0.2464, ""lat"": 37.4773624178744, ""lng"": 126.700993091846, ""address_name"": ""인천 부평구 열우물로 90"", ""region_2depth"": ""부평구"", ""region_3depth"": ""십정동""}",86.0,349.0,0.2464
ba_14457403,sbiz_commercial,,,,,,"{""competitor_count_1km"": 206, ""total_shops_1km"": 763, ""competition_density"": 0.27, ""lat"": 35.1747548706191, ""lng"": 129.082616929723, ""address_name"": ""부산 연제구 연수로 110"", ""region_2depth"": ""연제구"", ""region_3depth"": ""연산동""}",206.0,763.0,0.27
ba_14458025,sbiz_commercial,,,,,,"{""competitor_count_1km"": 283, ""total_shops_1km"": 838, ""competition_density"": 0.3377, ""lat"": 35.5314127743259, ""lng"": 129.311246891018, ""address_name"": ""울산 남구 수암로 28-1"", ""region_2depth"": ""남구"", ""region_3depth"": ""신정동""}",283.0,838.0,0.3377
ba_14459736,sbiz_commercial,,,,,,"{""competitor_count_1km"": 312, ""total_shops_1km"": 929, ""competition_density"": 0.3358, ""lat"": 37.6587181166787, ""lng"": 127.304901809794, ""address_name"": ""경기 남양주시 화도읍 마석로 87-10"", ""region_2depth"": ""남양주시"", ""region_3depth"": ""화도읍 마석우리""}",312.0,929.0,0.3358
ba_14462203,sbiz_commercial,,,,,,"{""competitor_count_1km"": 229, ""total_shops_1km"": 768, ""competition_density"": 0.2982, ""lat"": 35.877764101629, ""lng"": 128.608240155197, ""address_name"": ""대구 동구 신암로 70"", ""region_2depth"": ""동구"", ""region_3depth"": ""신암동""}",229.0,768.0,0.2982
ba_14463467,sbiz_commercial,,,,,,"{""competitor_count_1km"": 130, ""total_shops_1km"": 440, ""competition_density"": 0.2955, ""lat"": 35.2391676993315, ""lng"": 129.016022012086, ""address_name"": ""부산 북구 산성로 28"", ""region_2depth"": ""북구"", ""region_3depth"": ""화명동""}",130.0,440.0,0.2955
ba_14463469,sbiz_commercial,,,,,,"{""competitor_count_1km"": 130, ""total_shops_1km"": 440, ""competition_density"": 0.2955, ""lat"": 35.2391676993315, ""lng"": 129.016022012086, ""address_name"": ""부산 북구 산성로 28"", ""region_2depth"": ""북구"", ""region_3depth"": ""화명동""}",130.0,440.0,0.2955
ba_14464913,sbiz_commercial,,,,,,"{""competitor_count_1km"": 145, ""total_shops_1km"": 575, ""competition_density"": 0.2522, ""lat"": 35.2550789187898, ""lng"": 129.090488915203, ""address_name"": ""부산 금정구 두실로7번길 119"", ""region_2depth"": ""금정구"", ""region_3depth"": ""구서동""}",145.0,575.0,0.2522
ba_14464914,sbiz_commercial,,,,,,"{""competitor_count_1km"": 145, ""total_shops_1km"": 575, ""competition_density"": 0.2522, ""lat"": 35.2550789187898, ""lng"": 129.090488915203, ""address_name"": ""부산 금정구 두실로7번길 119"", ""region_2depth"": ""금정구"", ""region_3depth"": ""구서동""}",145.0,575.0,0.2522
ba_14470771,sbiz_commercial,,,,,,"{""competitor_count_1km"": 365, ""total_shops_1km"": 1000, ""competition_density"": 0.365, ""lat"": 35.1096824683279, ""lng"": 129.017297681079, ""address_name"": ""부산 서구 대영로 54"", ""region_2depth"": ""서구"", ""region_3depth"": ""서대신동1가""}",365.0,1000.0,0.365
ba_14472921,sbiz_commercial,,,,,,"{""competitor_count_1km"": 252, ""total_shops_1km"": 661, ""competition_density"": 0.3812, ""lat"": 35.863039834832, ""lng"": 128.554646780684, ""address_name"": ""대구 서구 평리로 286"", ""region_2depth"": ""서구"", ""region_3depth"": ""내당동""}",252.0,661.0,0.3812
ba_14473511,sbiz_commercial,,,,,,"{""competitor_count_1km"": 89, ""total_shops_1km"": 271, ""competition_density"": 0.3284, ""lat"": 35.2696207285779, ""lng"": 128.863398410107, ""address_name"": ""경남 김해시 가야로 26"", ""region_2depth"": ""김해시"", ""region_3depth"": ""삼계동""}",89.0,271.0,0.3284
ba_14484108,sbiz_commercial,,,,,,"{""competitor_count_1km"": 177, ""total_shops_1km"": 562, ""competition_density"": 0.3149, ""lat"": 37.8740951555013, ""lng"": 127.752370317943, ""address_name"": ""강원특별자치도 춘천시 후석로 253"", ""region_2depth"": ""춘천시"", ""region_3depth"": ""후평동""}",177.0,562.0,0.3149
ba_14484534,sbiz_commercial,,,,,,"{""competitor_count_1km"": 103, ""total_shops_1km"": 448, ""competition_density"": 0.2299, ""lat"": 37.365130721251, ""lng"": 126.929726104547, ""address_name"": ""경기 군포시 산본로 394"", ""region_2depth"": ""군포시"", ""region_3depth"": ""산본동""}",103.0,448.0,0.2299
ba_14488211,sbiz_commercial,,,,,,"{""competitor_count_1km"": 138, ""total_shops_1km"": 577, ""competition_density"": 0.2392, ""lat"": 37.6656065547132, ""lng"": 126.795543195414, ""address_name"": ""경기 고양시 일산동구 고풍로 72-41"", ""region_2depth"": ""고양시 일산동구"", ""region_3depth"": ""풍동""}",138.0,577.0,0.2392
ba_14488212,sbiz_commercial,,,,,,"{""competitor_count_1km"": 138, ""total_shops_1km"": 577, ""competition_density"": 0.2392, ""lat"": 37.6656065547132, ""lng"": 126.795543195414, ""address_name"": ""경기 고양시 일산동구 고풍로 72-41"", ""region_2depth"": ""고양시 일산동구"", ""region_3depth"": ""풍동""}",138.0,577.0,0.2392
ba_14488495,sbiz_commercial,,,,,,"{""competitor_count_1km"": 217, ""total_shops_1km"": 798, ""competition_density"": 0.2719, ""lat"": 37.6055855770269, ""lng"": 126.910326740369, ""address_name"": ""서울 은평구 갈현로 85"", ""region_2depth"": ""은평구"", ""region_3depth"": ""역촌동""}",217.0,798.0,0.2719
ba_14495787,sbiz_commercial,,,,,,"{""competitor_count_1km"": 215, ""total_shops_1km"": 597, ""competition_density"": 0.3601, ""lat"": 35.1772631954286, ""lng"": 128.816002307793, ""address_name"": ""경남 김해시 율하3로 107"", ""region_2depth"": ""김해시"", ""region_3depth"": ""관동동""}",215.0,597.0,0.3601
ba_14495840,sbiz_commercial,,,,,,"{""competitor_count_1km"": 88, ""total_shops_1km"": 197, ""competition_density"": 0.4467, ""lat"": 37.5852890778487, ""lng"": 126.713142390532, ""address_name"": ""인천 서구 이음대로 475"", ""region_2depth"": ""서구"", ""region_3depth"": ""당하동""}",88.0,197.0,0.4467
ba_14504490,sbiz_commercial,,,,,,"{""competitor_count_1km"": 170, ""total_shops_1km"": 621, ""competition_density"": 0.2738, ""lat"": 37.4972318218728, ""lng"": 126.762044311509, ""address_name"": ""경기 부천시 원미구 석천로110번길 9"", ""region_2depth"": ""부천시 원미구"", ""region_3depth"": ""중동""}",170.0,621.0,0.2738
ba_14506379,sbiz_commercial,,,,,,"{""competitor_count_1km"": 307, ""total_shops_1km"": 994, ""competition_density"": 0.3089, ""lat"": 37.6662934478885, ""lng"": 127.045847069683, ""address_name"": ""서울 도봉구 도봉로150길 43"", ""region_2depth"": ""도봉구"", ""region_3depth"": ""방학동""}",307.0,994.0,0.3089
ba_14506800,sbiz_commercial,,,,,,"{""competitor_count_1km"": 156, ""total_shops_1km"": 772, ""competition_density"": 0.2021, ""lat"": 37.3029800413174, ""lng"": 126.970698053848, ""address_name"": ""경기 수원시 장안구 서부로2181번길 39"", ""region_2depth"": ""수원시 장안구"", ""region_3depth"": ""율전동""}",156.0,772.0,0.2021
ba_14513076,sbiz_commercial,,,,,,"{""competitor_count_1km"": 368, ""total_shops_1km"": 1000, ""competition_density"": 0.368, ""lat"": 35.2204560879368, ""lng"": 126.84536221598, ""address_name"": ""광주 광산구 첨단중앙로170번길 64"", ""region_2depth"": ""광산구"", ""region_3depth"": ""쌍암동""}",368.0,1000.0,0.368
ba_14525069,sbiz_commercial,,,,,,"{""competitor_count_1km"": 92, ""total_shops_1km"": 414, ""competition_density"": 0.2222, ""lat"": 37.6201010924996, ""lng"": 127.148324182584, ""address_name"": ""경기 남양주시 다산순환로 118-77"", ""region_2depth"": ""남양주시"", ""region_3depth"": ""다산동""}",92.0,414.0,0.2222
ba_14525359,sbiz_commercial,,,,,,"{""competitor_count_1km"": 145, ""total_shops_1km"": 415, ""competition_density"": 0.3494, ""lat"": 37.3364513572145, ""lng"": 127.249743116282, ""address_name"": ""경기 용인시 처인구 모현읍 백옥대로 2386"", ""region_2depth"": ""용인시 처인구"", ""region_3depth"": ""모현읍 왕산리""}",145.0,415.0,0.3494
ba_14525748,sbiz_commercial,,,,,,"{""competitor_count_1km"": 149, ""total_shops_1km"": 590, ""competition_density"": 0.2525, ""lat"": 37.0748905004172, ""lng"": 127.057385212922, ""address_name"": ""경기 평택시 송탄공원로 73"", ""region_2depth"": ""평택시"", ""region_3depth"": ""지산동""}",149.0,590.0,0.2525
ba_14528279,sbiz_commercial,,,,,,"{""competitor_count_1km"": 229, ""total_shops_1km"": 434, ""competition_density"": 0.5276, ""lat"": 35.9588778928032, ""lng"": 127.123415572554, ""address_name"": ""전북특별자치도 완주군 봉동읍 완주산단8로 24"", ""region_2depth"": ""완주군"", ""region_3depth"": ""봉동읍 둔산리""}",229.0,434.0,0.5276
ba_14528412,sbiz_commercial,,,,,,"{""competitor_count_1km"": 229, ""total_shops_1km"": 434, ""competition_density"": 0.5276, ""lat"": 35.9588778928032, ""lng"": 127.123415572554, ""address_name"": ""전북특별자치도 완주군 봉동읍 완주산단8로 24"", ""region_2depth"": ""완주군"", ""region_3depth"": ""봉동읍 둔산리""}",229.0,434.0,0.5276
ba_14528476,sbiz_commercial,,,,,,"{""competitor_count_1km"": 49, ""total_shops_1km"": 163, ""competition_density"": 0.3006, ""lat"": 37.5558320009908, ""lng"": 126.745347194249, ""address_name"": ""인천 계양구 장제로1009번길 2"", ""region_2depth"": ""계양구"", ""region_3depth"": ""박촌동""}",49.0,163.0,0.3006
ba_14530939,sbiz_commercial,,,,,,"{""competitor_count_1km"": 116, ""total_shops_1km"": 300, ""competition_density"": 0.3867, ""lat"": 35.6474249096549, ""lng"": 128.737054215548, ""address_name"": ""경북 청도군 청도읍 청화로 88"", ""region_2depth"": ""청도군"", ""region_3depth"": ""청도읍 고수리""}",116.0,300.0,0.3867
ba_14533127,sbiz_commercial,,,,,,"{""competitor_count_1km"": 78, ""total_shops_1km"": 457, ""competition_density"": 0.1707, ""lat"": 37.4730826015455, ""lng"": 127.150107505241, ""address_name"": ""경기 성남시 수정구 위례동로 147"", ""region_2depth"": ""성남시 수정구"", ""region_3depth"": ""창곡동""}",78.0,457.0,0.1707
ba_14541579,sbiz_commercial,,,,,,"{""competitor_count_1km"": 243, ""total_shops_1km"": 809, ""competition_density"": 0.3004, ""lat"": 37.6660625103382, ""lng"": 126.756435827812, ""address_name"": ""경기 고양시 일산서구 주엽로 80"", ""region_2depth"": ""고양시 일산서구"", ""region_3depth"": ""대화동""}",243.0,809.0,0.3004
ba_14544899,sbiz_commercial,,,,,,"{""competitor_count_1km"": 88, ""total_shops_1km"": 459, ""competition_density"": 0.1917, ""lat"": 37.3622634561028, ""lng"": 126.962526814593, ""address_name"": ""경기 안양시 동안구 경수대로 428"", ""region_2depth"": ""안양시 동안구"", ""region_3depth"": ""호계동""}",88.0,459.0,0.1917
ba_14545829,sbiz_commercial,,,,,,"{""competitor_count_1km"": 270, ""total_shops_1km"": 1000, ""competition_density"": 0.27, ""lat"": 37.5464245799048, ""lng"": 126.738855898301, ""address_name"": ""인천 계양구 계양산로216번길 14"", ""region_2depth"": ""계양구"", ""region_3depth"": ""임학동""}",270.0,1000.0,0.27
ba_14548743,sbiz_commercial,,,,,,"{""competitor_count_1km"": 31, ""total_shops_1km"": 169, ""competition_density"": 0.1834, ""lat"": 37.6000496169967, ""lng"": 127.157350763725, ""address_name"": ""경기 남양주시 가운로2길 63"", ""region_2depth"": ""남양주시"", ""region_3depth"": ""다산동""}",31.0,169.0,0.1834
ba_14551802,sbiz_commercial,,,,,,"{""competitor_count_1km"": 181, ""total_shops_1km"": 1000, ""competition_density"": 0.181, ""lat"": 37.5650616264673, ""lng"": 126.984054427979, ""address_name"": ""서울 중구 명동9가길 10"", ""region_2depth"": ""중구"", ""region_3depth"": ""을지로2가""}",181.0,1000.0,0.181
ba_14556221,sbiz_commercial,,,,,,"{""competitor_count_1km"": 333, ""total_shops_1km"": 881, ""competition_density"": 0.378, ""lat"": 36.6502410253363, ""lng"": 127.459234670531, ""address_name"": ""충북 청주시 흥덕구 덕암로108번길 61"", ""region_2depth"": ""청주시 흥덕구"", ""region_3depth"": ""봉명동""}",333.0,881.0,0.378
ba_14557869,sbiz_commercial,,,,,,"{""competitor_count_1km"": 298, ""total_shops_1km"": 1000, ""competition_density"": 0.298, ""lat"": 37.5344091795192, ""lng"": 126.859754737375, ""address_name"": ""서울 강서구 등촌로5가길 37"", ""region_2depth"": ""강서구"", ""region_3depth"": ""화곡동""}",298.0,1000.0,0.298
ba_14557882,sbiz_commercial,,,,,,"{""competitor_count_1km"": 175, ""total_shops_1km"": 844, ""competition_density"": 0.2073, ""lat"": 37.568472648699, ""lng"": 126.818317175445, ""address_name"": ""서울 강서구 마곡서1로 131"", ""region_2depth"": ""강서구"", ""region_3depth"": ""마곡동""}",175.0,844.0,0.2073
ba_14560963,sbiz_commercial,,,,,,"{""competitor_count_1km"": 31, ""total_shops_1km"": 169, ""competition_density"": 0.1834, ""lat"": 37.6000496169967, ""lng"": 127.157350763725, ""address_name"": ""경기 남양주시 가운로2길 63"", ""region_2depth"": ""남양주시"", ""region_3depth"": ""다산동""}",31.0,169.0,0.1834
ba_14563145,sbiz_commercial,,,,,,"{""competitor_count_1km"": 22, ""total_shops_1km"": 74, ""competition_density"": 0.2973, ""lat"": 35.7823011508427, ""lng"": 129.321094614278, ""address_name"": ""경북 경주시 진현로 23"", ""region_2depth"": ""경주시"", ""region_3depth"": ""진현동""}",22.0,74.0,0.2973
ba_14564492,sbiz_commercial,,,,,,"{""competitor_count_1km"": 323, ""total_shops_1km"": 1000, ""competition_density"": 0.323, ""lat"": 35.8247561007914, ""lng"": 128.525103283353, ""address_name"": ""대구 달서구 조암로 42"", ""region_2depth"": ""달서구"", ""region_3depth"": ""월성동""}",323.0,1000.0,0.323
ba_14569929,sbiz_commercial,,,,,,"{""competitor_count_1km"": 321, ""total_shops_1km"": 1000, ""competition_density"": 0.321, ""lat"": 37.5938502917794, ""lng"": 126.919092143628, ""address_name"": ""서울 은평구 응암로22길 7-1"", ""region_2depth"": ""은평구"", ""region_3depth"": ""응암동""}",321.0,1000.0,0.321
ba_14573167,sbiz_commercial,,,,,,"{""competitor_count_1km"": 272, ""total_shops_1km"": 1000, ""competition_density"": 0.272, ""lat"": 37.7626782399941, ""lng"": 126.775342654769, ""address_name"": ""경기 파주시 중앙로 303"", ""region_2depth"": ""파주시"", ""region_3depth"": ""금촌동""}",272.0,1000.0,0.272
ba_14574885,sbiz_commercial,,,,,,"{""competitor_count_1km"": 176, ""total_shops_1km"": 675, ""competition_density"": 0.2607, ""lat"": 36.610042839247, ""lng"": 127.484392615368, ""address_name"": ""충북 청주시 서원구 청남로 1992"", ""region_2depth"": ""청주시 서원구"", ""region_3depth"": ""분평동""}",176.0,675.0,0.2607
ba_14575172,sbiz_commercial,,,,,,"{""competitor_count_1km"": 56, ""total_shops_1km"": 268, ""competition_density"": 0.209, ""lat"": 35.1790705362313, ""lng"": 129.177334583601, ""address_name"": ""부산 해운대구 세실로 174"", ""region_2depth"": ""해운대구"", ""region_3depth"": ""좌동""}",56.0,268.0,0.209
ba_14578524,sbiz_commercial,,,,,,"{""competitor_count_1km"": 109, ""total_shops_1km"": 301, ""competition_density"": 0.3621, ""lat"": 35.8744209810175, ""lng"": 128.480249064776, ""address_name"": ""대구 달성군 다사읍 세천로 160"", ""region_2depth"": ""달성군"", ""region_3depth"": ""다사읍 세천리""}",109.0,301.0,0.3621
ba_14580787,sbiz_commercial,,,,,,"{""competitor_count_1km"": 233, ""total_shops_1km"": 691, ""competition_density"": 0.3372, ""lat"": 35.1777311544962, ""lng"": 126.876972168951, ""address_name"": ""광주 북구 서강로54번길 55"", ""region_2depth"": ""북구"", ""region_3depth"": ""운암동""}",233.0,691.0,0.3372
ba_14581239,sbiz_commercial,,,,,,"{""competitor_count_1km"": 284, ""total_shops_1km"": 497, ""competition_density"": 0.5714, ""lat"": 35.1532952336535, ""lng"": 128.656847861651, ""address_name"": ""경남 창원시 진해구 충장로 41"", ""region_2depth"": ""창원시 진해구"", ""region_3depth"": ""여좌동""}",284.0,497.0,0.5714
ba_14581501,sbiz_commercial,,,,,,"{""competitor_count_1km"": 168, ""total_shops_1km"": 340, ""competition_density"": 0.4941, ""lat"": 37.2173665309464, ""lng"": 127.078353125073, ""address_name"": ""경기 화성시 동탄구 삼성1로 150"", ""region_2depth"": ""화성시 동탄구"", ""region_3depth"": ""석우동""}",168.0,340.0,0.4941
ba_14582073,sbiz_commercial,,,,,,"{""competitor_count_1km"": 261, ""total_shops_1km"": 764, ""competition_density"": 0.3416, ""lat"": 37.8204209145706, ""lng"": 127.050062459662, ""address_name"": ""경기 양주시 평화로1466번길 30"", ""region_2depth"": ""양주시"", ""region_3depth"": ""덕계동""}",261.0,764.0,0.3416
ba_14582508,sbiz_commercial,,,,,,"{""competitor_count_1km"": 215, ""total_shops_1km"": 772, ""competition_density"": 0.2785, ""lat"": 37.3290067097235, ""lng"": 126.845259077247, ""address_name"": ""경기 안산시 상록구 예술광장로 11"", ""region_2depth"": ""안산시 상록구"", ""region_3depth"": ""월피동""}",215.0,772.0,0.2785
ba_14591780,sbiz_commercial,,,,,,"{""competitor_count_1km"": 176, ""total_shops_1km"": 525, ""competition_density"": 0.3352, ""lat"": 36.1097109481914, ""lng"": 127.488449036253, ""address_name"": ""충남 금산군 금산읍 비단로 313"", ""region_2depth"": ""금산군"", ""region_3depth"": ""금산읍 상리""}",176.0,525.0,0.3352
ba_14593720,sbiz_commercial,,,,,,"{""competitor_count_1km"": 155, ""total_shops_1km"": 407, ""competition_density"": 0.3808, ""lat"": 36.0074956798022, ""lng"": 127.661869048151, ""address_name"": ""전북특별자치도 무주군 무주읍 주계로8길 12"", ""region_2depth"": ""무주군"", ""region_3depth"": ""무주읍 읍내리""}",155.0,407.0,0.3808
ba_14593798,sbiz_commercial,,,,,,"{""competitor_count_1km"": 73, ""total_shops_1km"": 214, ""competition_density"": 0.3411, ""lat"": 37.3701268139748, ""lng"": 127.229991999244, ""address_name"": ""경기 광주시 고산길 17-2"", ""region_2depth"": ""광주시"", ""region_3depth"": ""고산동""}",73.0,214.0,0.3411
ba_14593800,sbiz_commercial,,,,,,"{""competitor_count_1km"": 73, ""total_shops_1km"": 214, ""competition_density"": 0.3411, ""lat"": 37.3701268139748, ""lng"": 127.229991999244, ""address_name"": ""경기 광주시 고산길 17-2"", ""region_2depth"": ""광주시"", ""region_3depth"": ""고산동""}",73.0,214.0,0.3411
ba_14594474,sbiz_commercial,,,,,,"{""competitor_count_1km"": 134, ""total_shops_1km"": 688, ""competition_density"": 0.1948, ""lat"": 35.1628837211456, ""lng"": 126.919722445733, ""address_name"": ""광주 동구 중앙로 349-3"", ""region_2depth"": ""동구"", ""region_3depth"": ""계림동""}",134.0,688.0,0.1948
ba_14597164,sbiz_commercial,,,,,,"{""competitor_count_1km"": 171, ""total_shops_1km"": 1000, ""competition_density"": 0.171, ""lat"": 37.4934143089615, ""lng"": 127.042349360935, ""address_name"": ""서울 강남구 도곡로27길 6"", ""region_2depth"": ""강남구"", ""region_3depth"": ""역삼동""}",171.0,1000.0,0.171
ba_14597165,sbiz_commercial,,,,,,"{""competitor_count_1km"": 171, ""total_shops_1km"": 1000, ""competition_density"": 0.171, ""lat"": 37.4934143089615, ""lng"": 127.042349360935, ""address_name"": ""서울 강남구 도곡로27길 6"", ""region_2depth"": ""강남구"", ""region_3depth"": ""역삼동""}",171.0,1000.0,0.171
ba_14598667,sbiz_commercial,,,,,,"{""competitor_count_1km"": 102, ""total_shops_1km"": 299, ""competition_density"": 0.3411, ""lat"": 36.59092284764, ""lng"": 127.292644726981, ""address_name"": ""세종특별자치시 조치원읍 은행나무1길 42"", ""region_2depth"": """", ""region_3depth"": ""조치원읍 죽림리""}",102.0,299.0,0.3411
ba_14599961,sbiz_commercial,,,,,,"{""competitor_count_1km"": 36, ""total_shops_1km"": 116, ""competition_density"": 0.3103, ""lat"": 37.7694803087299, ""lng"": 126.703318537231, ""address_name"": ""경기 파주시 탄현면 약산로 47"", ""region_2depth"": ""파주시"", ""region_3depth"": ""탄현면 법흥리""}",36.0,116.0,0.3103
ba_14599973,sbiz_commercial,,,,,,"{""competitor_count_1km"": 91, ""total_shops_1km"": 270, ""competition_density"": 0.337, ""lat"": 37.849809382614, ""lng"": 126.873712476614, ""address_name"": ""경기 파주시 법원읍 술이홀로 882-1"", ""region_2depth"": ""파주시"", ""region_3depth"": ""법원읍 대능리""}",91.0,270.0,0.337
ba_14600398,sbiz_commercial,,,,,,"{""competitor_count_1km"": 284, ""total_shops_1km"": 497, ""competition_density"": 0.5714, ""lat"": 35.1532952336535, ""lng"": 128.656847861651, ""address_name"": ""경남 창원시 진해구 충장로 41"", ""region_2depth"": ""창원시 진해구"", ""region_3depth"": ""여좌동""}",284.0,497.0,0.5714
ba_14600429,sbiz_commercial,,,,,,"{""competitor_count_1km"": 151, ""total_shops_1km"": 317, ""competition_density"": 0.4763, ""lat"": 36.1248725402024, ""lng"": 128.093931946487, ""address_name"": ""경북 김천시 부곡맛고을6길 20-22"", ""region_2depth"": ""김천시"", ""region_3depth"": ""부곡동""}",151.0,317.0,0.4763
ba_14603467,sbiz_commercial,,,,,,"{""competitor_count_1km"": 254, ""total_shops_1km"": 860, ""competition_density"": 0.2953, ""lat"": 36.804146927296, ""lng"": 127.108648903085, ""address_name"": ""충남 천안시 서북구 불당3길 33"", ""region_2depth"": ""천안시 서북구"", ""region_3depth"": ""불당동""}",254.0,860.0,0.2953
ba_14604237,sbiz_commercial,,,,,,"{""competitor_count_1km"": 89, ""total_shops_1km"": 291, ""competition_density"": 0.3058, ""lat"": 35.5597807451762, ""lng"": 129.270799981124, ""address_name"": ""울산 중구 다운로 64"", ""region_2depth"": ""중구"", ""region_3depth"": ""다운동""}",89.0,291.0,0.3058
ba_14606315,sbiz_commercial,,,,,,"{""competitor_count_1km"": 229, ""total_shops_1km"": 806, ""competition_density"": 0.2841, ""lat"": 37.7273661178149, ""lng"": 127.043423505242, ""address_name"": ""경기 의정부시 신흥로 125"", ""region_2depth"": ""의정부시"", ""region_3depth"": ""호원동""}",229.0,806.0,0.2841
ba_14607412,sbiz_commercial,,,,,,"{""competitor_count_1km"": 104, ""total_shops_1km"": 340, ""competition_density"": 0.3059, ""lat"": 37.3268884418207, ""lng"": 126.677050937114, ""address_name"": ""경기 시흥시 거북섬2길 21"", ""region_2depth"": ""시흥시"", ""region_3depth"": ""정왕동""}",104.0,340.0,0.3059
ba_14613531,sbiz_commercial,,,,,,"{""competitor_count_1km"": 207, ""total_shops_1km"": 601, ""competition_density"": 0.3444, ""lat"": 35.1696987733142, ""lng"": 129.035787721876, ""address_name"": ""부산 부산진구 당감서로98번길 29"", ""region_2depth"": ""부산진구"", ""region_3depth"": ""부암동""}",207.0,601.0,0.3444
ba_14615149,sbiz_commercial,,,,,,"{""competitor_count_1km"": 375, ""total_shops_1km"": 1000, ""competition_density"": 0.375, ""lat"": 37.875231410975, ""lng"": 127.738654891688, ""address_name"": ""강원특별자치도 춘천시 서부대성로 180-1"", ""region_2depth"": ""춘천시"", ""region_3depth"": ""효자동""}",375.0,1000.0,0.375
ba_14615268,sbiz_commercial,,,,,,"{""competitor_count_1km"": 375, ""total_shops_1km"": 1000, ""competition_density"": 0.375, ""lat"": 37.875231410975, ""lng"": 127.738654891688, ""address_name"": ""강원특별자치도 춘천시 서부대성로 180-1"", ""region_2depth"": ""춘천시"", ""region_3depth"": ""효자동""}",375.0,1000.0,0.375
ba_14616721,sbiz_commercial,,,,,,"{""competitor_count_1km"": 58, ""total_shops_1km"": 163, ""competition_density"": 0.3558, ""lat"": 35.6534419710092, ""lng"": 129.349411324637, ""address_name"": ""울산 북구 중산로 3"", ""region_2depth"": ""북구"", ""region_3depth"": ""중산동""}",58.0,163.0,0.3558
ba_14619205,sbiz_commercial,,,,,,"{""competitor_count_1km"": 300, ""total_shops_1km"": 1000, ""competition_density"": 0.3, ""lat"": 37.5173910573812, ""lng"": 126.674099636887, ""address_name"": ""인천 서구 원창로 222"", ""region_2depth"": ""서구"", ""region_3depth"": ""가정동""}",300.0,1000.0,0.3
ba_14620216,sbiz_commercial,,,,,,"{""competitor_count_1km"": 239, ""total_shops_1km"": 939, ""competition_density"": 0.2545, ""lat"": 37.559690000903, ""lng"": 126.952811165218, ""address_name"": ""서울 서대문구 북아현로1길 50"", ""region_2depth"": ""서대문구"", ""region_3depth"": ""북아현동""}",239.0,939.0,0.2545
ba_14623314,sbiz_commercial,,,,,,"{""competitor_count_1km"": 131, ""total_shops_1km"": 346, ""competition_density"": 0.3786, ""lat"": 35.843477148564, ""lng"": 129.18471857743, ""address_name"": ""경북 경주시 충효중앙길 60"", ""region_2depth"": ""경주시"", ""region_3depth"": ""충효동""}",131.0,346.0,0.3786
ba_14624481,sbiz_commercial,,,,,,"{""competitor_count_1km"": 121, ""total_shops_1km"": 409, ""competition_density"": 0.2958, ""lat"": 37.728511563927, ""lng"": 127.110740607521, ""address_name"": ""경기 의정부시 수암로 4"", ""region_2depth"": ""의정부시"", ""region_3depth"": ""산곡동""}",121.0,409.0,0.2958
ba_14625157,sbiz_commercial,,,,,,"{""competitor_count_1km"": 274, ""total_shops_1km"": 707, ""competition_density"": 0.3876, ""lat"": 37.7586079206147, ""lng"": 126.768803880243, ""address_name"": ""경기 파주시 새꽃로 96"", ""region_2depth"": ""파주시"", ""region_3depth"": ""금촌동""}",274.0,707.0,0.3876
ba_14625762,sbiz_commercial,,,,,,"{""competitor_count_1km"": 76, ""total_shops_1km"": 249, ""competition_density"": 0.3052, ""lat"": 35.9597683075418, ""lng"": 126.997849560381, ""address_name"": ""전북특별자치도 익산시 무왕로26길 12"", ""region_2depth"": ""익산시"", ""region_3depth"": ""부송동""}",76.0,249.0,0.3052
ba_14627570,sbiz_commercial,,,,,,"{""competitor_count_1km"": 56, ""total_shops_1km"": 207, ""competition_density"": 0.2705, ""lat"": 35.2374639904214, ""lng"": 128.912952864372, ""address_name"": ""경남 김해시 안동길 31"", ""region_2depth"": ""김해시"", ""region_3depth"": ""안동""}",56.0,207.0,0.2705
ba_14629153,sbiz_commercial,,,,,,"{""competitor_count_1km"": 227, ""total_shops_1km"": 611, ""competition_density"": 0.3715, ""lat"": 35.5666850143093, ""lng"": 128.160234372604, ""address_name"": ""경남 합천군 합천읍 충효로4길 10"", ""region_2depth"": ""합천군"", ""region_3depth"": ""합천읍 합천리""}",227.0,611.0,0.3715
ba_14629813,sbiz_commercial,,,,,,"{""competitor_count_1km"": 142, ""total_shops_1km"": 394, ""competition_density"": 0.3604, ""lat"": 37.3366448761941, ""lng"": 127.250180011772, ""address_name"": ""경기 용인시 처인구 모현읍 백옥대로2384번길 21-37"", ""region_2depth"": ""용인시 처인구"", ""region_3depth"": ""모현읍 왕산리""}",142.0,394.0,0.3604
ba_14629918,sbiz_commercial,,,,,,"{""competitor_count_1km"": 201, ""total_shops_1km"": 891, ""competition_density"": 0.2256, ""lat"": 37.4552500664749, ""lng"": 127.161388195945, ""address_name"": ""경기 성남시 수정구 산성대로 489"", ""region_2depth"": ""성남시 수정구"", ""region_3depth"": ""양지동""}",201.0,891.0,0.2256
ba_14629919,sbiz_commercial,,,,,,"{""competitor_count_1km"": 201, ""total_shops_1km"": 891, ""competition_density"": 0.2256, ""lat"": 37.4552500664749, ""lng"": 127.161388195945, ""address_name"": ""경기 성남시 수정구 산성대로 489"", ""region_2depth"": ""성남시 수정구"", ""region_3depth"": ""양지동""}",201.0,891.0,0.2256
ba_14637553,sbiz_commercial,,,,,,"{""competitor_count_1km"": 201, ""total_shops_1km"": 891, ""competition_density"": 0.2256, ""lat"": 37.4552500664749, ""lng"": 127.161388195945, ""address_name"": ""경기 성남시 수정구 산성대로 489"", ""region_2depth"": ""성남시 수정구"", ""region_3depth"": ""양지동""}",201.0,891.0,0.2256
ba_14637963,sbiz_commercial,,,,,,"{""competitor_count_1km"": 184, ""total_shops_1km"": 410, ""competition_density"": 0.4488, ""lat"": 36.5398867871836, ""lng"": 129.403667889099, ""address_name"": ""경북 영덕군 영해면 영덕로 1829"", ""region_2depth"": ""영덕군"", ""region_3depth"": ""영해면 성내리""}",184.0,410.0,0.4488
ba_14640352,sbiz_commercial,,,,,,"{""competitor_count_1km"": 147, ""total_shops_1km"": 556, ""competition_density"": 0.2644, ""lat"": 35.1932607690435, ""lng"": 126.901164262185, ""address_name"": ""광주 북구 설죽로370번길 24"", ""region_2depth"": ""북구"", ""region_3depth"": ""오치동""}",147.0,556.0,0.2644
ba_14642115,sbiz_commercial,,,,,,"{""competitor_count_1km"": 263, ""total_shops_1km"": 701, ""competition_density"": 0.3752, ""lat"": 37.0014000875364, ""lng"": 127.169342289358, ""address_name"": ""경기 안성시 공도읍 공도2로 3-15"", ""region_2depth"": ""안성시"", ""region_3depth"": ""공도읍 만정리""}",263.0,701.0,0.3752
ba_14643477,sbiz_commercial,,,,,,"{""competitor_count_1km"": 307, ""total_shops_1km"": 916, ""competition_density"": 0.3352, ""lat"": 35.8374894354728, ""lng"": 128.706958456104, ""address_name"": ""대구 수성구 신매로 91"", ""region_2depth"": ""수성구"", ""region_3depth"": ""신매동""}",307.0,916.0,0.3352
ba_14645179,sbiz_commercial,,,,,,"{""competitor_count_1km"": 79, ""total_shops_1km"": 271, ""competition_density"": 0.2915, ""lat"": 35.8334041141289, ""lng"": 128.741566193426, ""address_name"": ""경북 경산시 남매공원로1길 7"", ""region_2depth"": ""경산시"", ""region_3depth"": ""계양동""}",79.0,271.0,0.2915
ba_14647668,sbiz_commercial,,,,,,"{""competitor_count_1km"": 118, ""total_shops_1km"": 537, ""competition_density"": 0.2197, ""lat"": 37.4688086066716, ""lng"": 126.690766324903, ""address_name"": ""인천 남동구 경원대로 962"", ""region_2depth"": ""남동구"", ""region_3depth"": ""간석동""}",118.0,537.0,0.2197
ba_14648765,sbiz_commercial,,,,,,"{""competitor_count_1km"": 30, ""total_shops_1km"": 101, ""competition_density"": 0.297, ""lat"": 34.989588943705, ""lng"": 127.492423455108, ""address_name"": ""전남 순천시 중앙로 530"", ""region_2depth"": ""순천시"", ""region_3depth"": ""가곡동""}",30.0,101.0,0.297
ba_14649303,sbiz_commercial,,,,,,"{""competitor_count_1km"": 24, ""total_shops_1km"": 80, ""competition_density"": 0.3, ""lat"": 36.2611495983851, ""lng"": 127.2588432787, ""address_name"": ""충남 계룡시 두마면 농소로 63"", ""region_2depth"": ""계룡시"", ""region_3depth"": ""두마면 농소리""}",24.0,80.0,0.3
ba_14650120,sbiz_commercial,,,,,,"{""competitor_count_1km"": 174, ""total_shops_1km"": 424, ""competition_density"": 0.4104, ""lat"": 34.846066201844, ""lng"": 127.34399821843, ""address_name"": ""전남 보성군 벌교읍 채동선로 270"", ""region_2depth"": ""보성군"", ""region_3depth"": ""벌교읍 벌교리""}",174.0,424.0,0.4104
ba_14651431,sbiz_commercial,,,,,,"{""competitor_count_1km"": 174, ""total_shops_1km"": 424, ""competition_density"": 0.4104, ""lat"": 34.846066201844, ""lng"": 127.34399821843, ""address_name"": ""전남 보성군 벌교읍 채동선로 270"", ""region_2depth"": ""보성군"", ""region_3depth"": ""벌교읍 벌교리""}",174.0,424.0,0.4104
ba_14651464,sbiz_commercial,,,,,,"{""competitor_count_1km"": 30, ""total_shops_1km"": 101, ""competition_density"": 0.297, ""lat"": 34.989588943705, ""lng"": 127.492423455108, ""address_name"": ""전남 순천시 중앙로 530"", ""region_2depth"": ""순천시"", ""region_3depth"": ""가곡동""}",30.0,101.0,0.297
ba_14652311,sbiz_commercial,,,,,,"{""competitor_count_1km"": 80, ""total_shops_1km"": 434, ""competition_density"": 0.1843, ""lat"": 37.4741214545211, ""lng"": 127.107162699229, ""address_name"": ""서울 강남구 밤고개로 227"", ""region_2depth"": ""강남구"", ""region_3depth"": ""자곡동""}",80.0,434.0,0.1843
ba_14652929,sbiz_commercial,,,,,,"{""competitor_count_1km"": 257, ""total_shops_1km"": 1000, ""competition_density"": 0.257, ""lat"": 35.5560160399931, ""lng"": 129.320403243506, ""address_name"": ""울산 중구 새즈믄해거리 22"", ""region_2depth"": ""중구"", ""region_3depth"": ""성남동""}",257.0,1000.0,0.257
ba_14653291,sbiz_commercial,,,,,,"{""competitor_count_1km"": 257, ""total_shops_1km"": 1000, ""competition_density"": 0.257, ""lat"": 35.5560160399931, ""lng"": 129.320403243506, ""address_name"": ""울산 중구 새즈믄해거리 22"", ""region_2depth"": ""중구"", ""region_3depth"": ""성남동""}",257.0,1000.0,0.257
ba_14654080,sbiz_commercial,,,,,,"{""competitor_count_1km"": 165, ""total_shops_1km"": 561, ""competition_density"": 0.2941, ""lat"": 35.2077359342679, ""lng"": 129.102702056197, ""address_name"": ""부산 동래구 명서로 169-1"", ""region_2depth"": ""동래구"", ""region_3depth"": ""명장동""}",165.0,561.0,0.2941
ba_14654803,sbiz_commercial,,,,,,"{""competitor_count_1km"": 54, ""total_shops_1km"": 116, ""competition_density"": 0.4655, ""lat"": 36.0716381353022, ""lng"": 129.333132867247, ""address_name"": ""경북 포항시 북구 흥해읍 이인로 100"", ""region_2depth"": ""포항시 북구"", ""region_3depth"": ""흥해읍 이인리""}",54.0,116.0,0.4655
ba_14658160,sbiz_commercial,,,,,,"{""competitor_count_1km"": 14, ""total_shops_1km"": 72, ""competition_density"": 0.1944, ""lat"": 35.7943424869443, ""lng"": 128.465734729447, ""address_name"": ""대구 달성군 옥포읍 비슬로447길 55"", ""region_2depth"": ""달성군"", ""region_3depth"": ""옥포읍 본리리""}",14.0,72.0,0.1944
ba_14658825,sbiz_commercial,,,,,,"{""competitor_count_1km"": 129, ""total_shops_1km"": 408, ""competition_density"": 0.3162, ""lat"": 37.4370923452481, ""lng"": 126.686289633887, ""address_name"": ""인천 미추홀구 소성로 350"", ""region_2depth"": ""미추홀구"", ""region_3depth"": ""문학동""}",129.0,408.0,0.3162
ba_14662462,sbiz_commercial,,,,,,"{""competitor_count_1km"": 99, ""total_shops_1km"": 269, ""competition_density"": 0.368, ""lat"": 37.781691390159, ""lng"": 126.847481313319, ""address_name"": ""경기 파주시 광탄면 혜음로 1122"", ""region_2depth"": ""파주시"", ""region_3depth"": ""광탄면 신산리""}",99.0,269.0,0.368
ba_14662547,sbiz_commercial,,,,,,"{""competitor_count_1km"": 19, ""total_shops_1km"": 59, ""competition_density"": 0.322, ""lat"": 37.9028064327726, ""lng"": 127.737339422388, ""address_name"": ""강원특별자치도 춘천시 충열로 101"", ""region_2depth"": ""춘천시"", ""region_3depth"": ""우두동""}",19.0,59.0,0.322
ba_14662584,sbiz_commercial,,,,,,"{""competitor_count_1km"": 96, ""total_shops_1km"": 245, ""competition_density"": 0.3918, ""lat"": 37.4718235951585, ""lng"": 127.308771186258, ""address_name"": ""경기 광주시 퇴촌면 천진암로 328-1"", ""region_2depth"": ""광주시"", ""region_3depth"": ""퇴촌면 광동리""}",96.0,245.0,0.3918
ba_14663126,sbiz_commercial,,,,,,"{""competitor_count_1km"": 350, ""total_shops_1km"": 829, ""competition_density"": 0.4222, ""lat"": 34.8832325023966, ""lng"": 128.418256038328, ""address_name"": ""경남 통영시 광도면 죽림3로 43-16"", ""region_2depth"": ""통영시"", ""region_3depth"": ""광도면 죽림리""}",350.0,829.0,0.4222
ba_14663534,sbiz_commercial,,,,,,"{""competitor_count_1km"": 65, ""total_shops_1km"": 209, ""competition_density"": 0.311, ""lat"": 36.0420379093422, ""lng"": 129.350287841904, ""address_name"": ""경북 포항시 북구 대안길 69"", ""region_2depth"": ""포항시 북구"", ""region_3depth"": ""용흥동""}",65.0,209.0,0.311
ba_14665998,sbiz_commercial,,,,,,"{""competitor_count_1km"": 142, ""total_shops_1km"": 574, ""competition_density"": 0.2474, ""lat"": 37.5038508086407, ""lng"": 127.13815553218, ""address_name"": ""서울 송파구 동남로 317"", ""region_2depth"": ""송파구"", ""region_3depth"": ""오금동""}",142.0,574.0,0.2474
ba_14666363,sbiz_commercial,,,,,,"{""competitor_count_1km"": 367, ""total_shops_1km"": 905, ""competition_density"": 0.4055, ""lat"": 36.7519089113295, ""lng"": 126.302436166511, ""address_name"": ""충남 태안군 태안읍 샘골로 29"", ""region_2depth"": ""태안군"", ""region_3depth"": ""태안읍 동문리""}",367.0,905.0,0.4055
ba_14668967,sbiz_commercial,,,,,,"{""competitor_count_1km"": 19, ""total_shops_1km"": 59, ""competition_density"": 0.322, ""lat"": 37.9028064327726, ""lng"": 127.737339422388, ""address_name"": ""강원특별자치도 춘천시 충열로 101"", ""region_2depth"": ""춘천시"", ""region_3depth"": ""우두동""}",19.0,59.0,0.322
ba_14669107,sbiz_commercial,,,,,,"{""competitor_count_1km"": 217, ""total_shops_1km"": 802, ""competition_density"": 0.2706, ""lat"": 37.7386238436762, ""lng"": 127.085932687181, ""address_name"": ""경기 의정부시 용민로 75-27"", ""region_2depth"": ""의정부시"", ""region_3depth"": ""용현동""}",217.0,802.0,0.2706
ba_14669108,sbiz_commercial,,,,,,"{""competitor_count_1km"": 217, ""total_shops_1km"": 802, ""competition_density"": 0.2706, ""lat"": 37.7386238436762, ""lng"": 127.085932687181, ""address_name"": ""경기 의정부시 용민로 75-27"", ""region_2depth"": ""의정부시"", ""region_3depth"": ""용현동""}",217.0,802.0,0.2706
ba_14669109,sbiz_commercial,,,,,,"{""competitor_count_1km"": 217, ""total_shops_1km"": 802, ""competition_density"": 0.2706, ""lat"": 37.7386238436762, ""lng"": 127.085932687181, ""address_name"": ""경기 의정부시 용민로 75-27"", ""region_2depth"": ""의정부시"", ""region_3depth"": ""용현동""}",217.0,802.0,0.2706
ba_14671483,sbiz_commercial,,,,,,"{""competitor_count_1km"": 214, ""total_shops_1km"": 524, ""competition_density"": 0.4084, ""lat"": 35.973727629788, ""lng"": 128.936017974466, ""address_name"": ""경북 영천시 삼산길 38"", ""region_2depth"": ""영천시"", ""region_3depth"": ""문외동""}",214.0,524.0,0.4084
ba_14671490,sbiz_commercial,,,,,,"{""competitor_count_1km"": 214, ""total_shops_1km"": 524, ""competition_density"": 0.4084, ""lat"": 35.973727629788, ""lng"": 128.936017974466, ""address_name"": ""경북 영천시 삼산길 38"", ""region_2depth"": ""영천시"", ""region_3depth"": ""문외동""}",214.0,524.0,0.4084
ba_14671974,sbiz_commercial,,,,,,"{""competitor_count_1km"": 179, ""total_shops_1km"": 434, ""competition_density"": 0.4124, ""lat"": 35.0805344692883, ""lng"": 129.070316088843, ""address_name"": ""부산 영도구 동삼로 79"", ""region_2depth"": ""영도구"", ""region_3depth"": ""동삼동""}",179.0,434.0,0.4124
ba_14673431,sbiz_commercial,,,,,,"{""competitor_count_1km"": 431, ""total_shops_1km"": 1000, ""competition_density"": 0.431, ""lat"": 35.2066395146709, ""lng"": 129.076562801658, ""address_name"": ""부산 동래구 중앙대로1335번길 21"", ""region_2depth"": ""동래구"", ""region_3depth"": ""온천동""}",431.0,1000.0,0.431
ba_14673434,sbiz_commercial,,,,,,"{""competitor_count_1km"": 241, ""total_shops_1km"": 715, ""competition_density"": 0.3371, ""lat"": 36.0287103477992, ""lng"": 129.358945567565, ""address_name"": ""경북 포항시 북구 죽파로 24"", ""region_2depth"": ""포항시 북구"", ""region_3depth"": ""죽도동""}",241.0,715.0,0.3371
ba_14673508,sbiz_commercial,,,,,,"{""competitor_count_1km"": 83, ""total_shops_1km"": 409, ""competition_density"": 0.2029, ""lat"": 37.5589336835229, ""lng"": 127.151997611233, ""address_name"": ""서울 강동구 동남로81길 94"", ""region_2depth"": ""강동구"", ""region_3depth"": ""고덕동""}",83.0,409.0,0.2029
ba_14675307,sbiz_commercial,,,,,,"{""competitor_count_1km"": 4, ""total_shops_1km"": 13, ""competition_density"": 0.3077, ""lat"": 37.4780767889228, ""lng"": 126.513297497246, ""address_name"": ""인천 중구 숲쟁이로 12"", ""region_2depth"": ""중구"", ""region_3depth"": ""운남동""}",4.0,13.0,0.3077
ba_14675393,sbiz_commercial,,,,,,"{""competitor_count_1km"": 70, ""total_shops_1km"": 152, ""competition_density"": 0.4605, ""lat"": 37.9576418298852, ""lng"": 126.914968845367, ""address_name"": ""경기 파주시 적성면 솥뒤로 50"", ""region_2depth"": ""파주시"", ""region_3depth"": ""적성면 마지리""}",70.0,152.0,0.4605
ba_14679019,sbiz_commercial,,,,,,"{""competitor_count_1km"": 327, ""total_shops_1km"": 798, ""competition_density"": 0.4098, ""lat"": 35.5604281542686, ""lng"": 129.339858410632, ""address_name"": ""울산 중구 화합로 388"", ""region_2depth"": ""중구"", ""region_3depth"": ""반구동""}",327.0,798.0,0.4098
ba_14681358,sbiz_commercial,,,,,,"{""competitor_count_1km"": 271, ""total_shops_1km"": 853, ""competition_density"": 0.3177, ""lat"": 37.3682665902006, ""lng"": 126.810860495233, ""address_name"": ""경기 시흥시 능곡로 182"", ""region_2depth"": ""시흥시"", ""region_3depth"": ""능곡동""}",271.0,853.0,0.3177
ba_14685750,sbiz_commercial,,,,,,"{""competitor_count_1km"": 394, ""total_shops_1km"": 1000, ""competition_density"": 0.394, ""lat"": 35.1500824768564, ""lng"": 129.020610314108, ""address_name"": ""부산 부산진구 냉정로 188"", ""region_2depth"": ""부산진구"", ""region_3depth"": ""개금동""}",394.0,1000.0,0.394
ba_14686856,sbiz_commercial,,,,,,"{""competitor_count_1km"": 129, ""total_shops_1km"": 457, ""competition_density"": 0.2823, ""lat"": 35.2143077450691, ""lng"": 129.036628830358, ""address_name"": ""부산 북구 상학로 3"", ""region_2depth"": ""북구"", ""region_3depth"": ""만덕동""}",129.0,457.0,0.2823
ba_14686990,sbiz_commercial,,,,,,"{""competitor_count_1km"": 110, ""total_shops_1km"": 1000, ""competition_density"": 0.11, ""lat"": 37.4898958582914, ""lng"": 127.12418889504, ""address_name"": ""서울 송파구 동남로6길 3"", ""region_2depth"": ""송파구"", ""region_3depth"": ""문정동""}",110.0,1000.0,0.11
ba_14686997,sbiz_commercial,,,,,,"{""competitor_count_1km"": 196, ""total_shops_1km"": 1000, ""competition_density"": 0.196, ""lat"": 37.5038138229485, ""lng"": 127.089004805718, ""address_name"": ""서울 송파구 백제고분로 202"", ""region_2depth"": ""송파구"", ""region_3depth"": ""삼전동""}",196.0,1000.0,0.196
ba_14687060,sbiz_commercial,,,,,,"{""competitor_count_1km"": 236, ""total_shops_1km"": 1000, ""competition_density"": 0.236, ""lat"": 37.5378954041968, ""lng"": 127.126957954012, ""address_name"": ""서울 강동구 천호대로 1033"", ""region_2depth"": ""강동구"", ""region_3depth"": ""천호동""}",236.0,1000.0,0.236
ba_14687076,sbiz_commercial,,,,,,"{""competitor_count_1km"": 113, ""total_shops_1km"": 601, ""competition_density"": 0.188, ""lat"": 37.5155233352627, ""lng"": 126.861400362893, ""address_name"": ""서울 양천구 목동동로 55"", ""region_2depth"": ""양천구"", ""region_3depth"": ""신정동""}",113.0,601.0,0.188
ba_14687088,sbiz_commercial,,,,,,"{""competitor_count_1km"": 308, ""total_shops_1km"": 1000, ""competition_density"": 0.308, ""lat"": 37.5383562059825, ""lng"": 127.141440250107, ""address_name"": ""서울 강동구 양재대로116길 20"", ""region_2depth"": ""강동구"", ""region_3depth"": ""길동""}",308.0,1000.0,0.308
ba_14687092,sbiz_commercial,,,,,,"{""competitor_count_1km"": 95, ""total_shops_1km"": 308, ""competition_density"": 0.3084, ""lat"": 37.5212297058512, ""lng"": 126.967374244384, ""address_name"": ""서울 용산구 이촌로 182"", ""region_2depth"": ""용산구"", ""region_3depth"": ""이촌동""}",95.0,308.0,0.3084
ba_14687115,sbiz_commercial,,,,,,"{""competitor_count_1km"": 378, ""total_shops_1km"": 1000, ""competition_density"": 0.378, ""lat"": 37.5563945811198, ""lng"": 126.849546722022, ""address_name"": ""서울 강서구 공항대로 382"", ""region_2depth"": ""강서구"", ""region_3depth"": ""화곡동""}",378.0,1000.0,0.378
ba_14687119,sbiz_commercial,,,,,,"{""competitor_count_1km"": 426, ""total_shops_1km"": 1000, ""competition_density"": 0.426, ""lat"": 37.5837060840591, ""lng"": 126.999224922412, ""address_name"": ""서울 종로구 창경궁로 247"", ""region_2depth"": ""종로구"", ""region_3depth"": ""명륜2가""}",426.0,1000.0,0.426
ba_14687134,sbiz_commercial,,,,,,"{""competitor_count_1km"": 301, ""total_shops_1km"": 942, ""competition_density"": 0.3195, ""lat"": 37.5547908528642, ""lng"": 126.964454371144, ""address_name"": ""서울 중구 만리재로 175"", ""region_2depth"": ""중구"", ""region_3depth"": ""만리동2가""}",301.0,942.0,0.3195
ba_14687136,sbiz_commercial,,,,,,"{""competitor_count_1km"": 181, ""total_shops_1km"": 1000, ""competition_density"": 0.181, ""lat"": 37.5646598422505, ""lng"": 126.989396953863, ""address_name"": ""서울 중구 마른내로 14"", ""region_2depth"": ""중구"", ""region_3depth"": ""저동2가""}",181.0,1000.0,0.181
ba_14687137,sbiz_commercial,,,,,,"{""competitor_count_1km"": 159, ""total_shops_1km"": 1000, ""competition_density"": 0.159, ""lat"": 37.5615255713691, ""lng"": 126.985413372236, ""address_name"": ""서울 중구 명동8가길 6"", ""region_2depth"": ""중구"", ""region_3depth"": ""충무로2가""}",159.0,1000.0,0.159
ba_14687166,sbiz_commercial,,,,,,"{""competitor_count_1km"": 274, ""total_shops_1km"": 1000, ""competition_density"": 0.274, ""lat"": 37.5516218108257, ""lng"": 126.865599052259, ""address_name"": ""서울 강서구 공항대로61길 14"", ""region_2depth"": ""강서구"", ""region_3depth"": ""염창동""}",274.0,1000.0,0.274
ba_14687296,sbiz_commercial,,,,,,"{""competitor_count_1km"": 269, ""total_shops_1km"": 1000, ""competition_density"": 0.269, ""lat"": 37.4860238596117, ""lng"": 126.939572438182, ""address_name"": ""서울 관악구 은천로 38-1"", ""region_2depth"": ""관악구"", ""region_3depth"": ""봉천동""}",269.0,1000.0,0.269
ba_14687304,sbiz_commercial,,,,,,"{""competitor_count_1km"": 316, ""total_shops_1km"": 1000, ""competition_density"": 0.316, ""lat"": 37.4849124857303, ""lng"": 126.932612824501, ""address_name"": ""서울 관악구 남부순환로 1637"", ""region_2depth"": ""관악구"", ""region_3depth"": ""신림동""}",316.0,1000.0,0.316
ba_14687307,sbiz_commercial,,,,,,"{""competitor_count_1km"": 180, ""total_shops_1km"": 823, ""competition_density"": 0.2187, ""lat"": 37.4875706034997, ""lng"": 126.946848433341, ""address_name"": ""서울 관악구 양녕로 62"", ""region_2depth"": ""관악구"", ""region_3depth"": ""봉천동""}",180.0,823.0,0.2187
ba_14687310,sbiz_commercial,,,,,,"{""competitor_count_1km"": 139, ""total_shops_1km"": 1000, ""competition_density"": 0.139, ""lat"": 37.4819130872905, ""lng"": 126.881581110867, ""address_name"": ""서울 금천구 가산디지털1로 186"", ""region_2depth"": ""금천구"", ""region_3depth"": ""가산동""}",139.0,1000.0,0.139
ba_14687315,sbiz_commercial,,,,,,"{""competitor_count_1km"": 196, ""total_shops_1km"": 819, ""competition_density"": 0.2393, ""lat"": 37.532681666917, ""lng"": 127.067878953418, ""address_name"": ""서울 광진구 능동로 18"", ""region_2depth"": ""광진구"", ""region_3depth"": ""자양동""}",196.0,819.0,0.2393
ba_14687318,sbiz_commercial,,,,,,"{""competitor_count_1km"": 336, ""total_shops_1km"": 999, ""competition_density"": 0.3363, ""lat"": 37.4657060429409, ""lng"": 126.902326071711, ""address_name"": ""서울 금천구 독산로 210"", ""region_2depth"": ""금천구"", ""region_3depth"": ""독산동""}",336.0,999.0,0.3363
ba_14687322,sbiz_commercial,,,,,,"{""competitor_count_1km"": 227, ""total_shops_1km"": 871, ""competition_density"": 0.2606, ""lat"": 37.5450688365228, ""lng"": 127.088859538702, ""address_name"": ""서울 광진구 광나루로 533"", ""region_2depth"": ""광진구"", ""region_3depth"": ""구의동""}",227.0,871.0,0.2606
ba_14687323,sbiz_commercial,,,,,,"{""competitor_count_1km"": 312, ""total_shops_1km"": 1000, ""competition_density"": 0.312, ""lat"": 37.4779373944062, ""lng"": 126.952601346066, ""address_name"": ""서울 관악구 관악로 144"", ""region_2depth"": ""관악구"", ""region_3depth"": ""봉천동""}",312.0,1000.0,0.312
ba_14687326,sbiz_commercial,,,,,,"{""competitor_count_1km"": 264, ""total_shops_1km"": 956, ""competition_density"": 0.2762, ""lat"": 37.4942567601283, ""lng"": 126.858377329092, ""address_name"": ""서울 구로구 남부순환로97길 11"", ""region_2depth"": ""구로구"", ""region_3depth"": ""개봉동""}",264.0,956.0,0.2762
ba_14687327,sbiz_commercial,,,,,,"{""competitor_count_1km"": 317, ""total_shops_1km"": 1000, ""competition_density"": 0.317, ""lat"": 37.4546966422001, ""lng"": 126.899924672511, ""address_name"": ""서울 금천구 금하로 619"", ""region_2depth"": ""금천구"", ""region_3depth"": ""시흥동""}",317.0,1000.0,0.317
ba_14687333,sbiz_commercial,,,,,,"{""competitor_count_1km"": 286, ""total_shops_1km"": 784, ""competition_density"": 0.3648, ""lat"": 37.6159464348768, ""lng"": 127.0643715478, ""address_name"": ""서울 노원구 석계로 11-1"", ""region_2depth"": ""노원구"", ""region_3depth"": ""월계동""}",286.0,784.0,0.3648
ba_14687334,sbiz_commercial,,,,,,"{""competitor_count_1km"": 231, ""total_shops_1km"": 890, ""competition_density"": 0.2596, ""lat"": 37.5028247384363, ""lng"": 126.849452523363, ""address_name"": ""서울 구로구 고척로 141"", ""region_2depth"": ""구로구"", ""region_3depth"": ""고척동""}",231.0,890.0,0.2596
ba_14687335,sbiz_commercial,,,,,,"{""competitor_count_1km"": 167, ""total_shops_1km"": 429, ""competition_density"": 0.3893, ""lat"": 37.62350432752, ""lng"": 127.061060877189, ""address_name"": ""서울 노원구 석계로 98-1"", ""region_2depth"": ""노원구"", ""region_3depth"": ""월계동""}",167.0,429.0,0.3893
ba_14687340,sbiz_commercial,,,,,,"{""competitor_count_1km"": 307, ""total_shops_1km"": 994, ""competition_density"": 0.3089, ""lat"": 37.6662934478885, ""lng"": 127.045847069683, ""address_name"": ""서울 도봉구 도봉로150길 43"", ""region_2depth"": ""도봉구"", ""region_3depth"": ""방학동""}",307.0,994.0,0.3089
ba_14687341,sbiz_commercial,,,,,,"{""competitor_count_1km"": 263, ""total_shops_1km"": 1000, ""competition_density"": 0.263, ""lat"": 37.4825485048181, ""lng"": 126.943612162197, ""address_name"": ""서울 관악구 남부순환로 1741"", ""region_2depth"": ""관악구"", ""region_3depth"": ""봉천동""}",263.0,1000.0,0.263
ba_14687344,sbiz_commercial,,,,,,"{""competitor_count_1km"": 278, ""total_shops_1km"": 1000, ""competition_density"": 0.278, ""lat"": 37.6594959702199, ""lng"": 127.035163698697, ""address_name"": ""서울 도봉구 도당로 14"", ""region_2depth"": ""도봉구"", ""region_3depth"": ""쌍문동""}",278.0,1000.0,0.278
ba_14687347,sbiz_commercial,,,,,,"{""competitor_count_1km"": 166, ""total_shops_1km"": 643, ""competition_density"": 0.2582, ""lat"": 37.5294478097988, ""lng"": 127.143330752885, ""address_name"": ""서울 강동구 진황도로 189"", ""region_2depth"": ""강동구"", ""region_3depth"": ""둔촌동""}",166.0,643.0,0.2582
ba_14687350,sbiz_commercial,,,,,,"{""competitor_count_1km"": 273, ""total_shops_1km"": 1000, ""competition_density"": 0.273, ""lat"": 37.4956164739157, ""lng"": 126.890318882617, ""address_name"": ""서울 구로구 가마산로 268"", ""region_2depth"": ""구로구"", ""region_3depth"": ""구로동""}",273.0,1000.0,0.273
ba_14687354,sbiz_commercial,,,,,,"{""competitor_count_1km"": 183, ""total_shops_1km"": 788, ""competition_density"": 0.2322, ""lat"": 37.5063918465946, ""lng"": 126.883427027522, ""address_name"": ""서울 구로구 경인로59길 8"", ""region_2depth"": ""구로구"", ""region_3depth"": ""신도림동""}",183.0,788.0,0.2322
ba_14687365,sbiz_commercial,,,,,,"{""competitor_count_1km"": 208, ""total_shops_1km"": 504, ""competition_density"": 0.4127, ""lat"": 37.6507271395008, ""lng"": 127.013353595106, ""address_name"": ""서울 도봉구 삼양로 534"", ""region_2depth"": ""도봉구"", ""region_3depth"": ""쌍문동""}",208.0,504.0,0.4127
ba_14687368,sbiz_commercial,,,,,,"{""competitor_count_1km"": 281, ""total_shops_1km"": 1000, ""competition_density"": 0.281, ""lat"": 37.5710568281709, ""lng"": 127.075113657819, ""address_name"": ""서울 동대문구 장안벚꽃로 107"", ""region_2depth"": ""동대문구"", ""region_3depth"": ""장안동""}",281.0,1000.0,0.281
ba_14687382,sbiz_commercial,,,,,,"{""competitor_count_1km"": 297, ""total_shops_1km"": 1000, ""competition_density"": 0.297, ""lat"": 37.5108103230947, ""lng"": 126.944450626548, ""address_name"": ""서울 동작구 만양로 81"", ""region_2depth"": ""동작구"", ""region_3depth"": ""노량진동""}",297.0,1000.0,0.297
ba_14687388,sbiz_commercial,,,,,,"{""competitor_count_1km"": 212, ""total_shops_1km"": 1000, ""competition_density"": 0.212, ""lat"": 37.5593024137751, ""lng"": 127.087932298738, ""address_name"": ""서울 광진구 긴고랑로 115"", ""region_2depth"": ""광진구"", ""region_3depth"": ""중곡동""}",212.0,1000.0,0.212
ba_14687493,sbiz_commercial,,,,,,"{""competitor_count_1km"": 407, ""total_shops_1km"": 1000, ""competition_density"": 0.407, ""lat"": 37.5794283422818, ""lng"": 126.889782954548, ""address_name"": ""서울 마포구 월드컵북로 396"", ""region_2depth"": ""마포구"", ""region_3depth"": ""상암동""}",407.0,1000.0,0.407
ba_14687497,sbiz_commercial,,,,,,"{""competitor_count_1km"": 291, ""total_shops_1km"": 993, ""competition_density"": 0.2931, ""lat"": 37.4903749716012, ""lng"": 126.908076731256, ""address_name"": ""서울 동작구 시흥대로 658"", ""region_2depth"": ""동작구"", ""region_3depth"": ""신대방동""}",291.0,993.0,0.2931
ba_14688075,sbiz_commercial,,,,,,"{""competitor_count_1km"": 219, ""total_shops_1km"": 838, ""competition_density"": 0.2613, ""lat"": 37.6919282454922, ""lng"": 126.763721531186, ""address_name"": ""경기 고양시 일산서구 일현로 56"", ""region_2depth"": ""고양시 일산서구"", ""region_3depth"": ""탄현동""}",219.0,838.0,0.2613
ba_14688086,sbiz_commercial,,,,,,"{""competitor_count_1km"": 361, ""total_shops_1km"": 1000, ""competition_density"": 0.361, ""lat"": 37.4914310798968, ""lng"": 126.923417000996, ""address_name"": ""서울 동작구 보라매로5길 43"", ""region_2depth"": ""동작구"", ""region_3depth"": ""신대방동""}",361.0,1000.0,0.361
ba_14688088,sbiz_commercial,,,,,,"{""competitor_count_1km"": 300, ""total_shops_1km"": 1000, ""competition_density"": 0.3, ""lat"": 37.5474840418501, ""lng"": 126.941248796199, ""address_name"": ""서울 마포구 대흥로 79"", ""region_2depth"": ""마포구"", ""region_3depth"": ""대흥동""}",300.0,1000.0,0.3
ba_14688093,sbiz_commercial,,,,,,"{""competitor_count_1km"": 27, ""total_shops_1km"": 193, ""competition_density"": 0.1399, ""lat"": 37.5850443805494, ""lng"": 126.879869563728, ""address_name"": ""서울 마포구 월드컵북로 502"", ""region_2depth"": ""마포구"", ""region_3depth"": ""상암동""}",27.0,193.0,0.1399
ba_14688094,sbiz_commercial,,,,,,"{""competitor_count_1km"": 196, ""total_shops_1km"": 645, ""competition_density"": 0.3039, ""lat"": 37.3577495311235, ""lng"": 126.947478985442, ""address_name"": ""경기 군포시 군포로 581"", ""region_2depth"": ""군포시"", ""region_3depth"": ""당동""}",196.0,645.0,0.3039
ba_14688100,sbiz_commercial,,,,,,"{""competitor_count_1km"": 341, ""total_shops_1km"": 1000, ""competition_density"": 0.341, ""lat"": 37.5971454877555, ""lng"": 127.145235941946, ""address_name"": ""경기 구리시 검배로 55"", ""region_2depth"": ""구리시"", ""region_3depth"": ""수택동""}",341.0,1000.0,0.341
ba_14688108,sbiz_commercial,,,,,,"{""competitor_count_1km"": 324, ""total_shops_1km"": 822, ""competition_density"": 0.3942, ""lat"": 37.5074121629777, ""lng"": 126.959726049367, ""address_name"": ""서울 동작구 흑석로 91"", ""region_2depth"": ""동작구"", ""region_3depth"": ""흑석동""}",324.0,822.0,0.3942
ba_14688114,sbiz_commercial,,,,,,"{""competitor_count_1km"": 336, ""total_shops_1km"": 1000, ""competition_density"": 0.336, ""lat"": 37.5574794515001, ""lng"": 126.937068700844, ""address_name"": ""서울 서대문구 연세로 20"", ""region_2depth"": ""서대문구"", ""region_3depth"": ""창천동""}",336.0,1000.0,0.336
ba_14688115,sbiz_commercial,,,,,,"{""competitor_count_1km"": 256, ""total_shops_1km"": 966, ""competition_density"": 0.265, ""lat"": 37.3715609518834, ""lng"": 126.935853661438, ""address_name"": ""경기 군포시 금산로 109"", ""region_2depth"": ""군포시"", ""region_3depth"": ""산본동""}",256.0,966.0,0.265
ba_14688173,sbiz_commercial,,,,,,"{""competitor_count_1km"": 173, ""total_shops_1km"": 606, ""competition_density"": 0.2855, ""lat"": 37.6080592336237, ""lng"": 127.133355069101, ""address_name"": ""경기 구리시 동구릉로85번길 9"", ""region_2depth"": ""구리시"", ""region_3depth"": ""인창동""}",173.0,606.0,0.2855
ba_14688176,sbiz_commercial,,,,,,"{""competitor_count_1km"": 163, ""total_shops_1km"": 639, ""competition_density"": 0.2551, ""lat"": 37.5424402179039, ""lng"": 127.015678915344, ""address_name"": ""서울 성동구 한림말3길 15"", ""region_2depth"": ""성동구"", ""region_3depth"": ""옥수동""}",163.0,639.0,0.2551
ba_14688180,sbiz_commercial,,,,,,"{""competitor_count_1km"": 270, ""total_shops_1km"": 1000, ""competition_density"": 0.27, ""lat"": 37.5691641596929, ""lng"": 127.02634785313, ""address_name"": ""서울 성동구 무학로 33"", ""region_2depth"": ""성동구"", ""region_3depth"": ""하왕십리동""}",270.0,1000.0,0.27
ba_14688182,sbiz_commercial,,,,,,"{""competitor_count_1km"": 106, ""total_shops_1km"": 536, ""competition_density"": 0.1978, ""lat"": 37.3671802834772, ""lng"": 127.126748539316, ""address_name"": ""경기 성남시 분당구 돌마로366번길 42"", ""region_2depth"": ""성남시 분당구"", ""region_3depth"": ""수내동""}",106.0,536.0,0.1978
ba_14688192,sbiz_commercial,,,,,,"{""competitor_count_1km"": 283, ""total_shops_1km"": 1000, ""competition_density"": 0.283, ""lat"": 37.4433301037792, ""lng"": 127.15166818916, ""address_name"": ""경기 성남시 수정구 공원로 322"", ""region_2depth"": ""성남시 수정구"", ""region_3depth"": ""신흥동""}",283.0,1000.0,0.283
ba_14688196,sbiz_commercial,,,,,,"{""competitor_count_1km"": 266, ""total_shops_1km"": 1000, ""competition_density"": 0.266, ""lat"": 37.5871687972255, ""lng"": 126.945656235915, ""address_name"": ""서울 서대문구 통일로 427"", ""region_2depth"": ""서대문구"", ""region_3depth"": ""홍제동""}",266.0,1000.0,0.266
ba_14688197,sbiz_commercial,,,,,,"{""competitor_count_1km"": 214, ""total_shops_1km"": 821, ""competition_density"": 0.2607, ""lat"": 37.5857867120349, ""lng"": 126.947735040584, ""address_name"": ""서울 서대문구 통일로 404"", ""region_2depth"": ""서대문구"", ""region_3depth"": ""홍제동""}",214.0,821.0,0.2607
ba_14688207,sbiz_commercial,,,,,,"{""competitor_count_1km"": 258, ""total_shops_1km"": 1000, ""competition_density"": 0.258, ""lat"": 37.5580795316791, ""lng"": 126.944848571329, ""address_name"": ""서울 서대문구 이화여대3길 16"", ""region_2depth"": ""서대문구"", ""region_3depth"": ""대현동""}",258.0,1000.0,0.258
ba_14688233,sbiz_commercial,,,,,,"{""competitor_count_1km"": 44, ""total_shops_1km"": 134, ""competition_density"": 0.3284, ""lat"": 37.2403961718263, ""lng"": 126.9696380051, ""address_name"": ""경기 수원시 권선구 오목천로57번길 10-24"", ""region_2depth"": ""수원시 권선구"", ""region_3depth"": ""오목천동""}",44.0,134.0,0.3284
ba_14688336,sbiz_commercial,,,,,,"{""competitor_count_1km"": 457, ""total_shops_1km"": 1000, ""competition_density"": 0.457, ""lat"": 37.5861330768919, ""lng"": 127.029229162935, ""address_name"": ""서울 성북구 고려대로 90"", ""region_2depth"": ""성북구"", ""region_3depth"": ""안암동5가""}",457.0,1000.0,0.457
ba_14688337,sbiz_commercial,,,,,,"{""competitor_count_1km"": 92, ""total_shops_1km"": 345, ""competition_density"": 0.2667, ""lat"": 37.6229729783825, ""lng"": 127.048309344122, ""address_name"": ""서울 성북구 월계로40길 7"", ""region_2depth"": ""성북구"", ""region_3depth"": ""장위동""}",92.0,345.0,0.2667
ba_14688338,sbiz_commercial,,,,,,"{""competitor_count_1km"": 340, ""total_shops_1km"": 1000, ""competition_density"": 0.34, ""lat"": 37.4919317763145, ""lng"": 126.784203003821, ""address_name"": ""경기 부천시 원미구 부천로 85"", ""region_2depth"": ""부천시 원미구"", ""region_3depth"": ""심곡동""}",340.0,1000.0,0.34
ba_14688345,sbiz_commercial,,,,,,"{""competitor_count_1km"": 177, ""total_shops_1km"": 627, ""competition_density"": 0.2823, ""lat"": 37.2878894004571, ""lng"": 126.999953087096, ""address_name"": ""경기 수원시 팔달구 수성로244번길 25"", ""region_2depth"": ""수원시 팔달구"", ""region_3depth"": ""화서동""}",177.0,627.0,0.2823
ba_14688363,sbiz_commercial,,,,,,"{""competitor_count_1km"": 269, ""total_shops_1km"": 1000, ""competition_density"": 0.269, ""lat"": 37.5279188302263, ""lng"": 126.864391372696, ""address_name"": ""서울 양천구 목동로 218"", ""region_2depth"": ""양천구"", ""region_3depth"": ""목동""}",269.0,1000.0,0.269
ba_14688371,sbiz_commercial,,,,,,"{""competitor_count_1km"": 281, ""total_shops_1km"": 1000, ""competition_density"": 0.281, ""lat"": 37.5328851583631, ""lng"": 126.864166285292, ""address_name"": ""서울 양천구 등촌로 32"", ""region_2depth"": ""양천구"", ""region_3depth"": ""목동""}",281.0,1000.0,0.281
ba_14688483,sbiz_commercial,,,,,,"{""competitor_count_1km"": 149, ""total_shops_1km"": 594, ""competition_density"": 0.2508, ""lat"": 37.2802988480629, ""lng"": 127.036428721436, ""address_name"": ""경기 수원시 팔달구 권광로 373"", ""region_2depth"": ""수원시 팔달구"", ""region_3depth"": ""우만동""}",149.0,594.0,0.2508
ba_14688499,sbiz_commercial,,,,,,"{""competitor_count_1km"": 76, ""total_shops_1km"": 277, ""competition_density"": 0.2744, ""lat"": 37.2855570060499, ""lng"": 126.980071201512, ""address_name"": ""경기 수원시 팔달구 일월로22번길 3"", ""region_2depth"": ""수원시 팔달구"", ""region_3depth"": ""화서동""}",76.0,277.0,0.2744
ba_14688522,sbiz_commercial,,,,,,"{""competitor_count_1km"": 211, ""total_shops_1km"": 884, ""competition_density"": 0.2387, ""lat"": 37.4449319579169, ""lng"": 126.798640052887, ""address_name"": ""경기 시흥시 대은로 92"", ""region_2depth"": ""시흥시"", ""region_3depth"": ""은행동""}",211.0,884.0,0.2387
ba_14688525,sbiz_commercial,,,,,,"{""competitor_count_1km"": 261, ""total_shops_1km"": 637, ""competition_density"": 0.4097, ""lat"": 37.3542509037182, ""lng"": 126.723528822124, ""address_name"": ""경기 시흥시 정왕대로 64"", ""region_2depth"": ""시흥시"", ""region_3depth"": ""정왕동""}",261.0,637.0,0.4097
ba_14688541,sbiz_commercial,,,,,,"{""competitor_count_1km"": 36, ""total_shops_1km"": 148, ""competition_density"": 0.2432, ""lat"": 37.3909802061438, ""lng"": 126.813864967686, ""address_name"": ""경기 시흥시 연성로 93"", ""region_2depth"": ""시흥시"", ""region_3depth"": ""하상동""}",36.0,148.0,0.2432
ba_14688555,sbiz_commercial,,,,,,"{""competitor_count_1km"": 273, ""total_shops_1km"": 1000, ""competition_density"": 0.273, ""lat"": 37.2645621708036, ""lng"": 127.033368683767, ""address_name"": ""경기 수원시 팔달구 인계로166번길 48-21"", ""region_2depth"": ""수원시 팔달구"", ""region_3depth"": ""인계동""}",273.0,1000.0,0.273
ba_14688557,sbiz_commercial,,,,,,"{""competitor_count_1km"": 239, ""total_shops_1km"": 1000, ""competition_density"": 0.239, ""lat"": 37.3202927053497, ""lng"": 127.114263084494, ""address_name"": ""경기 용인시 기흥구 죽전로 50"", ""region_2depth"": ""용인시 기흥구"", ""region_3depth"": ""보정동""}",239.0,1000.0,0.239
ba_14688559,sbiz_commercial,,,,,,"{""competitor_count_1km"": 129, ""total_shops_1km"": 1000, ""competition_density"": 0.129, ""lat"": 37.271313997175, ""lng"": 127.126545716359, ""address_name"": ""경기 용인시 기흥구 강남로 7"", ""region_2depth"": ""용인시 기흥구"", ""region_3depth"": ""구갈동""}",129.0,1000.0,0.129
ba_14688563,sbiz_commercial,,,,,,"{""competitor_count_1km"": 242, ""total_shops_1km"": 1000, ""competition_density"": 0.242, ""lat"": 37.5191711627987, ""lng"": 126.853655069309, ""address_name"": ""서울 양천구 중앙로 254"", ""region_2depth"": ""양천구"", ""region_3depth"": ""신정동""}",242.0,1000.0,0.242
ba_14688567,sbiz_commercial,,,,,,"{""competitor_count_1km"": 240, ""total_shops_1km"": 1000, ""competition_density"": 0.24, ""lat"": 37.5224542671642, ""lng"": 126.869439328628, ""address_name"": ""서울 양천구 목동서로 277"", ""region_2depth"": ""양천구"", ""region_3depth"": ""신정동""}",240.0,1000.0,0.24
ba_14688570,sbiz_commercial,,,,,,"{""competitor_count_1km"": 101, ""total_shops_1km"": 390, ""competition_density"": 0.259, ""lat"": 37.2662267775707, ""lng"": 127.106231889187, ""address_name"": ""경기 용인시 기흥구 금화로 107"", ""region_2depth"": ""용인시 기흥구"", ""region_3depth"": ""상갈동""}",101.0,390.0,0.259
ba_14688571,sbiz_commercial,,,,,,"{""competitor_count_1km"": 361, ""total_shops_1km"": 1000, ""competition_density"": 0.361, ""lat"": 37.3365953473085, ""lng"": 126.810722261529, ""address_name"": ""경기 안산시 단원구 선부광장1로 56"", ""region_2depth"": ""안산시 단원구"", ""region_3depth"": ""선부동""}",361.0,1000.0,0.361
ba_14688582,sbiz_commercial,,,,,,"{""competitor_count_1km"": 258, ""total_shops_1km"": 1000, ""competition_density"": 0.258, ""lat"": 37.5222941993194, ""lng"": 126.874124151931, ""address_name"": ""서울 양천구 신목로 83"", ""region_2depth"": ""양천구"", ""region_3depth"": ""신정동""}",258.0,1000.0,0.258
ba_14688602,sbiz_commercial,,,,,,"{""competitor_count_1km"": 264, ""total_shops_1km"": 861, ""competition_density"": 0.3066, ""lat"": 37.5861297629714, ""lng"": 127.213647550108, ""address_name"": ""경기 남양주시 와부읍 덕소로97번길 13"", ""region_2depth"": ""남양주시"", ""region_3depth"": ""와부읍 덕소리""}",264.0,861.0,0.3066
ba_14688609,sbiz_commercial,,,,,,"{""competitor_count_1km"": 163, ""total_shops_1km"": 676, ""competition_density"": 0.2411, ""lat"": 37.3353685707908, ""lng"": 127.108248741004, ""address_name"": ""경기 용인시 수지구 용구대로2801번길 7"", ""region_2depth"": ""용인시 수지구"", ""region_3depth"": ""죽전동""}",163.0,676.0,0.2411
ba_14688614,sbiz_commercial,,,,,,"{""competitor_count_1km"": 282, ""total_shops_1km"": 1000, ""competition_density"": 0.282, ""lat"": 37.2932984626109, ""lng"": 126.864439439801, ""address_name"": ""경기 안산시 상록구 석호로 306"", ""region_2depth"": ""안산시 상록구"", ""region_3depth"": ""본오동""}",282.0,1000.0,0.282
ba_14688631,sbiz_commercial,,,,,,"{""competitor_count_1km"": 149, ""total_shops_1km"": 553, ""competition_density"": 0.2694, ""lat"": 37.4695796122852, ""lng"": 126.796875025796, ""address_name"": ""경기 부천시 소사구 소사로 124"", ""region_2depth"": ""부천시 소사구"", ""region_3depth"": ""소사본동""}",149.0,553.0,0.2694
ba_14688656,sbiz_commercial,,,,,,"{""competitor_count_1km"": 218, ""total_shops_1km"": 1000, ""competition_density"": 0.218, ""lat"": 37.5192811429829, ""lng"": 126.88902705298, ""address_name"": ""서울 영등포구 선유로 59"", ""region_2depth"": ""영등포구"", ""region_3depth"": ""문래동6가""}",218.0,1000.0,0.218
ba_14688684,sbiz_commercial,,,,,,"{""competitor_count_1km"": 293, ""total_shops_1km"": 1000, ""competition_density"": 0.293, ""lat"": 37.4834052033738, ""lng"": 126.776502518436, ""address_name"": ""경기 부천시 소사구 경인로 190"", ""region_2depth"": ""부천시 소사구"", ""region_3depth"": ""심곡본동""}",293.0,1000.0,0.293
ba_14688687,sbiz_commercial,,,,,,"{""competitor_count_1km"": 243, ""total_shops_1km"": 932, ""competition_density"": 0.2607, ""lat"": 37.5115437306774, ""lng"": 126.915421167988, ""address_name"": ""서울 영등포구 도신로 218"", ""region_2depth"": ""영등포구"", ""region_3depth"": ""신길동""}",243.0,932.0,0.2607
ba_14688693,sbiz_commercial,,,,,,"{""competitor_count_1km"": 280, ""total_shops_1km"": 1000, ""competition_density"": 0.28, ""lat"": 37.3847541147468, ""lng"": 126.96000018851, ""address_name"": ""경기 안양시 동안구 평촌대로 140"", ""region_2depth"": ""안양시 동안구"", ""region_3depth"": ""평촌동""}",280.0,1000.0,0.28
ba_14688697,sbiz_commercial,,,,,,"{""competitor_count_1km"": 184, ""total_shops_1km"": 695, ""competition_density"": 0.2647, ""lat"": 37.5004196071802, ""lng"": 126.911544544308, ""address_name"": ""서울 영등포구 신풍로 77"", ""region_2depth"": ""영등포구"", ""region_3depth"": ""신길동""}",184.0,695.0,0.2647
ba_14688702,sbiz_commercial,,,,,,"{""competitor_count_1km"": 205, ""total_shops_1km"": 944, ""competition_density"": 0.2172, ""lat"": 37.5007971475548, ""lng"": 126.790116446423, ""address_name"": ""경기 부천시 원미구 조마루로385번길 92"", ""region_2depth"": ""부천시 원미구"", ""region_3depth"": ""원미동""}",205.0,944.0,0.2172
ba_14688707,sbiz_commercial,,,,,,"{""competitor_count_1km"": 326, ""total_shops_1km"": 1000, ""competition_density"": 0.326, ""lat"": 37.3872335938566, ""lng"": 126.930661912863, ""address_name"": ""경기 안양시 만안구 안양로 145"", ""region_2depth"": ""안양시 만안구"", ""region_3depth"": ""안양동""}",326.0,1000.0,0.326
ba_14688709,sbiz_commercial,,,,,,"{""competitor_count_1km"": 170, ""total_shops_1km"": 621, ""competition_density"": 0.2738, ""lat"": 37.4972318218728, ""lng"": 126.762044311509, ""address_name"": ""경기 부천시 원미구 석천로110번길 9"", ""region_2depth"": ""부천시 원미구"", ""region_3depth"": ""중동""}",170.0,621.0,0.2738
ba_14688716,sbiz_commercial,,,,,,"{""competitor_count_1km"": 182, ""total_shops_1km"": 672, ""competition_density"": 0.2708, ""lat"": 37.6781215640642, ""lng"": 126.810859515227, ""address_name"": ""경기 고양시 일산동구 위시티로 67"", ""region_2depth"": ""고양시 일산동구"", ""region_3depth"": ""식사동""}",182.0,672.0,0.2708
ba_14688728,sbiz_commercial,,,,,,"{""competitor_count_1km"": 217, ""total_shops_1km"": 1000, ""competition_density"": 0.217, ""lat"": 37.3966887360553, ""lng"": 127.110662408872, ""address_name"": ""경기 성남시 분당구 대왕판교로606번길 31"", ""region_2depth"": ""성남시 분당구"", ""region_3depth"": ""삼평동""}",217.0,1000.0,0.217
ba_14688729,sbiz_commercial,,,,,,"{""competitor_count_1km"": 253, ""total_shops_1km"": 1000, ""competition_density"": 0.253, ""lat"": 37.4258421392212, ""lng"": 126.991248273288, ""address_name"": ""경기 과천시 별양상가3로 14"", ""region_2depth"": ""과천시"", ""region_3depth"": ""별양동""}",253.0,1000.0,0.253
ba_14688738,sbiz_commercial,,,,,,"{""competitor_count_1km"": 201, ""total_shops_1km"": 1000, ""competition_density"": 0.201, ""lat"": 37.3767491227915, ""lng"": 127.112355461382, ""address_name"": ""경기 성남시 분당구 백현로101번길 12"", ""region_2depth"": ""성남시 분당구"", ""region_3depth"": ""수내동""}",201.0,1000.0,0.201
ba_14688746,sbiz_commercial,,,,,,"{""competitor_count_1km"": 152, ""total_shops_1km"": 565, ""competition_density"": 0.269, ""lat"": 37.4484546823205, ""lng"": 126.884040346294, ""address_name"": ""경기 광명시 금하로 464"", ""region_2depth"": ""광명시"", ""region_3depth"": ""소하동""}",152.0,565.0,0.269
ba_14688751,sbiz_commercial,,,,,,"{""competitor_count_1km"": 235, ""total_shops_1km"": 1000, ""competition_density"": 0.235, ""lat"": 37.521470230225, ""lng"": 126.924971147893, ""address_name"": ""서울 영등포구 여의나루로 42"", ""region_2depth"": ""영등포구"", ""region_3depth"": ""여의도동""}",235.0,1000.0,0.235
ba_14688765,sbiz_commercial,,,,,,"{""competitor_count_1km"": 196, ""total_shops_1km"": 1000, ""competition_density"": 0.196, ""lat"": 37.5238208014076, ""lng"": 126.905668672663, ""address_name"": ""서울 영등포구 국회대로50길 20"", ""region_2depth"": ""영등포구"", ""region_3depth"": ""영등포동7가""}",196.0,1000.0,0.196
ba_14688789,sbiz_commercial,,,,,,"{""competitor_count_1km"": 68, ""total_shops_1km"": 277, ""competition_density"": 0.2455, ""lat"": 37.4272734584299, ""lng"": 127.093910999405, ""address_name"": ""경기 성남시 수정구 청계산로 686"", ""region_2depth"": ""성남시 수정구"", ""region_3depth"": ""고등동""}",68.0,277.0,0.2455
ba_14688848,sbiz_commercial,,,,,,"{""competitor_count_1km"": 297, ""total_shops_1km"": 1000, ""competition_density"": 0.297, ""lat"": 37.6212505730376, ""lng"": 126.919254456338, ""address_name"": ""서울 은평구 통일로83길 6-4"", ""region_2depth"": ""은평구"", ""region_3depth"": ""갈현동""}",297.0,1000.0,0.297
ba_14688854,sbiz_commercial,,,,,,"{""competitor_count_1km"": 139, ""total_shops_1km"": 353, ""competition_density"": 0.3938, ""lat"": 36.9647731724537, ""lng"": 127.06018940085, ""address_name"": ""경기 평택시 팽성읍 동서촌로 73"", ""region_2depth"": ""평택시"", ""region_3depth"": ""팽성읍 객사리""}",139.0,353.0,0.3938
ba_14688860,sbiz_commercial,,,,,,"{""competitor_count_1km"": 347, ""total_shops_1km"": 723, ""competition_density"": 0.4799, ""lat"": 37.5796932759305, ""lng"": 126.898678379239, ""address_name"": ""서울 은평구 수색로 217"", ""region_2depth"": ""은평구"", ""region_3depth"": ""수색동""}",347.0,723.0,0.4799
ba_14688879,sbiz_commercial,,,,,,"{""competitor_count_1km"": 257, ""total_shops_1km"": 670, ""competition_density"": 0.3836, ""lat"": 37.2135231015697, ""lng"": 126.975710481686, ""address_name"": ""경기 화성시 효행구 봉담읍 와우로 90"", ""region_2depth"": ""화성시 효행구"", ""region_3depth"": ""봉담읍 와우리""}",257.0,670.0,0.3836
ba_14688905,sbiz_commercial,,,,,,"{""competitor_count_1km"": 313, ""total_shops_1km"": 1000, ""competition_density"": 0.313, ""lat"": 37.6558477256851, ""lng"": 126.835692483118, ""address_name"": ""경기 고양시 덕양구 호국로 780"", ""region_2depth"": ""고양시 덕양구"", ""region_3depth"": ""성사동""}",313.0,1000.0,0.313
ba_14688907,sbiz_commercial,,,,,,"{""competitor_count_1km"": 296, ""total_shops_1km"": 1000, ""competition_density"": 0.296, ""lat"": 37.6152019018014, ""lng"": 126.833710478936, ""address_name"": ""경기 고양시 덕양구 충경로 38"", ""region_2depth"": ""고양시 덕양구"", ""region_3depth"": ""행신동""}",296.0,1000.0,0.296
ba_14688923,sbiz_commercial,,,,,,"{""competitor_count_1km"": 216, ""total_shops_1km"": 1000, ""competition_density"": 0.216, ""lat"": 37.5708444878121, ""lng"": 126.979923668151, ""address_name"": ""서울 종로구 종로 19"", ""region_2depth"": ""종로구"", ""region_3depth"": ""종로1가""}",216.0,1000.0,0.216
ba_14688924,sbiz_commercial,,,,,,"{""competitor_count_1km"": 393, ""total_shops_1km"": 1000, ""competition_density"": 0.393, ""lat"": 37.5688537151032, ""lng"": 126.965114852628, ""address_name"": ""서울 종로구 경교장길 35"", ""region_2depth"": ""종로구"", ""region_3depth"": ""평동""}",393.0,1000.0,0.393
ba_14688931,sbiz_commercial,,,,,,"{""competitor_count_1km"": 51, ""total_shops_1km"": 190, ""competition_density"": 0.2684, ""lat"": 37.5794528561065, ""lng"": 126.870613359914, ""address_name"": ""경기 고양시 덕양구 으뜸로 130"", ""region_2depth"": ""고양시 덕양구"", ""region_3depth"": ""덕은동""}",51.0,190.0,0.2684
ba_14688963,sbiz_commercial,,,,,,"{""competitor_count_1km"": 151, ""total_shops_1km"": 438, ""competition_density"": 0.3447, ""lat"": 37.7025460251003, ""lng"": 126.901602355396, ""address_name"": ""경기 고양시 덕양구 혜음로 21"", ""region_2depth"": ""고양시 덕양구"", ""region_3depth"": ""고양동""}",151.0,438.0,0.3447
ba_14688982,sbiz_commercial,,,,,,"{""competitor_count_1km"": 126, ""total_shops_1km"": 376, ""competition_density"": 0.3351, ""lat"": 37.3467357788518, ""lng"": 126.956266663204, ""address_name"": ""경기 군포시 고산로151번길 25"", ""region_2depth"": ""군포시"", ""region_3depth"": ""당정동""}",126.0,376.0,0.3351
ba_14689003,sbiz_commercial,,,,,,"{""competitor_count_1km"": 161, ""total_shops_1km"": 1000, ""competition_density"": 0.161, ""lat"": 37.6045813769871, ""lng"": 127.1417371153, ""address_name"": ""경기 구리시 건원대로34번길 25"", ""region_2depth"": ""구리시"", ""region_3depth"": ""인창동""}",161.0,1000.0,0.161
ba_14689004,sbiz_commercial,,,,,,"{""competitor_count_1km"": 103, ""total_shops_1km"": 448, ""competition_density"": 0.2299, ""lat"": 37.365130721251, ""lng"": 126.929726104547, ""address_name"": ""경기 군포시 산본로 394"", ""region_2depth"": ""군포시"", ""region_3depth"": ""산본동""}",103.0,448.0,0.2299
ba_14689007,sbiz_commercial,,,,,,"{""competitor_count_1km"": 54, ""total_shops_1km"": 261, ""competition_density"": 0.2069, ""lat"": 37.5934718192772, ""lng"": 126.763606062054, ""address_name"": ""경기 김포시 고촌읍 수기로 115"", ""region_2depth"": ""김포시"", ""region_3depth"": ""고촌읍 신곡리""}",54.0,261.0,0.2069
ba_14689013,sbiz_commercial,,,,,,"{""competitor_count_1km"": 219, ""total_shops_1km"": 1000, ""competition_density"": 0.219, ""lat"": 37.6192302071042, ""lng"": 126.718503460762, ""address_name"": ""경기 김포시 사우중로 45"", ""region_2depth"": ""김포시"", ""region_3depth"": ""사우동""}",219.0,1000.0,0.219
ba_14689024,sbiz_commercial,,,,,,"{""competitor_count_1km"": 174, ""total_shops_1km"": 538, ""competition_density"": 0.3234, ""lat"": 37.6388897687662, ""lng"": 126.672821309657, ""address_name"": ""경기 김포시 김포한강2로 96"", ""region_2depth"": ""김포시"", ""region_3depth"": ""장기동""}",174.0,538.0,0.3234
ba_14689101,sbiz_commercial,,,,,,"{""competitor_count_1km"": 236, ""total_shops_1km"": 869, ""competition_density"": 0.2716, ""lat"": 37.4923139298295, ""lng"": 126.908762321571, ""address_name"": ""서울 영등포구 시흥대로 681"", ""region_2depth"": ""영등포구"", ""region_3depth"": ""대림동""}",236.0,869.0,0.2716
ba_14689115,sbiz_commercial,,,,,,"{""competitor_count_1km"": 124, ""total_shops_1km"": 474, ""competition_density"": 0.2616, ""lat"": 37.8376897958679, ""lng"": 127.068353902314, ""address_name"": ""경기 양주시 회정로 135"", ""region_2depth"": ""양주시"", ""region_3depth"": ""덕정동""}",124.0,474.0,0.2616
ba_14689378,sbiz_commercial,,,,,,"{""competitor_count_1km"": 218, ""total_shops_1km"": 921, ""competition_density"": 0.2367, ""lat"": 37.4537189487116, ""lng"": 127.161474530756, ""address_name"": ""경기 성남시 중원구 산성대로476번길 6"", ""region_2depth"": ""성남시 중원구"", ""region_3depth"": ""금광동""}",218.0,921.0,0.2367
ba_14689381,sbiz_commercial,,,,,,"{""competitor_count_1km"": 145, ""total_shops_1km"": 415, ""competition_density"": 0.3494, ""lat"": 37.3364513572145, ""lng"": 127.249743116282, ""address_name"": ""경기 용인시 처인구 모현읍 백옥대로 2386"", ""region_2depth"": ""용인시 처인구"", ""region_3depth"": ""모현읍 왕산리""}",145.0,415.0,0.3494
ba_14689382,sbiz_commercial,,,,,,"{""competitor_count_1km"": 304, ""total_shops_1km"": 1000, ""competition_density"": 0.304, ""lat"": 37.2553907761566, ""lng"": 127.024719803178, ""address_name"": ""경기 수원시 권선구 세권로 188"", ""region_2depth"": ""수원시 권선구"", ""region_3depth"": ""권선동""}",304.0,1000.0,0.304
ba_14689387,sbiz_commercial,,,,,,"{""competitor_count_1km"": 290, ""total_shops_1km"": 1000, ""competition_density"": 0.29, ""lat"": 37.4455378599982, ""lng"": 127.162053739191, ""address_name"": ""경기 성남시 중원구 광명로 325"", ""region_2depth"": ""성남시 중원구"", ""region_3depth"": ""금광동""}",290.0,1000.0,0.29
ba_14689395,sbiz_commercial,,,,,,"{""competitor_count_1km"": 279, ""total_shops_1km"": 778, ""competition_density"": 0.3586, ""lat"": 37.2698720361181, ""lng"": 127.217869075756, ""address_name"": ""경기 용인시 처인구 포곡읍 포곡로 113"", ""region_2depth"": ""용인시 처인구"", ""region_3depth"": ""포곡읍 둔전리""}",279.0,778.0,0.3586
ba_14689401,sbiz_commercial,,,,,,"{""competitor_count_1km"": 292, ""total_shops_1km"": 971, ""competition_density"": 0.3007, ""lat"": 37.2740508068551, ""lng"": 126.954334928999, ""address_name"": ""경기 수원시 권선구 금곡로 206"", ""region_2depth"": ""수원시 권선구"", ""region_3depth"": ""금곡동""}",292.0,971.0,0.3007
ba_14689402,sbiz_commercial,,,,,,"{""competitor_count_1km"": 161, ""total_shops_1km"": 499, ""competition_density"": 0.3226, ""lat"": 37.7503693471011, ""lng"": 127.050563059147, ""address_name"": ""경기 의정부시 동일로 713"", ""region_2depth"": ""의정부시"", ""region_3depth"": ""금오동""}",161.0,499.0,0.3226
ba_14689403,sbiz_commercial,,,,,,"{""competitor_count_1km"": 188, ""total_shops_1km"": 567, ""competition_density"": 0.3316, ""lat"": 37.3211383086499, ""lng"": 126.950382651103, ""address_name"": ""경기 의왕시 부곡중앙로 13"", ""region_2depth"": ""의왕시"", ""region_3depth"": ""삼동""}",188.0,567.0,0.3316
ba_14689409,sbiz_commercial,,,,,,"{""competitor_count_1km"": 112, ""total_shops_1km"": 487, ""competition_density"": 0.23, ""lat"": 37.2496160808175, ""lng"": 127.035356233827, ""address_name"": ""경기 수원시 권선구 세권로304번길 62"", ""region_2depth"": ""수원시 권선구"", ""region_3depth"": ""권선동""}",112.0,487.0,0.23
ba_14689415,sbiz_commercial,,,,,,"{""competitor_count_1km"": 243, ""total_shops_1km"": 818, ""competition_density"": 0.2971, ""lat"": 37.2743515816913, ""lng"": 126.973602349196, ""address_name"": ""경기 수원시 권선구 탑동로 61"", ""region_2depth"": ""수원시 권선구"", ""region_3depth"": ""탑동""}",243.0,818.0,0.2971
ba_14689416,sbiz_commercial,,,,,,"{""competitor_count_1km"": 117, ""total_shops_1km"": 537, ""competition_density"": 0.2179, ""lat"": 37.259465810768, ""lng"": 126.964251036891, ""address_name"": ""경기 수원시 권선구 호매실로90번길 86"", ""region_2depth"": ""수원시 권선구"", ""region_3depth"": ""호매실동""}",117.0,537.0,0.2179
ba_14689425,sbiz_commercial,,,,,,"{""competitor_count_1km"": 265, ""total_shops_1km"": 1000, ""competition_density"": 0.265, ""lat"": 37.7385463959648, ""lng"": 127.039446979246, ""address_name"": ""경기 의정부시 시민로 39"", ""region_2depth"": ""의정부시"", ""region_3depth"": ""의정부동""}",265.0,1000.0,0.265
ba_14689427,sbiz_commercial,,,,,,"{""competitor_count_1km"": 198, ""total_shops_1km"": 1000, ""competition_density"": 0.198, ""lat"": 37.7521619168927, ""lng"": 127.069023724096, ""address_name"": ""경기 의정부시 청사로47번길 15"", ""region_2depth"": ""의정부시"", ""region_3depth"": ""금오동""}",198.0,1000.0,0.198
ba_14689441,sbiz_commercial,,,,,,"{""competitor_count_1km"": 148, ""total_shops_1km"": 370, ""competition_density"": 0.4, ""lat"": 37.2528336719116, ""lng"": 127.353398791185, ""address_name"": ""경기 이천시 마장면 오천로 49"", ""region_2depth"": ""이천시"", ""region_3depth"": ""마장면 오천리""}",148.0,370.0,0.4
ba_14689448,sbiz_commercial,,,,,,"{""competitor_count_1km"": 269, ""total_shops_1km"": 1000, ""competition_density"": 0.269, ""lat"": 37.2807652433318, ""lng"": 127.442476607192, ""address_name"": ""경기 이천시 서희로59번길 3-2"", ""region_2depth"": ""이천시"", ""region_3depth"": ""창전동""}",269.0,1000.0,0.269
ba_14689454,sbiz_commercial,,,,,,"{""competitor_count_1km"": 339, ""total_shops_1km"": 1000, ""competition_density"": 0.339, ""lat"": 37.2915676707273, ""lng"": 127.050470929016, ""address_name"": ""경기 수원시 영통구 센트럴타운로 85"", ""region_2depth"": ""수원시 영통구"", ""region_3depth"": ""이의동""}",339.0,1000.0,0.339
ba_14689464,sbiz_commercial,,,,,,"{""competitor_count_1km"": 272, ""total_shops_1km"": 1000, ""competition_density"": 0.272, ""lat"": 37.7626782399941, ""lng"": 126.775342654769, ""address_name"": ""경기 파주시 중앙로 303"", ""region_2depth"": ""파주시"", ""region_3depth"": ""금촌동""}",272.0,1000.0,0.272
ba_14689472,sbiz_commercial,,,,,,"{""competitor_count_1km"": 362, ""total_shops_1km"": 1000, ""competition_density"": 0.362, ""lat"": 37.2974187043026, ""lng"": 126.97050114462, ""address_name"": ""경기 수원시 장안구 서부로 2113"", ""region_2depth"": ""수원시 장안구"", ""region_3depth"": ""율전동""}",362.0,1000.0,0.362
ba_14689481,sbiz_commercial,,,,,,"{""competitor_count_1km"": 120, ""total_shops_1km"": 457, ""competition_density"": 0.2626, ""lat"": 37.7348219678977, ""lng"": 126.733035758383, ""address_name"": ""경기 파주시 청암로 75"", ""region_2depth"": ""파주시"", ""region_3depth"": ""다율동""}",120.0,457.0,0.2626
ba_14689485,sbiz_commercial,,,,,,"{""competitor_count_1km"": 188, ""total_shops_1km"": 698, ""competition_density"": 0.2693, ""lat"": 37.3005172719007, ""lng"": 127.044027900801, ""address_name"": ""경기 수원시 영통구 대학로 47"", ""region_2depth"": ""수원시 영통구"", ""region_3depth"": ""이의동""}",188.0,698.0,0.2693
ba_14689496,sbiz_commercial,,,,,,"{""competitor_count_1km"": 282, ""total_shops_1km"": 1000, ""competition_density"": 0.282, ""lat"": 37.2681527488647, ""lng"": 127.000312407984, ""address_name"": ""경기 수원시 팔달구 덕영대로 899"", ""region_2depth"": ""수원시 팔달구"", ""region_3depth"": ""매산로1가""}",282.0,1000.0,0.282
ba_14689536,sbiz_commercial,,,,,,"{""competitor_count_1km"": 140, ""total_shops_1km"": 525, ""competition_density"": 0.2667, ""lat"": 37.7111042751476, ""lng"": 126.744946858242, ""address_name"": ""경기 파주시 미래로 369-71"", ""region_2depth"": ""파주시"", ""region_3depth"": ""동패동""}",140.0,525.0,0.2667
ba_14689545,sbiz_commercial,,,,,,"{""competitor_count_1km"": 307, ""total_shops_1km"": 1000, ""competition_density"": 0.307, ""lat"": 37.7115737889891, ""lng"": 126.759532965253, ""address_name"": ""경기 파주시 경의로 1056"", ""region_2depth"": ""파주시"", ""region_3depth"": ""야당동""}",307.0,1000.0,0.307
ba_14689548,sbiz_commercial,,,,,,"{""competitor_count_1km"": 183, ""total_shops_1km"": 577, ""competition_density"": 0.3172, ""lat"": 37.0093428239137, ""lng"": 127.098314630696, ""address_name"": ""경기 평택시 평남로 1015"", ""region_2depth"": ""평택시"", ""region_3depth"": ""동삭동""}",183.0,577.0,0.3172
ba_14689573,sbiz_commercial,,,,,,"{""competitor_count_1km"": 166, ""total_shops_1km"": 559, ""competition_density"": 0.297, ""lat"": 37.3818990219157, ""lng"": 126.860336099666, ""address_name"": ""경기 시흥시 목감우회로 39"", ""region_2depth"": ""시흥시"", ""region_3depth"": ""목감동""}",166.0,559.0,0.297
ba_14689591,sbiz_commercial,,,,,,"{""competitor_count_1km"": 312, ""total_shops_1km"": 884, ""competition_density"": 0.3529, ""lat"": 37.0572351897874, ""lng"": 127.054064362008, ""address_name"": ""경기 평택시 정암로 3"", ""region_2depth"": ""평택시"", ""region_3depth"": ""서정동""}",312.0,884.0,0.3529
ba_14689595,sbiz_commercial,,,,,,"{""competitor_count_1km"": 289, ""total_shops_1km"": 1000, ""competition_density"": 0.289, ""lat"": 37.3698356601897, ""lng"": 126.728353838883, ""address_name"": ""경기 시흥시 서울대학로278번길 19-8"", ""region_2depth"": ""시흥시"", ""region_3depth"": ""배곧동""}",289.0,1000.0,0.289
ba_14689608,sbiz_commercial,,,,,,"{""competitor_count_1km"": 367, ""total_shops_1km"": 1000, ""competition_density"": 0.367, ""lat"": 37.0818585250806, ""lng"": 127.056535389558, ""address_name"": ""경기 평택시 탄현로 334"", ""region_2depth"": ""평택시"", ""region_3depth"": ""지산동""}",367.0,1000.0,0.367
ba_14689610,sbiz_commercial,,,,,,"{""competitor_count_1km"": 290, ""total_shops_1km"": 1000, ""competition_density"": 0.29, ""lat"": 37.4743212619775, ""lng"": 126.630193482099, ""address_name"": ""인천 중구 우현로83번길 1"", ""region_2depth"": ""중구"", ""region_3depth"": ""인현동""}",290.0,1000.0,0.29
ba_14689611,sbiz_commercial,,,,,,"{""competitor_count_1km"": 189, ""total_shops_1km"": 601, ""competition_density"": 0.3145, ""lat"": 37.3788248032924, ""lng"": 126.789281573001, ""address_name"": ""경기 시흥시 장현장곡로 2"", ""region_2depth"": ""시흥시"", ""region_3depth"": ""장곡동""}",189.0,601.0,0.3145
ba_14689614,sbiz_commercial,,,,,,"{""competitor_count_1km"": 375, ""total_shops_1km"": 1000, ""competition_density"": 0.375, ""lat"": 37.3457203763324, ""lng"": 126.736248444573, ""address_name"": ""경기 시흥시 중심상가2길 8"", ""region_2depth"": ""시흥시"", ""region_3depth"": ""정왕동""}",375.0,1000.0,0.375
ba_14689625,sbiz_commercial,,,,,,"{""competitor_count_1km"": 230, ""total_shops_1km"": 890, ""competition_density"": 0.2584, ""lat"": 36.9919495811659, ""lng"": 127.100489133988, ""address_name"": ""경기 평택시 평택4로 43-1"", ""region_2depth"": ""평택시"", ""region_3depth"": ""합정동""}",230.0,890.0,0.2584
ba_14689645,sbiz_commercial,,,,,,"{""competitor_count_1km"": 218, ""total_shops_1km"": 1000, ""competition_density"": 0.218, ""lat"": 37.2059338021953, ""lng"": 127.030606263317, ""address_name"": ""경기 화성시 병점구 병점노을5로 20"", ""region_2depth"": ""화성시 병점구"", ""region_3depth"": ""병점동""}",218.0,1000.0,0.218
ba_14689734,sbiz_commercial,,,,,,"{""competitor_count_1km"": 288, ""total_shops_1km"": 1000, ""competition_density"": 0.288, ""lat"": 37.3957153799876, ""lng"": 126.650955929786, ""address_name"": ""인천 연수구 컨벤시아대로 69"", ""region_2depth"": ""연수구"", ""region_3depth"": ""송도동""}",288.0,1000.0,0.288
ba_14689750,sbiz_commercial,,,,,,"{""competitor_count_1km"": 285, ""total_shops_1km"": 1000, ""competition_density"": 0.285, ""lat"": 37.296614206343, ""lng"": 126.863358542287, ""address_name"": ""경기 안산시 상록구 샘골로 144"", ""region_2depth"": ""안산시 상록구"", ""region_3depth"": ""본오동""}",285.0,1000.0,0.285
ba_14689756,sbiz_commercial,,,,,,"{""competitor_count_1km"": 112, ""total_shops_1km"": 320, ""competition_density"": 0.35, ""lat"": 37.3608694717896, ""lng"": 127.152493061592, ""address_name"": ""경기 광주시 신현로 51"", ""region_2depth"": ""광주시"", ""region_3depth"": ""신현동""}",112.0,320.0,0.35
ba_14689757,sbiz_commercial,,,,,,"{""competitor_count_1km"": 409, ""total_shops_1km"": 1000, ""competition_density"": 0.409, ""lat"": 37.4143302759357, ""lng"": 126.677011603034, ""address_name"": ""인천 연수구 먼우금로 194"", ""region_2depth"": ""연수구"", ""region_3depth"": ""연수동""}",409.0,1000.0,0.409
ba_14689759,sbiz_commercial,,,,,,"{""competitor_count_1km"": 47, ""total_shops_1km"": 257, ""competition_density"": 0.1829, ""lat"": 37.3789877482576, ""lng"": 126.64597274618, ""address_name"": ""인천 연수구 인천타워대로54번길 9"", ""region_2depth"": ""연수구"", ""region_3depth"": ""송도동""}",47.0,257.0,0.1829
ba_14689760,sbiz_commercial,,,,,,"{""competitor_count_1km"": 94, ""total_shops_1km"": 342, ""competition_density"": 0.2749, ""lat"": 37.3880855965896, ""lng"": 126.634914668041, ""address_name"": ""인천 연수구 컨벤시아대로230번길 42"", ""region_2depth"": ""연수구"", ""region_3depth"": ""송도동""}",94.0,342.0,0.2749
ba_14689761,sbiz_commercial,,,,,,"{""competitor_count_1km"": 133, ""total_shops_1km"": 473, ""competition_density"": 0.2812, ""lat"": 37.3780782129918, ""lng"": 126.654641972645, ""address_name"": ""인천 연수구 송도문화로28번길 28"", ""region_2depth"": ""연수구"", ""region_3depth"": ""송도동""}",133.0,473.0,0.2812
ba_14689766,sbiz_commercial,,,,,,"{""competitor_count_1km"": 411, ""total_shops_1km"": 1000, ""competition_density"": 0.411, ""lat"": 37.4706396653832, ""lng"": 126.62459363545, ""address_name"": ""인천 중구 신포로 18-1"", ""region_2depth"": ""중구"", ""region_3depth"": ""신생동""}",411.0,1000.0,0.411
ba_14689782,sbiz_commercial,,,,,,"{""competitor_count_1km"": 106, ""total_shops_1km"": 431, ""competition_density"": 0.2459, ""lat"": 37.6228831259627, ""lng"": 126.697939312164, ""address_name"": ""경기 김포시 중봉로 4"", ""region_2depth"": ""김포시"", ""region_3depth"": ""감정동""}",106.0,431.0,0.2459
ba_14689802,sbiz_commercial,,,,,,"{""competitor_count_1km"": 285, ""total_shops_1km"": 1000, ""competition_density"": 0.285, ""lat"": 37.5878361360042, ""lng"": 127.006743638153, ""address_name"": ""서울 성북구 삼선교로 8"", ""region_2depth"": ""성북구"", ""region_3depth"": ""삼선동1가""}",285.0,1000.0,0.285
ba_14689809,sbiz_commercial,,,,,,"{""competitor_count_1km"": 151, ""total_shops_1km"": 427, ""competition_density"": 0.3536, ""lat"": 37.0146865099432, ""lng"": 127.258481879328, ""address_name"": ""경기 안성시 고수2로 18"", ""region_2depth"": ""안성시"", ""region_3depth"": ""당왕동""}",151.0,427.0,0.3536
ba_14689837,sbiz_commercial,,,,,,"{""competitor_count_1km"": 305, ""total_shops_1km"": 1000, ""competition_density"": 0.305, ""lat"": 37.1974062084016, ""lng"": 127.098270640431, ""address_name"": ""경기 화성시 동탄구 동탄대로 489"", ""region_2depth"": ""화성시 동탄구"", ""region_3depth"": ""여울동""}",305.0,1000.0,0.305
ba_14689846,sbiz_commercial,,,,,,"{""competitor_count_1km"": 293, ""total_shops_1km"": 1000, ""competition_density"": 0.293, ""lat"": 37.2073828901011, ""lng"": 127.110953821694, ""address_name"": ""경기 화성시 동탄구 동탄순환대로 702"", ""region_2depth"": ""화성시 동탄구"", ""region_3depth"": ""영천동""}",293.0,1000.0,0.293
ba_14689854,sbiz_commercial,,,,,,"{""competitor_count_1km"": 118, ""total_shops_1km"": 537, ""competition_density"": 0.2197, ""lat"": 37.4688086066716, ""lng"": 126.690766324903, ""address_name"": ""인천 남동구 경원대로 962"", ""region_2depth"": ""남동구"", ""region_3depth"": ""간석동""}",118.0,537.0,0.2197
ba_14689855,sbiz_commercial,,,,,,"{""competitor_count_1km"": 182, ""total_shops_1km"": 562, ""competition_density"": 0.3238, ""lat"": 37.407831278782, ""lng"": 126.971553985033, ""address_name"": ""경기 안양시 동안구 동편로27번길 37"", ""region_2depth"": ""안양시 동안구"", ""region_3depth"": ""관양동""}",182.0,562.0,0.3238
ba_14689859,sbiz_commercial,,,,,,"{""competitor_count_1km"": 60, ""total_shops_1km"": 233, ""competition_density"": 0.2575, ""lat"": 37.854892069899, ""lng"": 127.728575975894, ""address_name"": ""강원특별자치도 춘천시 안마산로 113"", ""region_2depth"": ""춘천시"", ""region_3depth"": ""퇴계동""}",60.0,233.0,0.2575
ba_14689869,sbiz_commercial,,,,,,"{""competitor_count_1km"": 190, ""total_shops_1km"": 764, ""competition_density"": 0.2487, ""lat"": 37.3993838966555, ""lng"": 126.933356494436, ""address_name"": ""경기 안양시 동안구 비산로 9"", ""region_2depth"": ""안양시 동안구"", ""region_3depth"": ""비산동""}",190.0,764.0,0.2487
ba_14689875,sbiz_commercial,,,,,,"{""competitor_count_1km"": 203, ""total_shops_1km"": 705, ""competition_density"": 0.2879, ""lat"": 35.3158564408951, ""lng"": 129.003126227355, ""address_name"": ""경남 양산시 물금읍 야리로 45"", ""region_2depth"": ""양산시"", ""region_3depth"": ""물금읍 가촌리""}",203.0,705.0,0.2879
ba_14689886,sbiz_commercial,,,,,,"{""competitor_count_1km"": 290, ""total_shops_1km"": 1000, ""competition_density"": 0.29, ""lat"": 37.3710938013674, ""lng"": 126.957509170776, ""address_name"": ""경기 안양시 동안구 경수대로 541"", ""region_2depth"": ""안양시 동안구"", ""region_3depth"": ""호계동""}",290.0,1000.0,0.29
ba_14689890,sbiz_commercial,,,,,,"{""competitor_count_1km"": 71, ""total_shops_1km"": 322, ""competition_density"": 0.2205, ""lat"": 37.4425240516442, ""lng"": 126.715204791675, ""address_name"": ""인천 남동구 인하로 616"", ""region_2depth"": ""남동구"", ""region_3depth"": ""구월동""}",71.0,322.0,0.2205
ba_14689894,sbiz_commercial,,,,,,"{""competitor_count_1km"": 247, ""total_shops_1km"": 921, ""competition_density"": 0.2682, ""lat"": 37.463507034665, ""lng"": 126.695573689894, ""address_name"": ""인천 남동구 주안로 231"", ""region_2depth"": ""남동구"", ""region_3depth"": ""간석동""}",247.0,921.0,0.2682
ba_14689904,sbiz_commercial,,,,,,"{""competitor_count_1km"": 88, ""total_shops_1km"": 459, ""competition_density"": 0.1917, ""lat"": 37.3622634561028, ""lng"": 126.962526814593, ""address_name"": ""경기 안양시 동안구 경수대로 428"", ""region_2depth"": ""안양시 동안구"", ""region_3depth"": ""호계동""}",88.0,459.0,0.1917
ba_14689906,sbiz_commercial,,,,,,"{""competitor_count_1km"": 182, ""total_shops_1km"": 649, ""competition_density"": 0.2804, ""lat"": 37.4638541666895, ""lng"": 126.72096497881, ""address_name"": ""인천 남동구 호구포로 914"", ""region_2depth"": ""남동구"", ""region_3depth"": ""간석동""}",182.0,649.0,0.2804
ba_14689910,sbiz_commercial,,,,,,"{""competitor_count_1km"": 347, ""total_shops_1km"": 988, ""competition_density"": 0.3512, ""lat"": 37.5956972999549, ""lng"": 127.059962082851, ""address_name"": ""서울 동대문구 이문로 100"", ""region_2depth"": ""동대문구"", ""region_3depth"": ""이문동""}",347.0,988.0,0.3512
ba_14689936,sbiz_commercial,,,,,,"{""competitor_count_1km"": 308, ""total_shops_1km"": 1000, ""competition_density"": 0.308, ""lat"": 37.4027648082941, ""lng"": 126.911530821383, ""address_name"": ""경기 안양시 만안구 박달로 529"", ""region_2depth"": ""안양시 만안구"", ""region_3depth"": ""박달동""}",308.0,1000.0,0.308
ba_14689940,sbiz_commercial,,,,,,"{""competitor_count_1km"": 323, ""total_shops_1km"": 1000, ""competition_density"": 0.323, ""lat"": 37.3945479541537, ""lng"": 126.917270032189, ""address_name"": ""경기 안양시 만안구 장내로 76-1"", ""region_2depth"": ""안양시 만안구"", ""region_3depth"": ""안양동""}",323.0,1000.0,0.323
ba_14689942,sbiz_commercial,,,,,,"{""competitor_count_1km"": 151, ""total_shops_1km"": 596, ""competition_density"": 0.2534, ""lat"": 37.4414509031689, ""lng"": 126.661976343924, ""address_name"": ""인천 미추홀구 매소홀로 355"", ""region_2depth"": ""미추홀구"", ""region_3depth"": ""학익동""}",151.0,596.0,0.2534
ba_14689953,sbiz_commercial,,,,,,"{""competitor_count_1km"": 222, ""total_shops_1km"": 772, ""competition_density"": 0.2876, ""lat"": 37.7947068298683, ""lng"": 127.079939367768, ""address_name"": ""경기 양주시 고읍남로 15"", ""region_2depth"": ""양주시"", ""region_3depth"": ""광사동""}",222.0,772.0,0.2876
ba_14689993,sbiz_commercial,,,,,,"{""competitor_count_1km"": 211, ""total_shops_1km"": 1000, ""competition_density"": 0.211, ""lat"": 37.2805010696938, ""lng"": 127.113500970688, ""address_name"": ""경기 용인시 기흥구 관곡로 92"", ""region_2depth"": ""용인시 기흥구"", ""region_3depth"": ""구갈동""}",211.0,1000.0,0.211
ba_14689999,sbiz_commercial,,,,,,"{""competitor_count_1km"": 105, ""total_shops_1km"": 526, ""competition_density"": 0.1996, ""lat"": 37.4517471932074, ""lng"": 126.690112026818, ""address_name"": ""인천 미추홀구 경원대로 774"", ""region_2depth"": ""미추홀구"", ""region_3depth"": ""주안동""}",105.0,526.0,0.1996
ba_14690002,sbiz_commercial,,,,,,"{""competitor_count_1km"": 123, ""total_shops_1km"": 339, ""competition_density"": 0.3628, ""lat"": 37.3974223046224, ""lng"": 126.636641328932, ""address_name"": ""인천 연수구 센트럴로 232"", ""region_2depth"": ""연수구"", ""region_3depth"": ""송도동""}",123.0,339.0,0.3628
ba_14690014,sbiz_commercial,,,,,,"{""competitor_count_1km"": 278, ""total_shops_1km"": 1000, ""competition_density"": 0.278, ""lat"": 37.459565033529, ""lng"": 126.690200482844, ""address_name"": ""인천 미추홀구 경원대로864번길 10"", ""region_2depth"": ""미추홀구"", ""region_3depth"": ""주안동""}",278.0,1000.0,0.278
ba_14690034,sbiz_commercial,,,,,,"{""competitor_count_1km"": 88, ""total_shops_1km"": 343, ""competition_density"": 0.2566, ""lat"": 37.5673966730141, ""lng"": 126.683230564753, ""address_name"": ""인천 서구 승학로 577"", ""region_2depth"": ""서구"", ""region_3depth"": ""검암동""}",88.0,343.0,0.2566
ba_14690045,sbiz_commercial,,,,,,"{""competitor_count_1km"": 307, ""total_shops_1km"": 899, ""competition_density"": 0.3415, ""lat"": 37.5925835910401, ""lng"": 126.674980060284, ""address_name"": ""인천 서구 청마로167번길 16"", ""region_2depth"": ""서구"", ""region_3depth"": ""당하동""}",307.0,899.0,0.3415
ba_14690050,sbiz_commercial,,,,,,"{""competitor_count_1km"": 88, ""total_shops_1km"": 197, ""competition_density"": 0.4467, ""lat"": 37.5852890778487, ""lng"": 126.713142390532, ""address_name"": ""인천 서구 이음대로 475"", ""region_2depth"": ""서구"", ""region_3depth"": ""당하동""}",88.0,197.0,0.4467
ba_14690053,sbiz_commercial,,,,,,"{""competitor_count_1km"": 274, ""total_shops_1km"": 1000, ""competition_density"": 0.274, ""lat"": 37.2767008299567, ""lng"": 127.153051392653, ""address_name"": ""경기 용인시 기흥구 동백중앙로 269"", ""region_2depth"": ""용인시 기흥구"", ""region_3depth"": ""중동""}",274.0,1000.0,0.274
ba_14690056,sbiz_commercial,,,,,,"{""competitor_count_1km"": 93, ""total_shops_1km"": 1000, ""competition_density"": 0.093, ""lat"": 37.2697764368659, ""lng"": 127.153879011977, ""address_name"": ""경기 용인시 기흥구 동백3로11번길 8-1"", ""region_2depth"": ""용인시 기흥구"", ""region_3depth"": ""중동""}",93.0,1000.0,0.093
ba_14690057,sbiz_commercial,,,,,,"{""competitor_count_1km"": 251, ""total_shops_1km"": 1000, ""competition_density"": 0.251, ""lat"": 37.6012214714857, ""lng"": 126.660208773735, ""address_name"": ""인천 서구 완정로 144"", ""region_2depth"": ""서구"", ""region_3depth"": ""마전동""}",251.0,1000.0,0.251
ba_14690062,sbiz_commercial,,,,,,"{""competitor_count_1km"": 30, ""total_shops_1km"": 169, ""competition_density"": 0.1775, ""lat"": 37.2964421377438, ""lng"": 127.152128317283, ""address_name"": ""경기 용인시 기흥구 구성3로28번길 32"", ""region_2depth"": ""용인시 기흥구"", ""region_3depth"": ""청덕동""}",30.0,169.0,0.1775
ba_14690068,sbiz_commercial,,,,,,"{""competitor_count_1km"": 140, ""total_shops_1km"": 579, ""competition_density"": 0.2418, ""lat"": 37.3335278293353, ""lng"": 127.097391048542, ""address_name"": ""경기 용인시 수지구 문인로54번길 2"", ""region_2depth"": ""용인시 수지구"", ""region_3depth"": ""동천동""}",140.0,579.0,0.2418
ba_14690077,sbiz_commercial,,,,,,"{""competitor_count_1km"": 122, ""total_shops_1km"": 488, ""competition_density"": 0.25, ""lat"": 37.5506049289469, ""lng"": 126.674478463639, ""address_name"": ""인천 서구 서곶로369번길 22"", ""region_2depth"": ""서구"", ""region_3depth"": ""연희동""}",122.0,488.0,0.25
ba_14690081,sbiz_commercial,,,,,,"{""competitor_count_1km"": 283, ""total_shops_1km"": 986, ""competition_density"": 0.287, ""lat"": 37.5188434986601, ""lng"": 126.842539608321, ""address_name"": ""서울 양천구 신월로 175"", ""region_2depth"": ""양천구"", ""region_3depth"": ""신월동""}",283.0,986.0,0.287
ba_14690086,sbiz_commercial,,,,,,"{""competitor_count_1km"": 135, ""total_shops_1km"": 726, ""competition_density"": 0.186, ""lat"": 37.3066916421248, ""lng"": 127.084860617792, ""address_name"": ""경기 용인시 수지구 만현로 110"", ""region_2depth"": ""용인시 수지구"", ""region_3depth"": ""상현동""}",135.0,726.0,0.186
ba_14690092,sbiz_commercial,,,,,,"{""competitor_count_1km"": 96, ""total_shops_1km"": 292, ""competition_density"": 0.3288, ""lat"": 37.613385400018, ""lng"": 126.685863030781, ""address_name"": ""인천 서구 검단로768번길 4"", ""region_2depth"": ""서구"", ""region_3depth"": ""불로동""}",96.0,292.0,0.3288
ba_14690110,sbiz_commercial,,,,,,"{""competitor_count_1km"": 63, ""total_shops_1km"": 270, ""competition_density"": 0.2333, ""lat"": 37.3277931174986, ""lng"": 127.068630362824, ""address_name"": ""경기 용인시 수지구 신봉1로 165"", ""region_2depth"": ""용인시 수지구"", ""region_3depth"": ""신봉동""}",63.0,270.0,0.2333
ba_14690122,sbiz_commercial,,,,,,"{""competitor_count_1km"": 150, ""total_shops_1km"": 852, ""competition_density"": 0.1761, ""lat"": 37.3286372662681, ""lng"": 127.114253604741, ""address_name"": ""경기 용인시 수지구 대지로 43"", ""region_2depth"": ""용인시 수지구"", ""region_3depth"": ""죽전동""}",150.0,852.0,0.1761
ba_14690124,sbiz_commercial,,,,,,"{""competitor_count_1km"": 161, ""total_shops_1km"": 1000, ""competition_density"": 0.161, ""lat"": 37.3319506528556, ""lng"": 127.122428258973, ""address_name"": ""경기 용인시 수지구 현암로 119"", ""region_2depth"": ""용인시 수지구"", ""region_3depth"": ""죽전동""}",161.0,1000.0,0.161
ba_14690154,sbiz_commercial,,,,,,"{""competitor_count_1km"": 276, ""total_shops_1km"": 961, ""competition_density"": 0.2872, ""lat"": 37.6761100869955, ""lng"": 126.749407214126, ""address_name"": ""경기 고양시 일산서구 강성로 247"", ""region_2depth"": ""고양시 일산서구"", ""region_3depth"": ""대화동""}",276.0,961.0,0.2872
ba_14690155,sbiz_commercial,,,,,,"{""competitor_count_1km"": 61, ""total_shops_1km"": 261, ""competition_density"": 0.2337, ""lat"": 37.6331163992723, ""lng"": 126.701050320851, ""address_name"": ""경기 김포시 걸포2로 83"", ""region_2depth"": ""김포시"", ""region_3depth"": ""걸포동""}",61.0,261.0,0.2337
ba_14690378,sbiz_commercial,,,,,,"{""competitor_count_1km"": 185, ""total_shops_1km"": 786, ""competition_density"": 0.2354, ""lat"": 37.5026311386484, ""lng"": 127.125798271054, ""address_name"": ""서울 송파구 중대로23길 20"", ""region_2depth"": ""송파구"", ""region_3depth"": ""가락동""}",185.0,786.0,0.2354
ba_14690560,sbiz_commercial,,,,,,"{""competitor_count_1km"": 65, ""total_shops_1km"": 166, ""competition_density"": 0.3916, ""lat"": 35.1992624125186, ""lng"": 128.707849007691, ""address_name"": ""경남 창원시 성산구 삼정자로 11"", ""region_2depth"": ""창원시 성산구"", ""region_3depth"": ""성주동""}",65.0,166.0,0.3916
ba_14690565,sbiz_commercial,,,,,,"{""competitor_count_1km"": 242, ""total_shops_1km"": 1000, ""competition_density"": 0.242, ""lat"": 35.2279255009738, ""lng"": 128.678665324857, ""address_name"": ""경남 창원시 성산구 용지로133번길 13"", ""region_2depth"": ""창원시 성산구"", ""region_3depth"": ""중앙동""}",242.0,1000.0,0.242
ba_14690577,sbiz_commercial,,,,,,"{""competitor_count_1km"": 295, ""total_shops_1km"": 803, ""competition_density"": 0.3674, ""lat"": 36.0828676303792, ""lng"": 129.401720798501, ""address_name"": ""경북 포항시 북구 양덕로 47"", ""region_2depth"": ""포항시 북구"", ""region_3depth"": ""양덕동""}",295.0,803.0,0.3674
ba_14690587,sbiz_commercial,,,,,,"{""competitor_count_1km"": 209, ""total_shops_1km"": 662, ""competition_density"": 0.3157, ""lat"": 36.0882780432506, ""lng"": 129.387496106634, ""address_name"": ""경북 포항시 북구 법원로 152"", ""region_2depth"": ""포항시 북구"", ""region_3depth"": ""양덕동""}",209.0,662.0,0.3157
ba_14690630,sbiz_commercial,,,,,,"{""competitor_count_1km"": 127, ""total_shops_1km"": 442, ""competition_density"": 0.2873, ""lat"": 36.0674634309948, ""lng"": 129.373602750468, ""address_name"": ""경북 포항시 북구 대곡로 50"", ""region_2depth"": ""포항시 북구"", ""region_3depth"": ""두호동""}",127.0,442.0,0.2873
ba_14690660,sbiz_commercial,,,,,,"{""competitor_count_1km"": 56, ""total_shops_1km"": 207, ""competition_density"": 0.2705, ""lat"": 35.2374639904214, ""lng"": 128.912952864372, ""address_name"": ""경남 김해시 안동길 31"", ""region_2depth"": ""김해시"", ""region_3depth"": ""안동""}",56.0,207.0,0.2705
ba_14690665,sbiz_commercial,,,,,,"{""competitor_count_1km"": 157, ""total_shops_1km"": 365, ""competition_density"": 0.4301, ""lat"": 35.1971644439077, ""lng"": 128.816146535289, ""address_name"": ""경남 김해시 장유로330번길 1"", ""region_2depth"": ""김해시"", ""region_3depth"": ""신문동""}",157.0,365.0,0.4301
ba_14690672,sbiz_commercial,,,,,,"{""competitor_count_1km"": 281, ""total_shops_1km"": 932, ""competition_density"": 0.3015, ""lat"": 35.1716396228239, ""lng"": 128.813739314007, ""address_name"": ""경남 김해시 율하3로 37"", ""region_2depth"": ""김해시"", ""region_3depth"": ""율하동""}",281.0,932.0,0.3015
ba_14690673,sbiz_commercial,,,,,,"{""competitor_count_1km"": 224, ""total_shops_1km"": 1000, ""competition_density"": 0.224, ""lat"": 35.1900134360002, ""lng"": 126.823202614744, ""address_name"": ""광주 광산구 임방울대로 335"", ""region_2depth"": ""광산구"", ""region_3depth"": ""수완동""}",224.0,1000.0,0.224
ba_14690674,sbiz_commercial,,,,,,"{""competitor_count_1km"": 234, ""total_shops_1km"": 772, ""competition_density"": 0.3031, ""lat"": 35.1849697649601, ""lng"": 126.836043240044, ""address_name"": ""광주 광산구 수등로 248"", ""region_2depth"": ""광산구"", ""region_3depth"": ""신가동""}",234.0,772.0,0.3031
ba_14690677,sbiz_commercial,,,,,,"{""competitor_count_1km"": 326, ""total_shops_1km"": 806, ""competition_density"": 0.4045, ""lat"": 35.2427963678404, ""lng"": 128.903719170435, ""address_name"": ""경남 김해시 인제로 159"", ""region_2depth"": ""김해시"", ""region_3depth"": ""어방동""}",326.0,806.0,0.4045
ba_14690680,sbiz_commercial,,,,,,"{""competitor_count_1km"": 39, ""total_shops_1km"": 195, ""competition_density"": 0.2, ""lat"": 35.1672455217197, ""lng"": 128.827539019135, ""address_name"": ""경남 김해시 율하로 488-1"", ""region_2depth"": ""김해시"", ""region_3depth"": ""장유동""}",39.0,195.0,0.2
ba_14690689,sbiz_commercial,,,,,,"{""competitor_count_1km"": 280, ""total_shops_1km"": 824, ""competition_density"": 0.3398, ""lat"": 35.1926530544291, ""lng"": 126.837422717924, ""address_name"": ""광주 광산구 신창로 84"", ""region_2depth"": ""광산구"", ""region_3depth"": ""신창동""}",280.0,824.0,0.3398
ba_14690695,sbiz_commercial,,,,,,"{""competitor_count_1km"": 191, ""total_shops_1km"": 512, ""competition_density"": 0.373, ""lat"": 35.2486354142407, ""lng"": 128.872187139554, ""address_name"": ""경남 김해시 구산로 32-1"", ""region_2depth"": ""김해시"", ""region_3depth"": ""구산동""}",191.0,512.0,0.373
ba_14690704,sbiz_commercial,,,,,,"{""competitor_count_1km"": 161, ""total_shops_1km"": 548, ""competition_density"": 0.2938, ""lat"": 35.2301631670301, ""lng"": 128.893507232887, ""address_name"": ""경남 김해시 활천로 29"", ""region_2depth"": ""김해시"", ""region_3depth"": ""삼정동""}",161.0,548.0,0.2938
ba_14690709,sbiz_commercial,,,,,,"{""competitor_count_1km"": 375, ""total_shops_1km"": 858, ""competition_density"": 0.4371, ""lat"": 35.3078470102883, ""lng"": 128.729829525884, ""address_name"": ""경남 김해시 진영읍 김해대로361번길 12"", ""region_2depth"": ""김해시"", ""region_3depth"": ""진영읍 진영리""}",375.0,858.0,0.4371
ba_14690712,sbiz_commercial,,,,,,"{""competitor_count_1km"": 88, ""total_shops_1km"": 381, ""competition_density"": 0.231, ""lat"": 35.1788237634147, ""lng"": 126.824016292139, ""address_name"": ""광주 광산구 하남대로 278-1"", ""region_2depth"": ""광산구"", ""region_3depth"": ""운남동""}",88.0,381.0,0.231
ba_14690718,sbiz_commercial,,,,,,"{""competitor_count_1km"": 37, ""total_shops_1km"": 163, ""competition_density"": 0.227, ""lat"": 35.1063211454049, ""lng"": 126.904591804799, ""address_name"": ""광주 남구 효우로 79-1"", ""region_2depth"": ""남구"", ""region_3depth"": ""노대동""}",37.0,163.0,0.227
ba_14690722,sbiz_commercial,,,,,,"{""competitor_count_1km"": 224, ""total_shops_1km"": 691, ""competition_density"": 0.3242, ""lat"": 35.1761068602533, ""lng"": 126.811124242013, ""address_name"": ""광주 광산구 사암로340번안길 20"", ""region_2depth"": ""광산구"", ""region_3depth"": ""월곡동""}",224.0,691.0,0.3242
ba_14690723,sbiz_commercial,,,,,,"{""competitor_count_1km"": 359, ""total_shops_1km"": 1000, ""competition_density"": 0.359, ""lat"": 35.2136574935969, ""lng"": 126.84615500754, ""address_name"": ""광주 광산구 월계로 187"", ""region_2depth"": ""광산구"", ""region_3depth"": ""월계동""}",359.0,1000.0,0.359
ba_14690724,sbiz_commercial,,,,,,"{""competitor_count_1km"": 393, ""total_shops_1km"": 1000, ""competition_density"": 0.393, ""lat"": 35.0824278989925, ""lng"": 128.085987151019, ""address_name"": ""경남 사천시 사천읍 진삼로 1469"", ""region_2depth"": ""사천시"", ""region_3depth"": ""사천읍 수석리""}",393.0,1000.0,0.393
ba_14690725,sbiz_commercial,,,,,,"{""competitor_count_1km"": 244, ""total_shops_1km"": 662, ""competition_density"": 0.3686, ""lat"": 35.1336905772995, ""lng"": 126.909795928894, ""address_name"": ""광주 남구 대남대로 139"", ""region_2depth"": ""남구"", ""region_3depth"": ""봉선동""}",244.0,662.0,0.3686
ba_14690752,sbiz_commercial,,,,,,"{""competitor_count_1km"": 379, ""total_shops_1km"": 965, ""competition_density"": 0.3927, ""lat"": 35.3373796857543, ""lng"": 129.027743926492, ""address_name"": ""경남 양산시 양산역6길 17"", ""region_2depth"": ""양산시"", ""region_3depth"": ""중부동""}",379.0,965.0,0.3927
ba_14690763,sbiz_commercial,,,,,,"{""competitor_count_1km"": 344, ""total_shops_1km"": 1000, ""competition_density"": 0.344, ""lat"": 35.3427655919799, ""lng"": 129.037892298754, ""address_name"": ""경남 양산시 중앙로 136"", ""region_2depth"": ""양산시"", ""region_3depth"": ""중부동""}",344.0,1000.0,0.344
ba_14690774,sbiz_commercial,,,,,,"{""competitor_count_1km"": 189, ""total_shops_1km"": 609, ""competition_density"": 0.3103, ""lat"": 35.1800303824745, ""lng"": 128.065087211656, ""address_name"": ""경남 진주시 진양호로 299"", ""region_2depth"": ""진주시"", ""region_3depth"": ""신안동""}",189.0,609.0,0.3103
ba_14690786,sbiz_commercial,,,,,,"{""competitor_count_1km"": 225, ""total_shops_1km"": 710, ""competition_density"": 0.3169, ""lat"": 35.1860103319871, ""lng"": 126.921431022329, ""address_name"": ""광주 북구 서하로 375"", ""region_2depth"": ""북구"", ""region_3depth"": ""문흥동""}",225.0,710.0,0.3169
ba_14690806,sbiz_commercial,,,,,,"{""competitor_count_1km"": 123, ""total_shops_1km"": 439, ""competition_density"": 0.2802, ""lat"": 35.1433430620792, ""lng"": 126.907136829335, ""address_name"": ""광주 남구 중앙로 80"", ""region_2depth"": ""남구"", ""region_3depth"": ""서동""}",123.0,439.0,0.2802
ba_14690836,sbiz_commercial,,,,,,"{""competitor_count_1km"": 214, ""total_shops_1km"": 524, ""competition_density"": 0.4084, ""lat"": 35.2323776505188, ""lng"": 128.504442346265, ""address_name"": ""경남 창원시 마산회원구 내서읍 삼계로 2"", ""region_2depth"": ""창원시 마산회원구"", ""region_3depth"": ""내서읍 삼계리""}",214.0,524.0,0.4084
ba_14690909,sbiz_commercial,,,,,,"{""competitor_count_1km"": 217, ""total_shops_1km"": 588, ""competition_density"": 0.369, ""lat"": 35.2194531106686, ""lng"": 128.571125838468, ""address_name"": ""경남 창원시 마산회원구 회원동 50-5"", ""region_2depth"": ""창원시 마산회원구"", ""region_3depth"": ""회원동""}",217.0,588.0,0.369
ba_14690983,sbiz_commercial,,,,,,"{""competitor_count_1km"": 321, ""total_shops_1km"": 868, ""competition_density"": 0.3698, ""lat"": 36.3674463675344, ""lng"": 127.437540734113, ""address_name"": ""대전 대덕구 동춘당로126번길 2"", ""region_2depth"": ""대덕구"", ""region_3depth"": ""송촌동""}",321.0,868.0,0.3698
ba_14690992,sbiz_commercial,,,,,,"{""competitor_count_1km"": 86, ""total_shops_1km"": 305, ""competition_density"": 0.282, ""lat"": 36.4503223775895, ""lng"": 127.420365594807, ""address_name"": ""대전 대덕구 대덕대로 1555"", ""region_2depth"": ""대덕구"", ""region_3depth"": ""석봉동""}",86.0,305.0,0.282
ba_14691001,sbiz_commercial,,,,,,"{""competitor_count_1km"": 74, ""total_shops_1km"": 351, ""competition_density"": 0.2108, ""lat"": 35.19749100281, ""lng"": 126.871237767319, ""address_name"": ""광주 북구 양일로 58"", ""region_2depth"": ""북구"", ""region_3depth"": ""연제동""}",74.0,351.0,0.2108
ba_14691005,sbiz_commercial,,,,,,"{""competitor_count_1km"": 249, ""total_shops_1km"": 829, ""competition_density"": 0.3004, ""lat"": 35.1469435357343, ""lng"": 126.884005536576, ""address_name"": ""광주 서구 군분로179번길 18"", ""region_2depth"": ""서구"", ""region_3depth"": ""화정동""}",249.0,829.0,0.3004
ba_14691030,sbiz_commercial,,,,,,"{""competitor_count_1km"": 316, ""total_shops_1km"": 1000, ""competition_density"": 0.316, ""lat"": 35.8142316565451, ""lng"": 128.522123499199, ""address_name"": ""대구 달서구 월배로 71"", ""region_2depth"": ""달서구"", ""region_3depth"": ""진천동""}",316.0,1000.0,0.316
ba_14691036,sbiz_commercial,,,,,,"{""competitor_count_1km"": 75, ""total_shops_1km"": 204, ""competition_density"": 0.3676, ""lat"": 35.8656002313688, ""lng"": 128.45849802123, ""address_name"": ""대구 달성군 다사읍 다사로 71"", ""region_2depth"": ""달성군"", ""region_3depth"": ""다사읍 매곡리""}",75.0,204.0,0.3676
ba_14691037,sbiz_commercial,,,,,,"{""competitor_count_1km"": 121, ""total_shops_1km"": 264, ""competition_density"": 0.4583, ""lat"": 36.3463941569192, ""lng"": 127.301398182852, ""address_name"": ""대전 유성구 학하중앙로59번길 5-13"", ""region_2depth"": ""유성구"", ""region_3depth"": ""덕명동""}",121.0,264.0,0.4583
ba_14691042,sbiz_commercial,,,,,,"{""competitor_count_1km"": 90, ""total_shops_1km"": 270, ""competition_density"": 0.3333, ""lat"": 35.8743960277804, ""lng"": 128.497028669333, ""address_name"": ""대구 달성군 다사읍 서재로 121"", ""region_2depth"": ""달성군"", ""region_3depth"": ""다사읍 서재리""}",90.0,270.0,0.3333
ba_14691044,sbiz_commercial,,,,,,"{""competitor_count_1km"": 116, ""total_shops_1km"": 436, ""competition_density"": 0.2661, ""lat"": 35.809946725376, ""lng"": 128.51305240127, ""address_name"": ""대구 달성군 화원읍 비슬로 2727"", ""region_2depth"": ""달성군"", ""region_3depth"": ""화원읍 구라리""}",116.0,436.0,0.2661
ba_14691059,sbiz_commercial,,,,,,"{""competitor_count_1km"": 109, ""total_shops_1km"": 301, ""competition_density"": 0.3621, ""lat"": 35.8744209810175, ""lng"": 128.480249064776, ""address_name"": ""대구 달성군 다사읍 세천로 160"", ""region_2depth"": ""달성군"", ""region_3depth"": ""다사읍 세천리""}",109.0,301.0,0.3621
ba_14691062,sbiz_commercial,,,,,,"{""competitor_count_1km"": 232, ""total_shops_1km"": 762, ""competition_density"": 0.3045, ""lat"": 35.1437656715698, ""lng"": 126.873788630508, ""address_name"": ""광주 서구 월드컵4강로 77"", ""region_2depth"": ""서구"", ""region_3depth"": ""화정동""}",232.0,762.0,0.3045
ba_14691072,sbiz_commercial,,,,,,"{""competitor_count_1km"": 136, ""total_shops_1km"": 241, ""competition_density"": 0.5643, ""lat"": 35.8781518943155, ""lng"": 128.732173543748, ""address_name"": ""대구 동구 이노밸리로 321"", ""region_2depth"": ""동구"", ""region_3depth"": ""신서동""}",136.0,241.0,0.5643
ba_14691077,sbiz_commercial,,,,,,"{""competitor_count_1km"": 233, ""total_shops_1km"": 693, ""competition_density"": 0.3362, ""lat"": 35.883111621892, ""lng"": 128.62225061564, ""address_name"": ""대구 동구 아양로 77"", ""region_2depth"": ""동구"", ""region_3depth"": ""신암동""}",233.0,693.0,0.3362
ba_14691078,sbiz_commercial,,,,,,"{""competitor_count_1km"": 420, ""total_shops_1km"": 873, ""competition_density"": 0.4811, ""lat"": 34.841925032287, ""lng"": 128.420442580002, ""address_name"": ""경남 통영시 새터길 75-5"", ""region_2depth"": ""통영시"", ""region_3depth"": ""서호동""}",420.0,873.0,0.4811
ba_14691080,sbiz_commercial,,,,,,"{""competitor_count_1km"": 248, ""total_shops_1km"": 1000, ""competition_density"": 0.248, ""lat"": 36.3534744900415, ""lng"": 127.34059446686, ""address_name"": ""대전 유성구 계룡로 92"", ""region_2depth"": ""유성구"", ""region_3depth"": ""봉명동""}",248.0,1000.0,0.248
ba_14691084,sbiz_commercial,,,,,,"{""competitor_count_1km"": 165, ""total_shops_1km"": 448, ""competition_density"": 0.3683, ""lat"": 36.3700235254643, ""lng"": 127.338770800316, ""address_name"": ""대전 유성구 죽동로297번길 72"", ""region_2depth"": ""유성구"", ""region_3depth"": ""죽동""}",165.0,448.0,0.3683
ba_14691088,sbiz_commercial,,,,,,"{""competitor_count_1km"": 342, ""total_shops_1km"": 1000, ""competition_density"": 0.342, ""lat"": 35.8247216078659, ""lng"": 128.737343180235, ""address_name"": ""경북 경산시 경안로 192-1"", ""region_2depth"": ""경산시"", ""region_3depth"": ""중방동""}",342.0,1000.0,0.342
ba_14691089,sbiz_commercial,,,,,,"{""competitor_count_1km"": 108, ""total_shops_1km"": 382, ""competition_density"": 0.2827, ""lat"": 36.3874429322172, ""lng"": 127.308773247968, ""address_name"": ""대전 유성구 지족동로 152"", ""region_2depth"": ""유성구"", ""region_3depth"": ""지족동""}",108.0,382.0,0.2827
ba_14691093,sbiz_commercial,,,,,,"{""competitor_count_1km"": 301, ""total_shops_1km"": 1000, ""competition_density"": 0.301, ""lat"": 36.3755909307344, ""lng"": 127.318507795507, ""address_name"": ""대전 유성구 노은로 178"", ""region_2depth"": ""유성구"", ""region_3depth"": ""지족동""}",301.0,1000.0,0.301
ba_14691101,sbiz_commercial,,,,,,"{""competitor_count_1km"": 195, ""total_shops_1km"": 505, ""competition_density"": 0.3861, ""lat"": 35.863257459959, ""lng"": 128.693740818855, ""address_name"": ""대구 동구 안심로16길 47"", ""region_2depth"": ""동구"", ""region_3depth"": ""율하동""}",195.0,505.0,0.3861
ba_14691105,sbiz_commercial,,,,,,"{""competitor_count_1km"": 43, ""total_shops_1km"": 115, ""competition_density"": 0.3739, ""lat"": 36.3869984002511, ""lng"": 127.323543978134, ""address_name"": ""대전 유성구 송림로 52"", ""region_2depth"": ""유성구"", ""region_3depth"": ""하기동""}",43.0,115.0,0.3739
ba_14691106,sbiz_commercial,,,,,,"{""competitor_count_1km"": 225, ""total_shops_1km"": 617, ""competition_density"": 0.3647, ""lat"": 35.8859379021135, ""lng"": 128.636763858658, ""address_name"": ""대구 동구 아양로 216"", ""region_2depth"": ""동구"", ""region_3depth"": ""효목동""}",225.0,617.0,0.3647
ba_14691112,sbiz_commercial,,,,,,"{""competitor_count_1km"": 71, ""total_shops_1km"": 228, ""competition_density"": 0.3114, ""lat"": 35.8757757374524, ""lng"": 128.666113165942, ""address_name"": ""대구 동구 화랑로80길 8"", ""region_2depth"": ""동구"", ""region_3depth"": ""방촌동""}",71.0,228.0,0.3114
ba_14691116,sbiz_commercial,,,,,,"{""competitor_count_1km"": 196, ""total_shops_1km"": 560, ""competition_density"": 0.35, ""lat"": 35.9388706835974, ""lng"": 128.549265700873, ""address_name"": ""대구 북구 칠곡중앙대로 483"", ""region_2depth"": ""북구"", ""region_3depth"": ""관음동""}",196.0,560.0,0.35
ba_14691120,sbiz_commercial,,,,,,"{""competitor_count_1km"": 366, ""total_shops_1km"": 742, ""competition_density"": 0.4933, ""lat"": 35.8856777707623, ""lng"": 128.581743538712, ""address_name"": ""대구 북구 원대로 91"", ""region_2depth"": ""북구"", ""region_3depth"": ""노원동1가""}",366.0,742.0,0.4933
ba_14691130,sbiz_commercial,,,,,,"{""competitor_count_1km"": 287, ""total_shops_1km"": 761, ""competition_density"": 0.3771, ""lat"": 35.130932337702, ""lng"": 129.049289302737, ""address_name"": ""부산 동구 좌천남로 25"", ""region_2depth"": ""동구"", ""region_3depth"": ""좌천동""}",287.0,761.0,0.3771
ba_14691145,sbiz_commercial,,,,,,"{""competitor_count_1km"": 266, ""total_shops_1km"": 651, ""competition_density"": 0.4086, ""lat"": 36.0868130330137, ""lng"": 128.355194728135, ""address_name"": ""경북 구미시 상사서로 49"", ""region_2depth"": ""구미시"", ""region_3depth"": ""상모동""}",266.0,651.0,0.4086
ba_14691146,sbiz_commercial,,,,,,"{""competitor_count_1km"": 278, ""total_shops_1km"": 1000, ""competition_density"": 0.278, ""lat"": 35.1467244339012, ""lng"": 129.05898376881, ""address_name"": ""부산 부산진구 범일로 185"", ""region_2depth"": ""부산진구"", ""region_3depth"": ""범천동""}",278.0,1000.0,0.278
ba_14691147,sbiz_commercial,,,,,,"{""competitor_count_1km"": 330, ""total_shops_1km"": 1000, ""competition_density"": 0.33, ""lat"": 36.5666177181878, ""lng"": 128.722799423309, ""address_name"": ""경북 안동시 서동문로 100"", ""region_2depth"": ""안동시"", ""region_3depth"": ""광석동""}",330.0,1000.0,0.33
ba_14691150,sbiz_commercial,,,,,,"{""competitor_count_1km"": 232, ""total_shops_1km"": 681, ""competition_density"": 0.3407, ""lat"": 35.8573763333671, ""lng"": 128.4662765947, ""address_name"": ""대구 달성군 다사읍 달구벌대로 889"", ""region_2depth"": ""달성군"", ""region_3depth"": ""다사읍 매곡리""}",232.0,681.0,0.3407
ba_14691155,sbiz_commercial,,,,,,"{""competitor_count_1km"": 233, ""total_shops_1km"": 823, ""competition_density"": 0.2831, ""lat"": 35.8899627775101, ""lng"": 128.590994036612, ""address_name"": ""대구 북구 침산로 154"", ""region_2depth"": ""북구"", ""region_3depth"": ""침산동""}",233.0,823.0,0.2831
ba_14691171,sbiz_commercial,,,,,,"{""competitor_count_1km"": 295, ""total_shops_1km"": 1000, ""competition_density"": 0.295, ""lat"": 35.1552693916682, ""lng"": 129.062529883987, ""address_name"": ""부산 부산진구 동천로 74"", ""region_2depth"": ""부산진구"", ""region_3depth"": ""전포동""}",295.0,1000.0,0.295
ba_14691172,sbiz_commercial,,,,,,"{""competitor_count_1km"": 324, ""total_shops_1km"": 890, ""competition_density"": 0.364, ""lat"": 35.8989133854091, ""lng"": 128.61251901581, ""address_name"": ""대구 북구 동북로 163"", ""region_2depth"": ""북구"", ""region_3depth"": ""산격동""}",324.0,890.0,0.364
ba_14691173,sbiz_commercial,,,,,,"{""competitor_count_1km"": 259, ""total_shops_1km"": 658, ""competition_density"": 0.3936, ""lat"": 35.8929944293614, ""lng"": 128.620418960308, ""address_name"": ""대구 북구 동북로 280"", ""region_2depth"": ""북구"", ""region_3depth"": ""복현동""}",259.0,658.0,0.3936
ba_14691178,sbiz_commercial,,,,,,"{""competitor_count_1km"": 349, ""total_shops_1km"": 816, ""competition_density"": 0.4277, ""lat"": 35.8708200549025, ""lng"": 128.558139975781, ""address_name"": ""대구 서구 국채보상로 248"", ""region_2depth"": ""서구"", ""region_3depth"": ""평리동""}",349.0,816.0,0.4277
ba_14691179,sbiz_commercial,,,,,,"{""competitor_count_1km"": 193, ""total_shops_1km"": 553, ""competition_density"": 0.349, ""lat"": 35.8625855921087, ""lng"": 128.551494446008, ""address_name"": ""대구 서구 평리로 254"", ""region_2depth"": ""서구"", ""region_3depth"": ""내당동""}",193.0,553.0,0.349
ba_14691187,sbiz_commercial,,,,,,"{""competitor_count_1km"": 54, ""total_shops_1km"": 191, ""competition_density"": 0.2827, ""lat"": 35.8762257032913, ""lng"": 128.547271572139, ""address_name"": ""대구 서구 당산로 446"", ""region_2depth"": ""서구"", ""region_3depth"": ""평리동""}",54.0,191.0,0.2827
ba_14691194,sbiz_commercial,,,,,,"{""competitor_count_1km"": 188, ""total_shops_1km"": 1000, ""competition_density"": 0.188, ""lat"": 35.8632179728436, ""lng"": 128.626050793217, ""address_name"": ""대구 수성구 동대구로73길 8"", ""region_2depth"": ""수성구"", ""region_3depth"": ""범어동""}",188.0,1000.0,0.188
ba_14691209,sbiz_commercial,,,,,,"{""competitor_count_1km"": 304, ""total_shops_1km"": 1000, ""competition_density"": 0.304, ""lat"": 35.8352626824906, ""lng"": 128.622483651949, ""address_name"": ""대구 수성구 상화로 142"", ""region_2depth"": ""수성구"", ""region_3depth"": ""두산동""}",304.0,1000.0,0.304
ba_14691228,sbiz_commercial,,,,,,"{""competitor_count_1km"": 77, ""total_shops_1km"": 281, ""competition_density"": 0.274, ""lat"": 35.8362121238032, ""lng"": 128.717029739151, ""address_name"": ""대구 수성구 달구벌대로 3304"", ""region_2depth"": ""수성구"", ""region_3depth"": ""신매동""}",77.0,281.0,0.274
ba_14691234,sbiz_commercial,,,,,,"{""competitor_count_1km"": 164, ""total_shops_1km"": 1000, ""competition_density"": 0.164, ""lat"": 35.8611502468828, ""lng"": 128.59231512064, ""address_name"": ""대구 중구 명륜로 72"", ""region_2depth"": ""중구"", ""region_3depth"": ""남산동""}",164.0,1000.0,0.164
ba_14691235,sbiz_commercial,,,,,,"{""competitor_count_1km"": 232, ""total_shops_1km"": 906, ""competition_density"": 0.2561, ""lat"": 35.8218744855263, ""lng"": 128.640212332308, ""address_name"": ""대구 수성구 용학로 293"", ""region_2depth"": ""수성구"", ""region_3depth"": ""지산동""}",232.0,906.0,0.2561
ba_14691237,sbiz_commercial,,,,,,"{""competitor_count_1km"": 123, ""total_shops_1km"": 456, ""competition_density"": 0.2697, ""lat"": 35.8389817574439, ""lng"": 128.629942904304, ""address_name"": ""대구 수성구 청수로 202"", ""region_2depth"": ""수성구"", ""region_3depth"": ""지산동""}",123.0,456.0,0.2697
ba_14691245,sbiz_commercial,,,,,,"{""competitor_count_1km"": 249, ""total_shops_1km"": 1000, ""competition_density"": 0.249, ""lat"": 35.8719327839077, ""lng"": 128.595581807313, ""address_name"": ""대구 중구 동성로 57"", ""region_2depth"": ""중구"", ""region_3depth"": ""동성로2가""}",249.0,1000.0,0.249
ba_14691269,sbiz_commercial,,,,,,"{""competitor_count_1km"": 168, ""total_shops_1km"": 751, ""competition_density"": 0.2237, ""lat"": 36.3128854209416, ""lng"": 127.381016127515, ""address_name"": ""대전 서구 도산로 42"", ""region_2depth"": ""서구"", ""region_3depth"": ""도마동""}",168.0,751.0,0.2237
ba_14691270,sbiz_commercial,,,,,,"{""competitor_count_1km"": 196, ""total_shops_1km"": 692, ""competition_density"": 0.2832, ""lat"": 35.8501292765145, ""lng"": 128.530126305596, ""address_name"": ""대구 달서구 용산로 141"", ""region_2depth"": ""달서구"", ""region_3depth"": ""용산동""}",196.0,692.0,0.2832
ba_14691272,sbiz_commercial,,,,,,"{""competitor_count_1km"": 175, ""total_shops_1km"": 572, ""competition_density"": 0.3059, ""lat"": 36.3574957379061, ""lng"": 127.450845729795, ""address_name"": ""대전 대덕구 비래동로 39"", ""region_2depth"": ""대덕구"", ""region_3depth"": ""비래동""}",175.0,572.0,0.3059
ba_14691273,sbiz_commercial,,,,,,"{""competitor_count_1km"": 198, ""total_shops_1km"": 527, ""competition_density"": 0.3757, ""lat"": 35.8567617884351, ""lng"": 128.52131985485, ""address_name"": ""대구 달서구 성지로 84"", ""region_2depth"": ""달서구"", ""region_3depth"": ""용산동""}",198.0,527.0,0.3757
ba_14691277,sbiz_commercial,,,,,,"{""competitor_count_1km"": 118, ""total_shops_1km"": 447, ""competition_density"": 0.264, ""lat"": 35.8281192474824, ""lng"": 128.53169055444, ""address_name"": ""대구 달서구 학산로7길 5"", ""region_2depth"": ""달서구"", ""region_3depth"": ""월성동""}",118.0,447.0,0.264
ba_14691292,sbiz_commercial,,,,,,"{""competitor_count_1km"": 307, ""total_shops_1km"": 916, ""competition_density"": 0.3352, ""lat"": 35.8374894354728, ""lng"": 128.706958456104, ""address_name"": ""대구 수성구 신매로 91"", ""region_2depth"": ""수성구"", ""region_3depth"": ""신매동""}",307.0,916.0,0.3352
ba_14691295,sbiz_commercial,,,,,,"{""competitor_count_1km"": 145, ""total_shops_1km"": 485, ""competition_density"": 0.299, ""lat"": 35.8224397365581, ""lng"": 128.544838510835, ""address_name"": ""대구 달서구 송현로7길 10"", ""region_2depth"": ""달서구"", ""region_3depth"": ""상인동""}",145.0,485.0,0.299
ba_14691296,sbiz_commercial,,,,,,"{""competitor_count_1km"": 425, ""total_shops_1km"": 991, ""competition_density"": 0.4289, ""lat"": 36.4240928090645, ""lng"": 127.388998949035, ""address_name"": ""대전 유성구 테크노4로 119"", ""region_2depth"": ""유성구"", ""region_3depth"": ""관평동""}",425.0,991.0,0.4289
ba_14691298,sbiz_commercial,,,,,,"{""competitor_count_1km"": 298, ""total_shops_1km"": 909, ""competition_density"": 0.3278, ""lat"": 36.3987186843063, ""lng"": 127.404571341482, ""address_name"": ""대전 유성구 엑스포로 475"", ""region_2depth"": ""유성구"", ""region_3depth"": ""전민동""}",298.0,909.0,0.3278
ba_14691330,sbiz_commercial,,,,,,"{""competitor_count_1km"": 248, ""total_shops_1km"": 716, ""competition_density"": 0.3464, ""lat"": 36.1140739470133, ""lng"": 128.339608518795, ""address_name"": ""경북 구미시 신시로 68-3"", ""region_2depth"": ""구미시"", ""region_3depth"": ""형곡동""}",248.0,716.0,0.3464
ba_14691344,sbiz_commercial,,,,,,"{""competitor_count_1km"": 118, ""total_shops_1km"": 418, ""competition_density"": 0.2823, ""lat"": 35.8101516366143, ""lng"": 128.757846838059, ""address_name"": ""경북 경산시 백양로32길 18"", ""region_2depth"": ""경산시"", ""region_3depth"": ""사동""}",118.0,418.0,0.2823
ba_14691361,sbiz_commercial,,,,,,"{""competitor_count_1km"": 86, ""total_shops_1km"": 371, ""competition_density"": 0.2318, ""lat"": 35.8136311650307, ""lng"": 128.732059913842, ""address_name"": ""경북 경산시 경산로 51"", ""region_2depth"": ""경산시"", ""region_3depth"": ""옥곡동""}",86.0,371.0,0.2318
ba_14691372,sbiz_commercial,,,,,,"{""competitor_count_1km"": 82, ""total_shops_1km"": 239, ""competition_density"": 0.3431, ""lat"": 36.1207826275357, ""lng"": 128.37193396898, ""address_name"": ""경북 구미시 신비로 95"", ""region_2depth"": ""구미시"", ""region_3depth"": ""공단동""}",82.0,239.0,0.3431
ba_14691375,sbiz_commercial,,,,,,"{""competitor_count_1km"": 130, ""total_shops_1km"": 527, ""competition_density"": 0.2467, ""lat"": 35.8290491556759, ""lng"": 128.719888301278, ""address_name"": ""경북 경산시 펜타힐즈2로 59"", ""region_2depth"": ""경산시"", ""region_3depth"": ""중산동""}",130.0,527.0,0.2467
ba_14691400,sbiz_commercial,,,,,,"{""competitor_count_1km"": 234, ""total_shops_1km"": 487, ""competition_density"": 0.4805, ""lat"": 35.9101777108334, ""lng"": 128.815235794293, ""address_name"": ""경북 경산시 하양읍 하양로 56"", ""region_2depth"": ""경산시"", ""region_3depth"": ""하양읍 금락리""}",234.0,487.0,0.4805
ba_14691401,sbiz_commercial,,,,,,"{""competitor_count_1km"": 67, ""total_shops_1km"": 132, ""competition_density"": 0.5076, ""lat"": 35.8967134671379, ""lng"": 128.849369329316, ""address_name"": ""경북 경산시 진량읍 대구대로 244"", ""region_2depth"": ""경산시"", ""region_3depth"": ""진량읍 내리리""}",67.0,132.0,0.5076
ba_14691751,sbiz_commercial,,,,,,"{""competitor_count_1km"": 116, ""total_shops_1km"": 369, ""competition_density"": 0.3144, ""lat"": 36.3167524350527, ""lng"": 127.459187356192, ""address_name"": ""대전 동구 옥천로 168"", ""region_2depth"": ""동구"", ""region_3depth"": ""판암동""}",116.0,369.0,0.3144
ba_14691791,sbiz_commercial,,,,,,"{""competitor_count_1km"": 363, ""total_shops_1km"": 1000, ""competition_density"": 0.363, ""lat"": 35.2115420302652, ""lng"": 129.012319298641, ""address_name"": ""부산 북구 만덕대로 68"", ""region_2depth"": ""북구"", ""region_3depth"": ""덕천동""}",363.0,1000.0,0.363
ba_14691797,sbiz_commercial,,,,,,"{""competitor_count_1km"": 197, ""total_shops_1km"": 554, ""competition_density"": 0.3556, ""lat"": 35.185074742964, ""lng"": 128.990818513614, ""address_name"": ""부산 사상구 백양대로 883"", ""region_2depth"": ""사상구"", ""region_3depth"": ""모라동""}",197.0,554.0,0.3556
ba_14691798,sbiz_commercial,,,,,,"{""competitor_count_1km"": 169, ""total_shops_1km"": 461, ""competition_density"": 0.3666, ""lat"": 35.6014788084604, ""lng"": 129.365332014142, ""address_name"": ""울산 북구 박상진12로 11"", ""region_2depth"": ""북구"", ""region_3depth"": ""송정동""}",169.0,461.0,0.3666
ba_14691801,sbiz_commercial,,,,,,"{""competitor_count_1km"": 140, ""total_shops_1km"": 463, ""competition_density"": 0.3024, ""lat"": 35.1972342879582, ""lng"": 128.995511489817, ""address_name"": ""부산 북구 백양대로 1028"", ""region_2depth"": ""북구"", ""region_3depth"": ""구포동""}",140.0,463.0,0.3024
ba_14691803,sbiz_commercial,,,,,,"{""competitor_count_1km"": 104, ""total_shops_1km"": 298, ""competition_density"": 0.349, ""lat"": 35.1405851385963, ""lng"": 128.983378296288, ""address_name"": ""부산 사상구 학감대로123번길 89"", ""region_2depth"": ""사상구"", ""region_3depth"": ""학장동""}",104.0,298.0,0.349
ba_14691813,sbiz_commercial,,,,,,"{""competitor_count_1km"": 203, ""total_shops_1km"": 499, ""competition_density"": 0.4068, ""lat"": 35.6323007312427, ""lng"": 129.349941907894, ""address_name"": ""울산 북구 호계로 329"", ""region_2depth"": ""북구"", ""region_3depth"": ""신천동""}",203.0,499.0,0.4068
ba_14691815,sbiz_commercial,,,,,,"{""competitor_count_1km"": 132, ""total_shops_1km"": 425, ""competition_density"": 0.3106, ""lat"": 35.0613988993854, ""lng"": 128.976319822164, ""address_name"": ""부산 사하구 다대로 483"", ""region_2depth"": ""사하구"", ""region_3depth"": ""다대동""}",132.0,425.0,0.3106
ba_14691817,sbiz_commercial,,,,,,"{""competitor_count_1km"": 132, ""total_shops_1km"": 370, ""competition_density"": 0.3568, ""lat"": 35.0778054309557, ""lng"": 128.977517971452, ""address_name"": ""부산 사하구 다대로 275"", ""region_2depth"": ""사하구"", ""region_3depth"": ""장림동""}",132.0,370.0,0.3568
ba_14691829,sbiz_commercial,,,,,,"{""competitor_count_1km"": 216, ""total_shops_1km"": 516, ""competition_density"": 0.4186, ""lat"": 35.0997889344032, ""lng"": 128.958183566217, ""address_name"": ""부산 사하구 하신번영로 209"", ""region_2depth"": ""사하구"", ""region_3depth"": ""하단동""}",216.0,516.0,0.4186
ba_14691834,sbiz_commercial,,,,,,"{""competitor_count_1km"": 91, ""total_shops_1km"": 244, ""competition_density"": 0.373, ""lat"": 35.081619085335, ""lng"": 129.017106223224, ""address_name"": ""부산 서구 감천로 271"", ""region_2depth"": ""서구"", ""region_3depth"": ""암남동""}",91.0,244.0,0.373
ba_14691857,sbiz_commercial,,,,,,"{""competitor_count_1km"": 220, ""total_shops_1km"": 795, ""competition_density"": 0.2767, ""lat"": 35.0978294987286, ""lng"": 128.91888769212, ""address_name"": ""부산 강서구 명지국제8로 240"", ""region_2depth"": ""강서구"", ""region_3depth"": ""명지동""}",220.0,795.0,0.2767
ba_14691859,sbiz_commercial,,,,,,"{""competitor_count_1km"": 58, ""total_shops_1km"": 163, ""competition_density"": 0.3558, ""lat"": 35.6534419710092, ""lng"": 129.349411324637, ""address_name"": ""울산 북구 중산로 3"", ""region_2depth"": ""북구"", ""region_3depth"": ""중산동""}",58.0,163.0,0.3558
ba_14691860,sbiz_commercial,,,,,,"{""competitor_count_1km"": 111, ""total_shops_1km"": 271, ""competition_density"": 0.4096, ""lat"": 35.0755544541612, ""lng"": 129.074599795214, ""address_name"": ""부산 영도구 태종로 611"", ""region_2depth"": ""영도구"", ""region_3depth"": ""동삼동""}",111.0,271.0,0.4096
ba_14691861,sbiz_commercial,,,,,,"{""competitor_count_1km"": 26, ""total_shops_1km"": 115, ""competition_density"": 0.2261, ""lat"": 35.5486079889529, ""lng"": 129.139211866971, ""address_name"": ""울산 울주군 삼남읍 도호길 31"", ""region_2depth"": ""울주군"", ""region_3depth"": ""삼남읍 신화리""}",26.0,115.0,0.2261
ba_14691864,sbiz_commercial,,,,,,"{""competitor_count_1km"": 197, ""total_shops_1km"": 467, ""competition_density"": 0.4218, ""lat"": 35.0867316922679, ""lng"": 128.877759571621, ""address_name"": ""부산 강서구 신호이로27번길 3"", ""region_2depth"": ""강서구"", ""region_3depth"": ""신호동""}",197.0,467.0,0.4218
ba_14691884,sbiz_commercial,,,,,,"{""competitor_count_1km"": 333, ""total_shops_1km"": 875, ""competition_density"": 0.3806, ""lat"": 35.2469059211847, ""lng"": 129.08827558187, ""address_name"": ""부산 금정구 구서로 26"", ""region_2depth"": ""금정구"", ""region_3depth"": ""구서동""}",333.0,875.0,0.3806
ba_14691891,sbiz_commercial,,,,,,"{""competitor_count_1km"": 130, ""total_shops_1km"": 357, ""competition_density"": 0.3641, ""lat"": 35.5746898363019, ""lng"": 129.316202863447, ""address_name"": ""울산 중구 성안로 160"", ""region_2depth"": ""중구"", ""region_3depth"": ""성안동""}",130.0,357.0,0.3641
ba_14691894,sbiz_commercial,,,,,,"{""competitor_count_1km"": 64, ""total_shops_1km"": 223, ""competition_density"": 0.287, ""lat"": 34.95490254608, ""lng"": 127.690059619637, ""address_name"": ""전남 광양시 진등5길 14"", ""region_2depth"": ""광양시"", ""region_3depth"": ""마동""}",64.0,223.0,0.287
ba_14691901,sbiz_commercial,,,,,,"{""competitor_count_1km"": 207, ""total_shops_1km"": 611, ""competition_density"": 0.3388, ""lat"": 35.5650514763926, ""lng"": 129.336658545398, ""address_name"": ""울산 중구 번영로 487"", ""region_2depth"": ""중구"", ""region_3depth"": ""약사동""}",207.0,611.0,0.3388
ba_14691904,sbiz_commercial,,,,,,"{""competitor_count_1km"": 50, ""total_shops_1km"": 197, ""competition_density"": 0.2538, ""lat"": 35.5609807968594, ""lng"": 129.305285878376, ""address_name"": ""울산 중구 평동3길 1"", ""region_2depth"": ""중구"", ""region_3depth"": ""유곡동""}",50.0,197.0,0.2538
ba_14691908,sbiz_commercial,,,,,,"{""competitor_count_1km"": 301, ""total_shops_1km"": 1000, ""competition_density"": 0.301, ""lat"": 35.13318429166, ""lng"": 129.100891727474, ""address_name"": ""부산 남구 용소로 46-1"", ""region_2depth"": ""남구"", ""region_3depth"": ""대연동""}",301.0,1000.0,0.301
ba_14691909,sbiz_commercial,,,,,,"{""competitor_count_1km"": 144, ""total_shops_1km"": 388, ""competition_density"": 0.3711, ""lat"": 35.3349807510359, ""lng"": 129.1655478736, ""address_name"": ""부산 기장군 정관읍 정관로 385"", ""region_2depth"": ""기장군"", ""region_3depth"": ""정관읍 모전리""}",144.0,388.0,0.3711
ba_14691918,sbiz_commercial,,,,,,"{""competitor_count_1km"": 265, ""total_shops_1km"": 1000, ""competition_density"": 0.265, ""lat"": 37.6659768470326, ""lng"": 127.0350659958, ""address_name"": ""서울 도봉구 도당로13길 28"", ""region_2depth"": ""도봉구"", ""region_3depth"": ""방학동""}",265.0,1000.0,0.265
ba_14691943,sbiz_commercial,,,,,,"{""competitor_count_1km"": 339, ""total_shops_1km"": 1000, ""competition_density"": 0.339, ""lat"": 34.9525683695545, ""lng"": 127.518875870767, ""address_name"": ""전남 순천시 연향번영길 122"", ""region_2depth"": ""순천시"", ""region_3depth"": ""연향동""}",339.0,1000.0,0.339
ba_14691949,sbiz_commercial,,,,,,"{""competitor_count_1km"": 146, ""total_shops_1km"": 1000, ""competition_density"": 0.146, ""lat"": 35.1387281351032, ""lng"": 129.06345343296, ""address_name"": ""부산 동구 조방로 14"", ""region_2depth"": ""동구"", ""region_3depth"": ""범일동""}",146.0,1000.0,0.146
ba_14691953,sbiz_commercial,,,,,,"{""competitor_count_1km"": 181, ""total_shops_1km"": 408, ""competition_density"": 0.4436, ""lat"": 34.9332491289383, ""lng"": 127.494535210041, ""address_name"": ""전남 순천시 오천6길 24"", ""region_2depth"": ""순천시"", ""region_3depth"": ""오천동""}",181.0,408.0,0.4436
ba_14691958,sbiz_commercial,,,,,,"{""competitor_count_1km"": 424, ""total_shops_1km"": 1000, ""competition_density"": 0.424, ""lat"": 35.2046130923837, ""lng"": 129.076599575529, ""address_name"": ""부산 동래구 충렬대로 152"", ""region_2depth"": ""동래구"", ""region_3depth"": ""온천동""}",424.0,1000.0,0.424
ba_14691965,sbiz_commercial,,,,,,"{""competitor_count_1km"": 191, ""total_shops_1km"": 484, ""competition_density"": 0.3946, ""lat"": 35.0167268324436, ""lng"": 126.794022014531, ""address_name"": ""전남 나주시 그린로 339"", ""region_2depth"": ""나주시"", ""region_3depth"": ""빛가람동""}",191.0,484.0,0.3946
ba_14691969,sbiz_commercial,,,,,,"{""competitor_count_1km"": 342, ""total_shops_1km"": 1000, ""competition_density"": 0.342, ""lat"": 35.1978078737623, ""lng"": 129.060890766645, ""address_name"": ""부산 동래구 석사로 4-1"", ""region_2depth"": ""동래구"", ""region_3depth"": ""사직동""}",342.0,1000.0,0.342
ba_14691974,sbiz_commercial,,,,,,"{""competitor_count_1km"": 53, ""total_shops_1km"": 167, ""competition_density"": 0.3174, ""lat"": 35.2494560745354, ""lng"": 129.013141960083, ""address_name"": ""부산 북구 금곡대로 460"", ""region_2depth"": ""북구"", ""region_3depth"": ""금곡동""}",53.0,167.0,0.3174
ba_14691975,sbiz_commercial,,,,,,"{""competitor_count_1km"": 207, ""total_shops_1km"": 601, ""competition_density"": 0.3444, ""lat"": 35.1696987733142, ""lng"": 129.035787721876, ""address_name"": ""부산 부산진구 당감서로98번길 29"", ""region_2depth"": ""부산진구"", ""region_3depth"": ""부암동""}",207.0,601.0,0.3444
ba_14691976,sbiz_commercial,,,,,,"{""competitor_count_1km"": 180, ""total_shops_1km"": 1000, ""competition_density"": 0.18, ""lat"": 35.1631975375537, ""lng"": 129.063894634575, ""address_name"": ""부산 부산진구 중앙대로 802"", ""region_2depth"": ""부산진구"", ""region_3depth"": ""전포동""}",180.0,1000.0,0.18
ba_14691989,sbiz_commercial,,,,,,"{""competitor_count_1km"": 119, ""total_shops_1km"": 405, ""competition_density"": 0.2938, ""lat"": 34.7657593257197, ""lng"": 127.655838146818, ""address_name"": ""전남 여수시 무선로 53"", ""region_2depth"": ""여수시"", ""region_3depth"": ""선원동""}",119.0,405.0,0.2938
ba_14691990,sbiz_commercial,,,,,,"{""competitor_count_1km"": 233, ""total_shops_1km"": 738, ""competition_density"": 0.3157, ""lat"": 33.4726016319767, ""lng"": 126.5450357982, ""address_name"": ""제주특별자치도 제주시 아란9길 6"", ""region_2depth"": ""제주시"", ""region_3depth"": ""아라일동""}",233.0,738.0,0.3157
ba_14691996,sbiz_commercial,,,,,,"{""competitor_count_1km"": 371, ""total_shops_1km"": 1000, ""competition_density"": 0.371, ""lat"": 35.2093189574149, ""lng"": 129.007668382739, ""address_name"": ""부산 북구 덕천2길 42-1"", ""region_2depth"": ""북구"", ""region_3depth"": ""덕천동""}",371.0,1000.0,0.371
ba_14691997,sbiz_commercial,,,,,,"{""competitor_count_1km"": 436, ""total_shops_1km"": 1000, ""competition_density"": 0.436, ""lat"": 35.1645446489337, ""lng"": 128.98373035384, ""address_name"": ""부산 사상구 사상로 218"", ""region_2depth"": ""사상구"", ""region_3depth"": ""괘법동""}",436.0,1000.0,0.436
ba_14691998,sbiz_commercial,,,,,,"{""competitor_count_1km"": 143, ""total_shops_1km"": 461, ""competition_density"": 0.3102, ""lat"": 35.1283422819594, ""lng"": 128.972817699522, ""address_name"": ""부산 사상구 엄궁북로 24"", ""region_2depth"": ""사상구"", ""region_3depth"": ""엄궁동""}",143.0,461.0,0.3102
ba_14691999,sbiz_commercial,,,,,,"{""competitor_count_1km"": 345, ""total_shops_1km"": 1000, ""competition_density"": 0.345, ""lat"": 35.2025708072097, ""lng"": 129.082531783464, ""address_name"": ""부산 동래구 충렬대로 211"", ""region_2depth"": ""동래구"", ""region_3depth"": ""명륜동""}",345.0,1000.0,0.345
ba_14692012,sbiz_commercial,,,,,,"{""competitor_count_1km"": 374, ""total_shops_1km"": 802, ""competition_density"": 0.4663, ""lat"": 34.7495413359893, ""lng"": 127.700517082386, ""address_name"": ""전남 여수시 여서1로 9"", ""region_2depth"": ""여수시"", ""region_3depth"": ""여서동""}",374.0,802.0,0.4663
ba_14692022,sbiz_commercial,,,,,,"{""competitor_count_1km"": 172, ""total_shops_1km"": 320, ""competition_density"": 0.5375, ""lat"": 34.7614343881434, ""lng"": 127.639576538342, ""address_name"": ""전남 여수시 소라면 죽림로 5"", ""region_2depth"": ""여수시"", ""region_3depth"": ""소라면 죽림리""}",172.0,320.0,0.5375
ba_14692035,sbiz_commercial,,,,,,"{""competitor_count_1km"": 126, ""total_shops_1km"": 349, ""competition_density"": 0.361, ""lat"": 34.767062231762, ""lng"": 127.702750536544, ""address_name"": ""전남 여수시 둔덕2길 6-4"", ""region_2depth"": ""여수시"", ""region_3depth"": ""미평동""}",126.0,349.0,0.361
ba_14692056,sbiz_commercial,,,,,,"{""competitor_count_1km"": 244, ""total_shops_1km"": 1000, ""competition_density"": 0.244, ""lat"": 37.5315136106132, ""lng"": 127.080762180981, ""address_name"": ""서울 광진구 뚝섬로 642"", ""region_2depth"": ""광진구"", ""region_3depth"": ""자양동""}",244.0,1000.0,0.244
ba_14692060,sbiz_commercial,,,,,,"{""competitor_count_1km"": 273, ""total_shops_1km"": 1000, ""competition_density"": 0.273, ""lat"": 37.6094818947859, ""lng"": 127.058194701761, ""address_name"": ""서울 성북구 돌곶이로 65"", ""region_2depth"": ""성북구"", ""region_3depth"": ""석관동""}",273.0,1000.0,0.273
ba_14692077,sbiz_commercial,,,,,,"{""competitor_count_1km"": 265, ""total_shops_1km"": 672, ""competition_density"": 0.3943, ""lat"": 35.1761445608023, ""lng"": 128.148101025864, ""address_name"": ""경남 진주시 충의로 20-37"", ""region_2depth"": ""진주시"", ""region_3depth"": ""충무공동""}",265.0,672.0,0.3943
ba_14692092,sbiz_commercial,,,,,,"{""competitor_count_1km"": 291, ""total_shops_1km"": 742, ""competition_density"": 0.3922, ""lat"": 33.4881978875697, ""lng"": 126.430694567687, ""address_name"": ""제주특별자치도 제주시 우정로 52"", ""region_2depth"": ""제주시"", ""region_3depth"": ""외도일동""}",291.0,742.0,0.3922
ba_14692116,sbiz_commercial,,,,,,"{""competitor_count_1km"": 372, ""total_shops_1km"": 1000, ""competition_density"": 0.372, ""lat"": 35.1649474172491, ""lng"": 129.115147108953, ""address_name"": ""부산 수영구 수영로666번길 6"", ""region_2depth"": ""수영구"", ""region_3depth"": ""광안동""}",372.0,1000.0,0.372
ba_14692118,sbiz_commercial,,,,,,"{""competitor_count_1km"": 78, ""total_shops_1km"": 177, ""competition_density"": 0.4407, ""lat"": 34.7449305752611, ""lng"": 127.652505067484, ""address_name"": ""전남 여수시 소호로 471-1"", ""region_2depth"": ""여수시"", ""region_3depth"": ""소호동""}",78.0,177.0,0.4407
ba_14692121,sbiz_commercial,,,,,,"{""competitor_count_1km"": 117, ""total_shops_1km"": 1000, ""competition_density"": 0.117, ""lat"": 35.1909415917206, ""lng"": 129.075097008214, ""address_name"": ""부산 연제구 법원남로10번길 7"", ""region_2depth"": ""연제구"", ""region_3depth"": ""거제동""}",117.0,1000.0,0.117
ba_14692146,sbiz_commercial,,,,,,"{""competitor_count_1km"": 322, ""total_shops_1km"": 960, ""competition_density"": 0.3354, ""lat"": 35.1894659289255, ""lng"": 129.126439757303, ""address_name"": ""부산 해운대구 재반로 123"", ""region_2depth"": ""해운대구"", ""region_3depth"": ""재송동""}",322.0,960.0,0.3354
ba_14692155,sbiz_commercial,,,,,,"{""competitor_count_1km"": 358, ""total_shops_1km"": 1000, ""competition_density"": 0.358, ""lat"": 35.1728563187354, ""lng"": 129.18000766071, ""address_name"": ""부산 해운대구 좌동순환로 252"", ""region_2depth"": ""해운대구"", ""region_3depth"": ""좌동""}",358.0,1000.0,0.358
ba_14692164,sbiz_commercial,,,,,,"{""competitor_count_1km"": 84, ""total_shops_1km"": 303, ""competition_density"": 0.2772, ""lat"": 36.5193378025522, ""lng"": 127.234599308677, ""address_name"": ""세종특별자치시 마음로 264"", ""region_2depth"": """", ""region_3depth"": ""고운동""}",84.0,303.0,0.2772
ba_14692165,sbiz_commercial,,,,,,"{""competitor_count_1km"": 106, ""total_shops_1km"": 357, ""competition_density"": 0.2969, ""lat"": 36.511382335085, ""lng"": 127.248913715615, ""address_name"": ""세종특별자치시 보듬3로 95"", ""region_2depth"": """", ""region_3depth"": ""아름동""}",106.0,357.0,0.2969
ba_14692168,sbiz_commercial,,,,,,"{""competitor_count_1km"": 277, ""total_shops_1km"": 1000, ""competition_density"": 0.277, ""lat"": 35.1698725592719, ""lng"": 129.178425811623, ""address_name"": ""부산 해운대구 세실로 48"", ""region_2depth"": ""해운대구"", ""region_3depth"": ""좌동""}",277.0,1000.0,0.277
ba_14692178,sbiz_commercial,,,,,,"{""competitor_count_1km"": 188, ""total_shops_1km"": 407, ""competition_density"": 0.4619, ""lat"": 33.5424973205071, ""lng"": 126.664203384903, ""address_name"": ""제주특별자치도 제주시 조천읍 신북로 507"", ""region_2depth"": ""제주시"", ""region_3depth"": ""조천읍 함덕리""}",188.0,407.0,0.4619
ba_14692185,sbiz_commercial,,,,,,"{""competitor_count_1km"": 183, ""total_shops_1km"": 550, ""competition_density"": 0.3327, ""lat"": 36.4816422575859, ""lng"": 127.259750400415, ""address_name"": ""세종특별자치시 노을3로 19"", ""region_2depth"": """", ""region_3depth"": ""한솔동""}",183.0,550.0,0.3327
ba_14692190,sbiz_commercial,,,,,,"{""competitor_count_1km"": 65, ""total_shops_1km"": 331, ""competition_density"": 0.1964, ""lat"": 36.4944826637341, ""lng"": 127.249318899356, ""address_name"": ""세종특별자치시 다정중앙로 46"", ""region_2depth"": """", ""region_3depth"": ""다정동""}",65.0,331.0,0.1964
ba_14692194,sbiz_commercial,,,,,,"{""competitor_count_1km"": 280, ""total_shops_1km"": 972, ""competition_density"": 0.2881, ""lat"": 35.9563335914027, ""lng"": 126.971626599858, ""address_name"": ""전북특별자치도 익산시 고봉로30길 11"", ""region_2depth"": ""익산시"", ""region_3depth"": ""영등동""}",280.0,972.0,0.2881
ba_14692201,sbiz_commercial,,,,,,"{""competitor_count_1km"": 54, ""total_shops_1km"": 283, ""competition_density"": 0.1908, ""lat"": 36.4980764694106, ""lng"": 127.312717399492, ""address_name"": ""세종특별자치시 한누리대로 1820"", ""region_2depth"": """", ""region_3depth"": ""반곡동""}",54.0,283.0,0.1908
ba_14692211,sbiz_commercial,,,,,,"{""competitor_count_1km"": 86, ""total_shops_1km"": 186, ""competition_density"": 0.4624, ""lat"": 36.5285836241553, ""lng"": 127.264491646624, ""address_name"": ""세종특별자치시 해밀3로 43"", ""region_2depth"": """", ""region_3depth"": ""해밀동""}",86.0,186.0,0.4624
ba_14692212,sbiz_commercial,,,,,,"{""competitor_count_1km"": 86, ""total_shops_1km"": 439, ""competition_density"": 0.1959, ""lat"": 36.4721012232451, ""lng"": 127.277143228236, ""address_name"": ""세종특별자치시 한누리대로 2265"", ""region_2depth"": """", ""region_3depth"": ""대평동""}",86.0,439.0,0.1959
ba_14692216,sbiz_commercial,,,,,,"{""competitor_count_1km"": 102, ""total_shops_1km"": 299, ""competition_density"": 0.3411, ""lat"": 36.59092284764, ""lng"": 127.292644726981, ""address_name"": ""세종특별자치시 조치원읍 은행나무1길 42"", ""region_2depth"": """", ""region_3depth"": ""조치원읍 죽림리""}",102.0,299.0,0.3411
ba_14692232,sbiz_commercial,,,,,,"{""competitor_count_1km"": 219, ""total_shops_1km"": 540, ""competition_density"": 0.4056, ""lat"": 36.7724565836885, ""lng"": 127.009416058549, ""address_name"": ""충남 아산시 용화로9번길 4-12"", ""region_2depth"": ""아산시"", ""region_3depth"": ""용화동""}",219.0,540.0,0.4056
ba_14692242,sbiz_commercial,,,,,,"{""competitor_count_1km"": 171, ""total_shops_1km"": 698, ""competition_density"": 0.245, ""lat"": 36.7966653262054, ""lng"": 127.128806252815, ""address_name"": ""충남 천안시 서북구 충무로 205"", ""region_2depth"": ""천안시 서북구"", ""region_3depth"": ""쌍용동""}",171.0,698.0,0.245
ba_14692246,sbiz_commercial,,,,,,"{""competitor_count_1km"": 144, ""total_shops_1km"": 488, ""competition_density"": 0.2951, ""lat"": 36.8403902006184, ""lng"": 127.129400521982, ""address_name"": ""충남 천안시 서북구 성성8로 14-10"", ""region_2depth"": ""천안시 서북구"", ""region_3depth"": ""성성동""}",144.0,488.0,0.2951
ba_14692251,sbiz_commercial,,,,,,"{""competitor_count_1km"": 291, ""total_shops_1km"": 1000, ""competition_density"": 0.291, ""lat"": 36.8284219631106, ""lng"": 127.133561671246, ""address_name"": ""충남 천안시 서북구 서부대로 688"", ""region_2depth"": ""천안시 서북구"", ""region_3depth"": ""성정동""}",291.0,1000.0,0.291
ba_14692258,sbiz_commercial,,,,,,"{""competitor_count_1km"": 242, ""total_shops_1km"": 780, ""competition_density"": 0.3103, ""lat"": 36.807678223155, ""lng"": 127.131315860629, ""address_name"": ""충남 천안시 서북구 봉명로 25"", ""region_2depth"": ""천안시 서북구"", ""region_3depth"": ""쌍용동""}",242.0,780.0,0.3103
ba_14692275,sbiz_commercial,,,,,,"{""competitor_count_1km"": 277, ""total_shops_1km"": 1000, ""competition_density"": 0.277, ""lat"": 35.817433927729, ""lng"": 127.143766687032, ""address_name"": ""전북특별자치도 전주시 완산구 충경로 40"", ""region_2depth"": ""전주시 완산구"", ""region_3depth"": ""중앙동2가""}",277.0,1000.0,0.277
ba_14692278,sbiz_commercial,,,,,,"{""competitor_count_1km"": 182, ""total_shops_1km"": 423, ""competition_density"": 0.4303, ""lat"": 37.1400294184377, ""lng"": 128.199121079275, ""address_name"": ""충북 제천시 하소로 42"", ""region_2depth"": ""제천시"", ""region_3depth"": ""하소동""}",182.0,423.0,0.4303
ba_14692291,sbiz_commercial,,,,,,"{""competitor_count_1km"": 309, ""total_shops_1km"": 852, ""competition_density"": 0.3627, ""lat"": 36.6364294207485, ""lng"": 127.426664088684, ""address_name"": ""충북 청주시 흥덕구 증안로 28-1"", ""region_2depth"": ""청주시 흥덕구"", ""region_3depth"": ""복대동""}",309.0,852.0,0.3627
ba_14692326,sbiz_commercial,,,,,,"{""competitor_count_1km"": 153, ""total_shops_1km"": 447, ""competition_density"": 0.3423, ""lat"": 37.1520660013857, ""lng"": 128.217005977275, ""address_name"": ""충북 제천시 청전대로 177"", ""region_2depth"": ""제천시"", ""region_3depth"": ""청전동""}",153.0,447.0,0.3423
ba_14692339,sbiz_commercial,,,,,,"{""competitor_count_1km"": 176, ""total_shops_1km"": 675, ""competition_density"": 0.2607, ""lat"": 36.610042839247, ""lng"": 127.484392615368, ""address_name"": ""충북 청주시 서원구 청남로 1992"", ""region_2depth"": ""청주시 서원구"", ""region_3depth"": ""분평동""}",176.0,675.0,0.2607
ba_14692346,sbiz_commercial,,,,,,"{""competitor_count_1km"": 248, ""total_shops_1km"": 573, ""competition_density"": 0.4328, ""lat"": 36.3477123074564, ""lng"": 126.610972944494, ""address_name"": ""충남 보령시 한내로터리길 85"", ""region_2depth"": ""보령시"", ""region_3depth"": ""동대동""}",248.0,573.0,0.4328
ba_14692368,sbiz_commercial,,,,,,"{""competitor_count_1km"": 236, ""total_shops_1km"": 667, ""competition_density"": 0.3538, ""lat"": 33.2550911790174, ""lng"": 126.572443300536, ""address_name"": ""제주특별자치도 서귀포시 일주동로 8572"", ""region_2depth"": ""서귀포시"", ""region_3depth"": ""동홍동""}",236.0,667.0,0.3538
ba_14692383,sbiz_commercial,,,,,,"{""competitor_count_1km"": 337, ""total_shops_1km"": 1000, ""competition_density"": 0.337, ""lat"": 35.5419705090065, ""lng"": 129.311088539964, ""address_name"": ""울산 남구 중앙로 237"", ""region_2depth"": ""남구"", ""region_3depth"": ""신정동""}",337.0,1000.0,0.337
ba_14692433,sbiz_commercial,,,,,,"{""competitor_count_1km"": 261, ""total_shops_1km"": 780, ""competition_density"": 0.3346, ""lat"": 36.9841874633896, ""lng"": 127.941681935189, ""address_name"": ""충북 충주시 연수동산로3길 20"", ""region_2depth"": ""충주시"", ""region_3depth"": ""연수동""}",261.0,780.0,0.3346
ba_14692434,sbiz_commercial,,,,,,"{""competitor_count_1km"": 139, ""total_shops_1km"": 506, ""competition_density"": 0.2747, ""lat"": 36.831093426645, ""lng"": 127.123782465136, ""address_name"": ""충남 천안시 서북구 한들3로 84"", ""region_2depth"": ""천안시 서북구"", ""region_3depth"": ""백석동""}",139.0,506.0,0.2747
ba_14692439,sbiz_commercial,,,,,,"{""competitor_count_1km"": 238, ""total_shops_1km"": 582, ""competition_density"": 0.4089, ""lat"": 36.6203417599608, ""lng"": 127.316046756573, ""address_name"": ""충북 청주시 흥덕구 오송읍 오송생명7로 146"", ""region_2depth"": ""청주시 흥덕구"", ""region_3depth"": ""오송읍 봉산리""}",238.0,582.0,0.4089
ba_14692455,sbiz_commercial,,,,,,"{""competitor_count_1km"": 251, ""total_shops_1km"": 1000, ""competition_density"": 0.251, ""lat"": 36.8182902981075, ""lng"": 127.108956596403, ""address_name"": ""충남 천안시 서북구 불당25로 192"", ""region_2depth"": ""천안시 서북구"", ""region_3depth"": ""불당동""}",251.0,1000.0,0.251
ba_14692459,sbiz_commercial,,,,,,"{""competitor_count_1km"": 254, ""total_shops_1km"": 860, ""competition_density"": 0.2953, ""lat"": 36.804146927296, ""lng"": 127.108648903085, ""address_name"": ""충남 천안시 서북구 불당3길 33"", ""region_2depth"": ""천안시 서북구"", ""region_3depth"": ""불당동""}",254.0,860.0,0.2953
ba_14692460,sbiz_commercial,,,,,,"{""competitor_count_1km"": 264, ""total_shops_1km"": 1000, ""competition_density"": 0.264, ""lat"": 37.3933140041708, ""lng"": 126.923981297845, ""address_name"": ""경기 안양시 만안구 현충로48번길 63"", ""region_2depth"": ""안양시 만안구"", ""region_3depth"": ""안양동""}",264.0,1000.0,0.264
ba_14692482,sbiz_commercial,,,,,,"{""competitor_count_1km"": 78, ""total_shops_1km"": 214, ""competition_density"": 0.3645, ""lat"": 36.956629052566, ""lng"": 127.925115773591, ""address_name"": ""충북 충주시 호암수청2로 29"", ""region_2depth"": ""충주시"", ""region_3depth"": ""호암동""}",78.0,214.0,0.3645
ba_14692505,sbiz_commercial,,,,,,"{""competitor_count_1km"": 274, ""total_shops_1km"": 657, ""competition_density"": 0.417, ""lat"": 35.5393937030189, ""lng"": 129.426497788859, ""address_name"": ""울산 동구 방어진순환도로 1120"", ""region_2depth"": ""동구"", ""region_3depth"": ""서부동""}",274.0,657.0,0.417
ba_14692549,sbiz_commercial,,,,,,"{""competitor_count_1km"": 169, ""total_shops_1km"": 678, ""competition_density"": 0.2493, ""lat"": 37.3963332498728, ""lng"": 126.930746701312, ""address_name"": ""경기 안양시 만안구 태평로60번길 42"", ""region_2depth"": ""안양시 만안구"", ""region_3depth"": ""안양동""}",169.0,678.0,0.2493
ba_14692551,sbiz_commercial,,,,,,"{""competitor_count_1km"": 228, ""total_shops_1km"": 1000, ""competition_density"": 0.228, ""lat"": 37.5328855588883, ""lng"": 126.90450018213, ""address_name"": ""서울 영등포구 양평로 16"", ""region_2depth"": ""영등포구"", ""region_3depth"": ""당산동6가""}",228.0,1000.0,0.228
ba_14692592,sbiz_commercial,,,,,,"{""competitor_count_1km"": 350, ""total_shops_1km"": 1000, ""competition_density"": 0.35, ""lat"": 37.7481106702405, ""lng"": 127.045113106698, ""address_name"": ""경기 의정부시 평화로 629"", ""region_2depth"": ""의정부시"", ""region_3depth"": ""의정부동""}",350.0,1000.0,0.35
ba_14692796,sbiz_commercial,,,,,,"{""competitor_count_1km"": 107, ""total_shops_1km"": 326, ""competition_density"": 0.3282, ""lat"": 36.7787737652065, ""lng"": 127.020809490775, ""address_name"": ""충남 아산시 모종남로12번길 11"", ""region_2depth"": ""아산시"", ""region_3depth"": ""모종동""}",107.0,326.0,0.3282
ba_14692985,sbiz_commercial,,,,,,"{""competitor_count_1km"": 223, ""total_shops_1km"": 921, ""competition_density"": 0.2421, ""lat"": 36.7827604900661, ""lng"": 127.152944924385, ""address_name"": ""충남 천안시 동남구 청수4로 10"", ""region_2depth"": ""천안시 동남구"", ""region_3depth"": ""청당동""}",223.0,921.0,0.2421
ba_14693042,sbiz_commercial,,,,,,"{""competitor_count_1km"": 50, ""total_shops_1km"": 201, ""competition_density"": 0.2488, ""lat"": 35.8143301116274, ""lng"": 127.132602652336, ""address_name"": ""전북특별자치도 전주시 완산구 서원로 365"", ""region_2depth"": ""전주시 완산구"", ""region_3depth"": ""중화산동1가""}",50.0,201.0,0.2488
ba_14693289,sbiz_commercial,,,,,,"{""competitor_count_1km"": 274, ""total_shops_1km"": 867, ""competition_density"": 0.316, ""lat"": 36.8025790824581, ""lng"": 127.119545339294, ""address_name"": ""충남 천안시 서북구 쌍용11길 8"", ""region_2depth"": ""천안시 서북구"", ""region_3depth"": ""쌍용동""}",274.0,867.0,0.316
ba_14694145,sbiz_commercial,,,,,,"{""competitor_count_1km"": 248, ""total_shops_1km"": 1000, ""competition_density"": 0.248, ""lat"": 37.5514444977379, ""lng"": 126.915961626849, ""address_name"": ""서울 마포구 양화로 73"", ""region_2depth"": ""마포구"", ""region_3depth"": ""서교동""}",248.0,1000.0,0.248
ba_14694148,sbiz_commercial,,,,,,"{""competitor_count_1km"": 434, ""total_shops_1km"": 1000, ""competition_density"": 0.434, ""lat"": 34.8567593945961, ""lng"": 128.426594779622, ""address_name"": ""경남 통영시 원문로 11"", ""region_2depth"": ""통영시"", ""region_3depth"": ""북신동""}",434.0,1000.0,0.434
ba_14694278,sbiz_commercial,,,,,,"{""competitor_count_1km"": 142, ""total_shops_1km"": 574, ""competition_density"": 0.2474, ""lat"": 37.5038508086407, ""lng"": 127.13815553218, ""address_name"": ""서울 송파구 동남로 317"", ""region_2depth"": ""송파구"", ""region_3depth"": ""오금동""}",142.0,574.0,0.2474
ba_14694287,sbiz_commercial,,,,,,"{""competitor_count_1km"": 224, ""total_shops_1km"": 1000, ""competition_density"": 0.224, ""lat"": 37.5746090101889, ""lng"": 126.983948133116, ""address_name"": ""서울 종로구 인사동길 51"", ""region_2depth"": ""종로구"", ""region_3depth"": ""관훈동""}",224.0,1000.0,0.224
ba_14694390,sbiz_commercial,,,,,,"{""competitor_count_1km"": 174, ""total_shops_1km"": 689, ""competition_density"": 0.2525, ""lat"": 36.9899889802396, ""lng"": 127.113228487952, ""address_name"": ""경기 평택시 평택5로20번길 39"", ""region_2depth"": ""평택시"", ""region_3depth"": ""합정동""}",174.0,689.0,0.2525
ba_14694402,sbiz_commercial,,,,,,"{""competitor_count_1km"": 229, ""total_shops_1km"": 736, ""competition_density"": 0.3111, ""lat"": 37.6074621211761, ""lng"": 127.038729506968, ""address_name"": ""서울 성북구 오패산로 46"", ""region_2depth"": ""성북구"", ""region_3depth"": ""하월곡동""}",229.0,736.0,0.3111
ba_14694577,sbiz_commercial,,,,,,"{""competitor_count_1km"": 308, ""total_shops_1km"": 1000, ""competition_density"": 0.308, ""lat"": 35.8676862475724, ""lng"": 128.593768895843, ""address_name"": ""대구 중구 중앙대로 388"", ""region_2depth"": ""중구"", ""region_3depth"": ""동성로3가""}",308.0,1000.0,0.308
ba_14694620,sbiz_commercial,,,,,,"{""competitor_count_1km"": 163, ""total_shops_1km"": 532, ""competition_density"": 0.3064, ""lat"": 35.8421664814275, ""lng"": 128.764667713192, ""address_name"": ""경북 경산시 압량읍 압독3로 27"", ""region_2depth"": ""경산시"", ""region_3depth"": ""압량읍 신대리""}",163.0,532.0,0.3064
ba_14694670,sbiz_commercial,,,,,,"{""competitor_count_1km"": 165, ""total_shops_1km"": 1000, ""competition_density"": 0.165, ""lat"": 37.561326262637, ""lng"": 126.998598237823, ""address_name"": ""서울 중구 서애로1길 11"", ""region_2depth"": ""중구"", ""region_3depth"": ""충무로5가""}",165.0,1000.0,0.165
ba_14694671,sbiz_commercial,,,,,,"{""competitor_count_1km"": 197, ""total_shops_1km"": 1000, ""competition_density"": 0.197, ""lat"": 37.3907712532961, ""lng"": 126.95294333709, ""address_name"": ""경기 안양시 동안구 평촌대로223번길 48"", ""region_2depth"": ""안양시 동안구"", ""region_3depth"": ""호계동""}",197.0,1000.0,0.197
ba_14695006,sbiz_commercial,,,,,,"{""competitor_count_1km"": 255, ""total_shops_1km"": 1000, ""competition_density"": 0.255, ""lat"": 37.4055344929481, ""lng"": 126.957463299701, ""address_name"": ""경기 안양시 동안구 관평로 327"", ""region_2depth"": ""안양시 동안구"", ""region_3depth"": ""관양동""}",255.0,1000.0,0.255
ba_14695008,sbiz_commercial,,,,,,"{""competitor_count_1km"": 391, ""total_shops_1km"": 1000, ""competition_density"": 0.391, ""lat"": 35.1883403418694, ""lng"": 129.084092213984, ""address_name"": ""부산 연제구 반송로 33"", ""region_2depth"": ""연제구"", ""region_3depth"": ""연산동""}",391.0,1000.0,0.391
ba_14695236,sbiz_commercial,,,,,,"{""competitor_count_1km"": 242, ""total_shops_1km"": 1000, ""competition_density"": 0.242, ""lat"": 33.4923977593965, ""lng"": 126.535549396528, ""address_name"": ""제주특별자치도 제주시 중앙로 320-1"", ""region_2depth"": ""제주시"", ""region_3depth"": ""이도이동""}",242.0,1000.0,0.242
ba_14695290,sbiz_commercial,,,,,,"{""competitor_count_1km"": 301, ""total_shops_1km"": 1000, ""competition_density"": 0.301, ""lat"": 37.5288173852679, ""lng"": 126.966653789116, ""address_name"": ""서울 용산구 한강대로 95"", ""region_2depth"": ""용산구"", ""region_3depth"": ""한강로2가""}",301.0,1000.0,0.301
ba_14695958,sbiz_commercial,,,,,,"{""competitor_count_1km"": 274, ""total_shops_1km"": 952, ""competition_density"": 0.2878, ""lat"": 37.618864197797, ""lng"": 127.021046703129, ""address_name"": ""서울 강북구 삼양로 167"", ""region_2depth"": ""강북구"", ""region_3depth"": ""미아동""}",274.0,952.0,0.2878
ba_14696546,sbiz_commercial,,,,,,"{""competitor_count_1km"": 30, ""total_shops_1km"": 1000, ""competition_density"": 0.03, ""lat"": 37.6369928732925, ""lng"": 127.122918873653, ""address_name"": ""경기 구리시 갈매순환로204번길 8-34"", ""region_2depth"": ""구리시"", ""region_3depth"": ""갈매동""}",30.0,1000.0,0.03
ba_14698239,sbiz_commercial,,,,,,"{""competitor_count_1km"": 121, ""total_shops_1km"": 468, ""competition_density"": 0.2585, ""lat"": 37.3500861853288, ""lng"": 126.975350309319, ""address_name"": ""경기 의왕시 전주남이길 8"", ""region_2depth"": ""의왕시"", ""region_3depth"": ""오전동""}",121.0,468.0,0.2585
ba_14698364,sbiz_commercial,,,,,,"{""competitor_count_1km"": 356, ""total_shops_1km"": 1000, ""competition_density"": 0.356, ""lat"": 36.6352314110129, ""lng"": 127.461326470198, ""address_name"": ""충북 청주시 서원구 사직대로 125-1"", ""region_2depth"": ""청주시 서원구"", ""region_3depth"": ""사창동""}",356.0,1000.0,0.356
ba_14699201,sbiz_commercial,,,,,,"{""competitor_count_1km"": 214, ""total_shops_1km"": 761, ""competition_density"": 0.2812, ""lat"": 37.577593600245, ""lng"": 127.059888015776, ""address_name"": ""서울 동대문구 사가정로 136"", ""region_2depth"": ""동대문구"", ""region_3depth"": ""전농동""}",214.0,761.0,0.2812
ba_14699399,sbiz_commercial,,,,,,"{""competitor_count_1km"": 170, ""total_shops_1km"": 480, ""competition_density"": 0.3542, ""lat"": 37.3323412552262, ""lng"": 126.827912695389, ""address_name"": ""경기 안산시 단원구 보화로 3"", ""region_2depth"": ""안산시 단원구"", ""region_3depth"": ""와동""}",170.0,480.0,0.3542
ba_14699649,sbiz_commercial,,,,,,"{""competitor_count_1km"": 293, ""total_shops_1km"": 1000, ""competition_density"": 0.293, ""lat"": 37.4385833681495, ""lng"": 126.781662211746, ""address_name"": ""경기 시흥시 신천3길 41"", ""region_2depth"": ""시흥시"", ""region_3depth"": ""신천동""}",293.0,1000.0,0.293
ba_14700021,sbiz_commercial,,,,,,"{""competitor_count_1km"": 217, ""total_shops_1km"": 1000, ""competition_density"": 0.217, ""lat"": 37.514267292284, ""lng"": 126.906924015661, ""address_name"": ""서울 영등포구 영신로19길 7"", ""region_2depth"": ""영등포구"", ""region_3depth"": ""영등포동""}",217.0,1000.0,0.217
ba_14700213,sbiz_commercial,,,,,,"{""competitor_count_1km"": 128, ""total_shops_1km"": 573, ""competition_density"": 0.2234, ""lat"": 37.6374223005427, ""lng"": 126.643692838223, ""address_name"": ""경기 김포시 김포한강8로 167"", ""region_2depth"": ""김포시"", ""region_3depth"": ""마산동""}",128.0,573.0,0.2234
ba_14700905,sbiz_commercial,,,,,,"{""competitor_count_1km"": 196, ""total_shops_1km"": 419, ""competition_density"": 0.4678, ""lat"": 35.164089739805, ""lng"": 128.112063237868, ""address_name"": ""경남 진주시 가호로 53"", ""region_2depth"": ""진주시"", ""region_3depth"": ""호탄동""}",196.0,419.0,0.4678
ba_14701137,sbiz_commercial,,,,,,"{""competitor_count_1km"": 324, ""total_shops_1km"": 1000, ""competition_density"": 0.324, ""lat"": 37.654082753503, ""lng"": 127.2433325019, ""address_name"": ""경기 남양주시 늘을1로16번길 29"", ""region_2depth"": ""남양주시"", ""region_3depth"": ""호평동""}",324.0,1000.0,0.324
ba_14701165,sbiz_commercial,,,,,,"{""competitor_count_1km"": 170, ""total_shops_1km"": 1000, ""competition_density"": 0.17, ""lat"": 37.5570966597, ""lng"": 126.973633761228, ""address_name"": ""서울 중구 통일로 10"", ""region_2depth"": ""중구"", ""region_3depth"": ""남대문로5가""}",170.0,1000.0,0.17
ba_14702063,sbiz_commercial,,,,,,"{""competitor_count_1km"": 192, ""total_shops_1km"": 1000, ""competition_density"": 0.192, ""lat"": 37.5299956155624, ""lng"": 126.875071951863, ""address_name"": ""서울 양천구 목동서로 155"", ""region_2depth"": ""양천구"", ""region_3depth"": ""목동""}",192.0,1000.0,0.192
ba_14702120,sbiz_commercial,,,,,,"{""competitor_count_1km"": 67, ""total_shops_1km"": 132, ""competition_density"": 0.5076, ""lat"": 36.7259271892482, ""lng"": 127.10587445339, ""address_name"": ""충남 천안시 동남구 풍세면 풍세산단로 283"", ""region_2depth"": ""천안시 동남구"", ""region_3depth"": ""풍세면 보성리""}",67.0,132.0,0.5076
ba_14702996,sbiz_commercial,,,,,,"{""competitor_count_1km"": 264, ""total_shops_1km"": 874, ""competition_density"": 0.3021, ""lat"": 37.4773868015106, ""lng"": 126.987482377959, ""address_name"": ""서울 서초구 효령로 22"", ""region_2depth"": ""서초구"", ""region_3depth"": ""방배동""}",264.0,874.0,0.3021
ba_14703930,sbiz_commercial,,,,,,"{""competitor_count_1km"": 268, ""total_shops_1km"": 1000, ""competition_density"": 0.268, ""lat"": 37.601436023493, ""lng"": 127.078342964093, ""address_name"": ""서울 중랑구 봉화산로 36"", ""region_2depth"": ""중랑구"", ""region_3depth"": ""중화동""}",268.0,1000.0,0.268
ba_14706394,sbiz_commercial,,,,,,"{""competitor_count_1km"": 196, ""total_shops_1km"": 419, ""competition_density"": 0.4678, ""lat"": 35.164089739805, ""lng"": 128.112063237868, ""address_name"": ""경남 진주시 가호로 53"", ""region_2depth"": ""진주시"", ""region_3depth"": ""호탄동""}",196.0,419.0,0.4678
ba_14708789,sbiz_commercial,,,,,,"{""competitor_count_1km"": 156, ""total_shops_1km"": 675, ""competition_density"": 0.2311, ""lat"": 37.751345765887, ""lng"": 126.767057694327, ""address_name"": ""경기 파주시 금빛로 18"", ""region_2depth"": ""파주시"", ""region_3depth"": ""금촌동""}",156.0,675.0,0.2311
ba_14708929,sbiz_commercial,,,,,,"{""competitor_count_1km"": 55, ""total_shops_1km"": 131, ""competition_density"": 0.4198, ""lat"": 35.822696908531, ""lng"": 128.448143721802, ""address_name"": ""경북 고령군 다산면 상곡1길 16"", ""region_2depth"": ""고령군"", ""region_3depth"": ""다산면 상곡리""}",55.0,131.0,0.4198
ba_14712294,sbiz_commercial,,,,,,"{""competitor_count_1km"": 261, ""total_shops_1km"": 1000, ""competition_density"": 0.261, ""lat"": 37.4834499490466, ""lng"": 126.953741512947, ""address_name"": ""서울 관악구 중앙1가길 1"", ""region_2depth"": ""관악구"", ""region_3depth"": ""봉천동""}",261.0,1000.0,0.261
ba_14712797,sbiz_commercial,,,,,,"{""competitor_count_1km"": 194, ""total_shops_1km"": 508, ""competition_density"": 0.3819, ""lat"": 35.7294765877536, ""lng"": 128.443946632598, ""address_name"": ""대구 달성군 논공읍 논공로5길 150"", ""region_2depth"": ""달성군"", ""region_3depth"": ""논공읍 북리""}",194.0,508.0,0.3819
ba_14714062,sbiz_commercial,,,,,,"{""competitor_count_1km"": 264, ""total_shops_1km"": 834, ""competition_density"": 0.3165, ""lat"": 37.7276734153667, ""lng"": 126.734351853765, ""address_name"": ""경기 파주시 책향기로 573"", ""region_2depth"": ""파주시"", ""region_3depth"": ""목동동""}",264.0,834.0,0.3165
ba_14714070,sbiz_commercial,,,,,,"{""competitor_count_1km"": 66, ""total_shops_1km"": 350, ""competition_density"": 0.1886, ""lat"": 37.7249638562003, ""lng"": 127.056029481045, ""address_name"": ""경기 의정부시 회룡로192번길 39"", ""region_2depth"": ""의정부시"", ""region_3depth"": ""장암동""}",66.0,350.0,0.1886
ba_14715313,sbiz_commercial,,,,,,"{""competitor_count_1km"": 276, ""total_shops_1km"": 1000, ""competition_density"": 0.276, ""lat"": 37.5936828048346, ""lng"": 126.945103007345, ""address_name"": ""서울 서대문구 세검정로1길 67"", ""region_2depth"": ""서대문구"", ""region_3depth"": ""홍은동""}",276.0,1000.0,0.276
ba_14716102,sbiz_commercial,,,,,,"{""competitor_count_1km"": 66, ""total_shops_1km"": 350, ""competition_density"": 0.1886, ""lat"": 37.7249638562003, ""lng"": 127.056029481045, ""address_name"": ""경기 의정부시 회룡로192번길 39"", ""region_2depth"": ""의정부시"", ""region_3depth"": ""장암동""}",66.0,350.0,0.1886
ba_14716332,sbiz_commercial,,,,,,"{""competitor_count_1km"": 261, ""total_shops_1km"": 1000, ""competition_density"": 0.261, ""lat"": 37.4436481916199, ""lng"": 127.132452388468, ""address_name"": ""경기 성남시 수정구 남문로44번길 20-1"", ""region_2depth"": ""성남시 수정구"", ""region_3depth"": ""태평동""}",261.0,1000.0,0.261
ba_14719522,sbiz_commercial,,,,,,"{""competitor_count_1km"": 279, ""total_shops_1km"": 1000, ""competition_density"": 0.279, ""lat"": 35.838727493199, ""lng"": 127.057646021389, ""address_name"": ""전북특별자치도 완주군 이서면 기지로 51"", ""region_2depth"": ""완주군"", ""region_3depth"": ""이서면 갈산리""}",279.0,1000.0,0.279
ba_14719554,sbiz_commercial,,,,,,"{""competitor_count_1km"": 156, ""total_shops_1km"": 675, ""competition_density"": 0.2311, ""lat"": 37.751345765887, ""lng"": 126.767057694327, ""address_name"": ""경기 파주시 금빛로 18"", ""region_2depth"": ""파주시"", ""region_3depth"": ""금촌동""}",156.0,675.0,0.2311
ba_14720262,sbiz_commercial,,,,,,"{""competitor_count_1km"": 89, ""total_shops_1km"": 197, ""competition_density"": 0.4518, ""lat"": 37.6371560508274, ""lng"": 126.493044415242, ""address_name"": ""인천 강화군 길상면 전등사로 97"", ""region_2depth"": ""강화군"", ""region_3depth"": ""길상면 온수리""}",89.0,197.0,0.4518
ba_14720263,sbiz_commercial,,,,,,"{""competitor_count_1km"": 89, ""total_shops_1km"": 197, ""competition_density"": 0.4518, ""lat"": 37.6371560508274, ""lng"": 126.493044415242, ""address_name"": ""인천 강화군 길상면 전등사로 97"", ""region_2depth"": ""강화군"", ""region_3depth"": ""길상면 온수리""}",89.0,197.0,0.4518
ba_14720368,sbiz_commercial,,,,,,"{""competitor_count_1km"": 128, ""total_shops_1km"": 573, ""competition_density"": 0.2234, ""lat"": 37.6374223005427, ""lng"": 126.643692838223, ""address_name"": ""경기 김포시 김포한강8로 167"", ""region_2depth"": ""김포시"", ""region_3depth"": ""마산동""}",128.0,573.0,0.2234
ba_14721018,sbiz_commercial,,,,,,"{""competitor_count_1km"": 74, ""total_shops_1km"": 227, ""competition_density"": 0.326, ""lat"": 35.8763512350422, ""lng"": 128.496575504507, ""address_name"": ""대구 달성군 다사읍 서재로 143-1"", ""region_2depth"": ""달성군"", ""region_3depth"": ""다사읍 서재리""}",74.0,227.0,0.326
ba_14725485,sbiz_commercial,,,,,,"{""competitor_count_1km"": 255, ""total_shops_1km"": 718, ""competition_density"": 0.3552, ""lat"": 35.2086141127479, ""lng"": 127.467869968113, ""address_name"": ""전남 구례군 구례읍 중앙로 34"", ""region_2depth"": ""구례군"", ""region_3depth"": ""구례읍 봉동리""}",255.0,718.0,0.3552
ba_14725627,sbiz_commercial,,,,,,"{""competitor_count_1km"": 175, ""total_shops_1km"": 416, ""competition_density"": 0.4207, ""lat"": 37.8185429121731, ""lng"": 127.348089327995, ""address_name"": ""경기 가평군 조종면 현창로 41-1"", ""region_2depth"": ""가평군"", ""region_3depth"": ""조종면 현리""}",175.0,416.0,0.4207
ba_14726472,sbiz_commercial,,,,,,"{""competitor_count_1km"": 127, ""total_shops_1km"": 409, ""competition_density"": 0.3105, ""lat"": 35.8392856690222, ""lng"": 128.766612412996, ""address_name"": ""경북 경산시 압량읍 압독4로 17"", ""region_2depth"": ""경산시"", ""region_3depth"": ""압량읍 신대리""}",127.0,409.0,0.3105
ba_14726738,sbiz_commercial,,,,,,"{""competitor_count_1km"": 119, ""total_shops_1km"": 1000, ""competition_density"": 0.119, ""lat"": 35.1767570378219, ""lng"": 129.123591937256, ""address_name"": ""부산 해운대구 센텀중앙로 145"", ""region_2depth"": ""해운대구"", ""region_3depth"": ""재송동""}",119.0,1000.0,0.119
ba_14726741,sbiz_commercial,,,,,,"{""competitor_count_1km"": 182, ""total_shops_1km"": 506, ""competition_density"": 0.3597, ""lat"": 35.8808977043024, ""lng"": 128.661454485258, ""address_name"": ""대구 동구 동촌로 190"", ""region_2depth"": ""동구"", ""region_3depth"": ""방촌동""}",182.0,506.0,0.3597
ba_14727030,sbiz_commercial,,,,,,"{""competitor_count_1km"": 312, ""total_shops_1km"": 834, ""competition_density"": 0.3741, ""lat"": 35.2045064395235, ""lng"": 129.101558396752, ""address_name"": ""부산 동래구 명장로20번길 32"", ""region_2depth"": ""동래구"", ""region_3depth"": ""명장동""}",312.0,834.0,0.3741
ba_14727064,sbiz_commercial,,,,,,"{""competitor_count_1km"": 279, ""total_shops_1km"": 1000, ""competition_density"": 0.279, ""lat"": 35.838727493199, ""lng"": 127.057646021389, ""address_name"": ""전북특별자치도 완주군 이서면 기지로 51"", ""region_2depth"": ""완주군"", ""region_3depth"": ""이서면 갈산리""}",279.0,1000.0,0.279
ba_14727755,sbiz_commercial,,,,,,"{""competitor_count_1km"": 261, ""total_shops_1km"": 857, ""competition_density"": 0.3046, ""lat"": 35.8397554494071, ""lng"": 127.138193964558, ""address_name"": ""전북특별자치도 전주시 덕진구 조경단로 59"", ""region_2depth"": ""전주시 덕진구"", ""region_3depth"": ""금암동""}",261.0,857.0,0.3046
ba_14728291,sbiz_commercial,,,,,,"{""competitor_count_1km"": 216, ""total_shops_1km"": 1000, ""competition_density"": 0.216, ""lat"": 36.2051137379472, ""lng"": 127.084157239524, ""address_name"": ""충남 논산시 중앙로 473"", ""region_2depth"": ""논산시"", ""region_3depth"": ""반월동""}",216.0,1000.0,0.216
ba_14728444,sbiz_commercial,,,,,,"{""competitor_count_1km"": 354, ""total_shops_1km"": 1000, ""competition_density"": 0.354, ""lat"": 38.2018515437402, ""lng"": 128.58587823389, ""address_name"": ""강원특별자치도 속초시 중앙로 89-1"", ""region_2depth"": ""속초시"", ""region_3depth"": ""청학동""}",354.0,1000.0,0.354
ba_14728839,sbiz_commercial,,,,,,"{""competitor_count_1km"": 354, ""total_shops_1km"": 1000, ""competition_density"": 0.354, ""lat"": 35.8668370973599, ""lng"": 128.606842780443, ""address_name"": ""대구 중구 동덕로30길 55"", ""region_2depth"": ""중구"", ""region_3depth"": ""동인동4가""}",354.0,1000.0,0.354
ba_14729038,sbiz_commercial,,,,,,"{""competitor_count_1km"": 52, ""total_shops_1km"": 131, ""competition_density"": 0.3969, ""lat"": 37.8335885383638, ""lng"": 126.817092587817, ""address_name"": ""경기 파주시 파주읍 우계로 77-1"", ""region_2depth"": ""파주시"", ""region_3depth"": ""파주읍 파주리""}",52.0,131.0,0.3969
ba_14729159,sbiz_commercial,,,,,,"{""competitor_count_1km"": 234, ""total_shops_1km"": 608, ""competition_density"": 0.3849, ""lat"": 35.8863333474995, ""lng"": 128.572536025451, ""address_name"": ""대구 서구 고성로 33"", ""region_2depth"": ""서구"", ""region_3depth"": ""원대동3가""}",234.0,608.0,0.3849
ba_14729784,sbiz_commercial,,,,,,"{""competitor_count_1km"": 71, ""total_shops_1km"": 210, ""competition_density"": 0.3381, ""lat"": 36.9981360606908, ""lng"": 129.401641583143, ""address_name"": ""경북 울진군 울진읍 울진중앙로 186-4"", ""region_2depth"": ""울진군"", ""region_3depth"": ""울진읍 읍내리""}",71.0,210.0,0.3381
ba_14729971,sbiz_commercial,,,,,,"{""competitor_count_1km"": 278, ""total_shops_1km"": 860, ""competition_density"": 0.3233, ""lat"": 37.3542120055132, ""lng"": 126.9445195017, ""address_name"": ""경기 군포시 당산로29번길 1"", ""region_2depth"": ""군포시"", ""region_3depth"": ""당동""}",278.0,860.0,0.3233
ba_14730328,sbiz_commercial,,,,,,"{""competitor_count_1km"": 249, ""total_shops_1km"": 645, ""competition_density"": 0.386, ""lat"": 37.1720933547636, ""lng"": 127.107304662879, ""address_name"": ""경기 화성시 동탄구 동탄대로 198"", ""region_2depth"": ""화성시 동탄구"", ""region_3depth"": ""산척동""}",249.0,645.0,0.386
ba_14730330,sbiz_commercial,,,,,,"{""competitor_count_1km"": 249, ""total_shops_1km"": 645, ""competition_density"": 0.386, ""lat"": 37.1720933547636, ""lng"": 127.107304662879, ""address_name"": ""경기 화성시 동탄구 동탄대로 198"", ""region_2depth"": ""화성시 동탄구"", ""region_3depth"": ""산척동""}",249.0,645.0,0.386
ba_14731363,sbiz_commercial,,,,,,"{""competitor_count_1km"": 81, ""total_shops_1km"": 277, ""competition_density"": 0.2924, ""lat"": 36.6251933164177, ""lng"": 127.463868279171, ""address_name"": ""충북 청주시 서원구 1순환로 771"", ""region_2depth"": ""청주시 서원구"", ""region_3depth"": ""개신동""}",81.0,277.0,0.2924
ba_14732026,sbiz_commercial,,,,,,"{""competitor_count_1km"": 180, ""total_shops_1km"": 1000, ""competition_density"": 0.18, ""lat"": 35.1631975375537, ""lng"": 129.063894634575, ""address_name"": ""부산 부산진구 중앙대로 802"", ""region_2depth"": ""부산진구"", ""region_3depth"": ""전포동""}",180.0,1000.0,0.18
ba_14732355,sbiz_commercial,,,,,,"{""competitor_count_1km"": 354, ""total_shops_1km"": 1000, ""competition_density"": 0.354, ""lat"": 38.2018515437402, ""lng"": 128.58587823389, ""address_name"": ""강원특별자치도 속초시 중앙로 89-1"", ""region_2depth"": ""속초시"", ""region_3depth"": ""청학동""}",354.0,1000.0,0.354
ba_14732602,sbiz_commercial,,,,,,"{""competitor_count_1km"": 63, ""total_shops_1km"": 255, ""competition_density"": 0.2471, ""lat"": 37.2915972899334, ""lng"": 126.940191460177, ""address_name"": ""경기 수원시 권선구 당진로 29-4"", ""region_2depth"": ""수원시 권선구"", ""region_3depth"": ""당수동""}",63.0,255.0,0.2471
ba_14733665,sbiz_commercial,,,,,,"{""competitor_count_1km"": 167, ""total_shops_1km"": 673, ""competition_density"": 0.2481, ""lat"": 37.3026659669498, ""lng"": 127.015970877785, ""address_name"": ""경기 수원시 장안구 금당로 46"", ""region_2depth"": ""수원시 장안구"", ""region_3depth"": ""조원동""}",167.0,673.0,0.2481
ba_14735216,sbiz_commercial,,,,,,"{""competitor_count_1km"": 241, ""total_shops_1km"": 900, ""competition_density"": 0.2678, ""lat"": 37.3134470196589, ""lng"": 127.078796011526, ""address_name"": ""경기 용인시 수지구 성복2로 51"", ""region_2depth"": ""용인시 수지구"", ""region_3depth"": ""성복동""}",241.0,900.0,0.2678
ba_14735878,sbiz_commercial,,,,,,"{""competitor_count_1km"": 272, ""total_shops_1km"": 864, ""competition_density"": 0.3148, ""lat"": 37.3692085929729, ""lng"": 126.80994945596, ""address_name"": ""경기 시흥시 승지로59번길 1"", ""region_2depth"": ""시흥시"", ""region_3depth"": ""능곡동""}",272.0,864.0,0.3148
ba_14736681,sbiz_commercial,,,,,,"{""competitor_count_1km"": 277, ""total_shops_1km"": 1000, ""competition_density"": 0.277, ""lat"": 37.4705609803181, ""lng"": 126.93364243888, ""address_name"": ""서울 관악구 호암로 598"", ""region_2depth"": ""관악구"", ""region_3depth"": ""신림동""}",277.0,1000.0,0.277
ba_14736683,sbiz_commercial,,,,,,"{""competitor_count_1km"": 277, ""total_shops_1km"": 1000, ""competition_density"": 0.277, ""lat"": 37.4705609803181, ""lng"": 126.93364243888, ""address_name"": ""서울 관악구 호암로 598"", ""region_2depth"": ""관악구"", ""region_3depth"": ""신림동""}",277.0,1000.0,0.277
ba_14736722,sbiz_commercial,,,,,,"{""competitor_count_1km"": 125, ""total_shops_1km"": 338, ""competition_density"": 0.3698, ""lat"": 38.2388428156167, ""lng"": 127.43776184536, ""address_name"": ""강원특별자치도 철원군 서면 와수로173번길 13"", ""region_2depth"": ""철원군"", ""region_3depth"": ""서면 와수리""}",125.0,338.0,0.3698
ba_14737726,sbiz_commercial,,,,,,"{""competitor_count_1km"": 192, ""total_shops_1km"": 1000, ""competition_density"": 0.192, ""lat"": 37.5016363803283, ""lng"": 127.056119798264, ""address_name"": ""서울 강남구 삼성로71길 34"", ""region_2depth"": ""강남구"", ""region_3depth"": ""대치동""}",192.0,1000.0,0.192
ba_14739745,sbiz_commercial,,,,,,"{""competitor_count_1km"": 114, ""total_shops_1km"": 512, ""competition_density"": 0.2227, ""lat"": 37.625981668449, ""lng"": 126.704294005771, ""address_name"": ""경기 김포시 북변1로 36"", ""region_2depth"": ""김포시"", ""region_3depth"": ""북변동""}",114.0,512.0,0.2227
ba_14739746,sbiz_commercial,,,,,,"{""competitor_count_1km"": 114, ""total_shops_1km"": 512, ""competition_density"": 0.2227, ""lat"": 37.625981668449, ""lng"": 126.704294005771, ""address_name"": ""경기 김포시 북변1로 36"", ""region_2depth"": ""김포시"", ""region_3depth"": ""북변동""}",114.0,512.0,0.2227
ba_14739815,sbiz_commercial,,,,,,"{""competitor_count_1km"": 277, ""total_shops_1km"": 840, ""competition_density"": 0.3298, ""lat"": 35.1934002254411, ""lng"": 126.837787968273, ""address_name"": ""광주 광산구 신창로86번길 7-9"", ""region_2depth"": ""광산구"", ""region_3depth"": ""신창동""}",277.0,840.0,0.3298
ba_14740022,sbiz_commercial,,,,,,"{""competitor_count_1km"": 94, ""total_shops_1km"": 476, ""competition_density"": 0.1975, ""lat"": 37.3238054465155, ""lng"": 127.076237235674, ""address_name"": ""경기 용인시 수지구 신봉1로 84"", ""region_2depth"": ""용인시 수지구"", ""region_3depth"": ""신봉동""}",94.0,476.0,0.1975
ba_14740239,sbiz_commercial,,,,,,"{""competitor_count_1km"": 125, ""total_shops_1km"": 307, ""competition_density"": 0.4072, ""lat"": 35.6168028293322, ""lng"": 127.285634513839, ""address_name"": ""전북특별자치도 임실군 임실읍 봉황11길 102"", ""region_2depth"": ""임실군"", ""region_3depth"": ""임실읍 이도리""}",125.0,307.0,0.4072
ba_14741847,sbiz_commercial,,,,,,"{""competitor_count_1km"": 128, ""total_shops_1km"": 506, ""competition_density"": 0.253, ""lat"": 35.1860667163788, ""lng"": 129.069078260326, ""address_name"": ""부산 연제구 아시아드대로 7"", ""region_2depth"": ""연제구"", ""region_3depth"": ""거제동""}",128.0,506.0,0.253
ba_14742704,sbiz_commercial,,,,,,"{""competitor_count_1km"": 199, ""total_shops_1km"": 878, ""competition_density"": 0.2267, ""lat"": 36.6194887742093, ""lng"": 127.445260099646, ""address_name"": ""충북 청주시 서원구 복대로 27"", ""region_2depth"": ""청주시 서원구"", ""region_3depth"": ""개신동""}",199.0,878.0,0.2267
ba_14742705,sbiz_commercial,,,,,,"{""competitor_count_1km"": 199, ""total_shops_1km"": 878, ""competition_density"": 0.2267, ""lat"": 36.6194887742093, ""lng"": 127.445260099646, ""address_name"": ""충북 청주시 서원구 복대로 27"", ""region_2depth"": ""청주시 서원구"", ""region_3depth"": ""개신동""}",199.0,878.0,0.2267
ba_14743271,sbiz_commercial,,,,,,"{""competitor_count_1km"": 84, ""total_shops_1km"": 290, ""competition_density"": 0.2897, ""lat"": 37.4073203129819, ""lng"": 126.899404786923, ""address_name"": ""경기 안양시 만안구 충훈로 81"", ""region_2depth"": ""안양시 만안구"", ""region_3depth"": ""석수동""}",84.0,290.0,0.2897
ba_14743731,sbiz_commercial,,,,,,"{""competitor_count_1km"": 48, ""total_shops_1km"": 170, ""competition_density"": 0.2824, ""lat"": 37.5978735704862, ""lng"": 126.63757964877, ""address_name"": ""인천 서구 봉화로 52"", ""region_2depth"": ""서구"", ""region_3depth"": ""오류동""}",48.0,170.0,0.2824
ba_14743732,sbiz_commercial,,,,,,"{""competitor_count_1km"": 48, ""total_shops_1km"": 170, ""competition_density"": 0.2824, ""lat"": 37.5978735704862, ""lng"": 126.63757964877, ""address_name"": ""인천 서구 봉화로 52"", ""region_2depth"": ""서구"", ""region_3depth"": ""오류동""}",48.0,170.0,0.2824
ba_14744329,sbiz_commercial,,,,,,"{""competitor_count_1km"": 256, ""total_shops_1km"": 1000, ""competition_density"": 0.256, ""lat"": 37.4997944818033, ""lng"": 127.105074204186, ""address_name"": ""서울 송파구 가락로12길 4"", ""region_2depth"": ""송파구"", ""region_3depth"": ""석촌동""}",256.0,1000.0,0.256
ba_14744706,sbiz_commercial,,,,,,"{""competitor_count_1km"": 289, ""total_shops_1km"": 884, ""competition_density"": 0.3269, ""lat"": 36.4787830155414, ""lng"": 127.287964997179, ""address_name"": ""세종특별자치시 한누리대로 2144"", ""region_2depth"": """", ""region_3depth"": ""보람동""}",289.0,884.0,0.3269
ba_14744959,sbiz_commercial,,,,,,"{""competitor_count_1km"": 249, ""total_shops_1km"": 800, ""competition_density"": 0.3113, ""lat"": 35.1253695406101, ""lng"": 129.04262275185, ""address_name"": ""부산 동구 홍곡로 74"", ""region_2depth"": ""동구"", ""region_3depth"": ""수정동""}",249.0,800.0,0.3113
ba_14746052,sbiz_commercial,,,,,,"{""competitor_count_1km"": 342, ""total_shops_1km"": 766, ""competition_density"": 0.4465, ""lat"": 36.0600447951569, ""lng"": 129.376198953548, ""address_name"": ""경북 포항시 북구 두호로 22"", ""region_2depth"": ""포항시 북구"", ""region_3depth"": ""두호동""}",342.0,766.0,0.4465
ba_14746091,sbiz_commercial,,,,,,"{""competitor_count_1km"": 129, ""total_shops_1km"": 473, ""competition_density"": 0.2727, ""lat"": 37.7080420292965, ""lng"": 127.1145906325, ""address_name"": ""경기 남양주시 별내면 청학로 113"", ""region_2depth"": ""남양주시"", ""region_3depth"": ""별내면 청학리""}",129.0,473.0,0.2727
ba_14746216,sbiz_commercial,,,,,,"{""competitor_count_1km"": 164, ""total_shops_1km"": 326, ""competition_density"": 0.5031, ""lat"": 36.7227063241117, ""lng"": 127.534833616295, ""address_name"": ""충북 청주시 청원구 내수읍 청암로 37"", ""region_2depth"": ""청주시 청원구"", ""region_3depth"": ""내수읍 마산리""}",164.0,326.0,0.5031
ba_14747382,sbiz_commercial,,,,,,"{""competitor_count_1km"": 183, ""total_shops_1km"": 465, ""competition_density"": 0.3935, ""lat"": 37.8235727176586, ""lng"": 126.984556543548, ""address_name"": ""경기 양주시 광적면 가래비길 79-3"", ""region_2depth"": ""양주시"", ""region_3depth"": ""광적면 가납리""}",183.0,465.0,0.3935
ba_14749296,sbiz_commercial,,,,,,"{""competitor_count_1km"": 276, ""total_shops_1km"": 1000, ""competition_density"": 0.276, ""lat"": 37.5039789793473, ""lng"": 127.09864447762, ""address_name"": ""서울 송파구 백제고분로33길 13"", ""region_2depth"": ""송파구"", ""region_3depth"": ""석촌동""}",276.0,1000.0,0.276
ba_14753110,sbiz_commercial,,,,,,"{""competitor_count_1km"": 126, ""total_shops_1km"": 341, ""competition_density"": 0.3695, ""lat"": 36.61811395634, ""lng"": 127.455595643981, ""address_name"": ""충북 청주시 서원구 신화로 38"", ""region_2depth"": ""청주시 서원구"", ""region_3depth"": ""성화동""}",126.0,341.0,0.3695
ba_14754395,sbiz_commercial,,,,,,"{""competitor_count_1km"": 21, ""total_shops_1km"": 44, ""competition_density"": 0.4773, ""lat"": 35.7354668314276, ""lng"": 127.120607605015, ""address_name"": ""전북특별자치도 완주군 구이면 구이로 1524"", ""region_2depth"": ""완주군"", ""region_3depth"": ""구이면 두현리""}",21.0,44.0,0.4773
ba_14754893,sbiz_commercial,,,,,,"{""competitor_count_1km"": 34, ""total_shops_1km"": 120, ""competition_density"": 0.2833, ""lat"": 37.7036122702515, ""lng"": 126.766396927865, ""address_name"": ""경기 고양시 일산서구 탄현로 136"", ""region_2depth"": ""고양시 일산서구"", ""region_3depth"": ""탄현동""}",34.0,120.0,0.2833
ba_14754936,sbiz_commercial,,,,,,"{""competitor_count_1km"": 38, ""total_shops_1km"": 110, ""competition_density"": 0.3455, ""lat"": 35.6762932279745, ""lng"": 129.332361552843, ""address_name"": ""경북 경주시 외동읍 계동1길 29"", ""region_2depth"": ""경주시"", ""region_3depth"": ""외동읍 모화리""}",38.0,110.0,0.3455
ba_14754965,sbiz_commercial,,,,,,"{""competitor_count_1km"": 174, ""total_shops_1km"": 689, ""competition_density"": 0.2525, ""lat"": 36.9899889802396, ""lng"": 127.113228487952, ""address_name"": ""경기 평택시 평택5로20번길 39"", ""region_2depth"": ""평택시"", ""region_3depth"": ""합정동""}",174.0,689.0,0.2525
ba_14756247,sbiz_commercial,,,,,,"{""competitor_count_1km"": 79, ""total_shops_1km"": 301, ""competition_density"": 0.2625, ""lat"": 37.6854238132495, ""lng"": 126.720188145568, ""address_name"": ""경기 고양시 일산서구 가좌3로 7-1"", ""region_2depth"": ""고양시 일산서구"", ""region_3depth"": ""가좌동""}",79.0,301.0,0.2625
ba_14756888,sbiz_commercial,,,,,,"{""competitor_count_1km"": 61, ""total_shops_1km"": 201, ""competition_density"": 0.3035, ""lat"": 35.2336322770345, ""lng"": 128.652231003947, ""address_name"": ""경남 창원시 성산구 대원로 79"", ""region_2depth"": ""창원시 성산구"", ""region_3depth"": ""대원동""}",61.0,201.0,0.3035
ba_14756889,sbiz_commercial,,,,,,"{""competitor_count_1km"": 61, ""total_shops_1km"": 201, ""competition_density"": 0.3035, ""lat"": 35.2336322770345, ""lng"": 128.652231003947, ""address_name"": ""경남 창원시 성산구 대원로 79"", ""region_2depth"": ""창원시 성산구"", ""region_3depth"": ""대원동""}",61.0,201.0,0.3035
ba_14757543,sbiz_commercial,,,,,,"{""competitor_count_1km"": 232, ""total_shops_1km"": 596, ""competition_density"": 0.3893, ""lat"": 37.9120149936245, ""lng"": 127.055501022034, ""address_name"": ""경기 동두천시 중앙로 343"", ""region_2depth"": ""동두천시"", ""region_3depth"": ""생연동""}",232.0,596.0,0.3893
ba_14757711,sbiz_commercial,,,,,,"{""competitor_count_1km"": 299, ""total_shops_1km"": 846, ""competition_density"": 0.3534, ""lat"": 36.9826495593999, ""lng"": 127.923501619633, ""address_name"": ""충북 충주시 칠금3길 16-1"", ""region_2depth"": ""충주시"", ""region_3depth"": ""칠금동""}",299.0,846.0,0.3534
ba_14758255,sbiz_commercial,,,,,,"{""competitor_count_1km"": 93, ""total_shops_1km"": 293, ""competition_density"": 0.3174, ""lat"": 35.8243273794332, ""lng"": 128.542285514497, ""address_name"": ""대구 달서구 학산남로 90"", ""region_2depth"": ""달서구"", ""region_3depth"": ""송현동""}",93.0,293.0,0.3174
ba_14759786,sbiz_commercial,,,,,,"{""competitor_count_1km"": 133, ""total_shops_1km"": 581, ""competition_density"": 0.2289, ""lat"": 37.8492325794127, ""lng"": 127.742052025441, ""address_name"": ""강원특별자치도 춘천시 승지골길16번길 16"", ""region_2depth"": ""춘천시"", ""region_3depth"": ""퇴계동""}",133.0,581.0,0.2289
ba_14760741,sbiz_commercial,,,,,,"{""competitor_count_1km"": 46, ""total_shops_1km"": 252, ""competition_density"": 0.1825, ""lat"": 37.2890497085523, ""lng"": 127.111949534865, ""address_name"": ""경기 용인시 기흥구 새천년로26번길 2"", ""region_2depth"": ""용인시 기흥구"", ""region_3depth"": ""신갈동""}",46.0,252.0,0.1825
ba_14760742,sbiz_commercial,,,,,,"{""competitor_count_1km"": 46, ""total_shops_1km"": 252, ""competition_density"": 0.1825, ""lat"": 37.2890497085523, ""lng"": 127.111949534865, ""address_name"": ""경기 용인시 기흥구 새천년로26번길 2"", ""region_2depth"": ""용인시 기흥구"", ""region_3depth"": ""신갈동""}",46.0,252.0,0.1825
ba_14762166,sbiz_commercial,,,,,,"{""competitor_count_1km"": 361, ""total_shops_1km"": 1000, ""competition_density"": 0.361, ""lat"": 35.1748806757902, ""lng"": 126.914157132732, ""address_name"": ""광주 북구 호동로 16"", ""region_2depth"": ""북구"", ""region_3depth"": ""중흥동""}",361.0,1000.0,0.361
ba_14766646,sbiz_commercial,,,,,,"{""competitor_count_1km"": 305, ""total_shops_1km"": 799, ""competition_density"": 0.3817, ""lat"": 36.3515062320984, ""lng"": 127.427818000838, ""address_name"": ""대전 동구 한남로 2-1"", ""region_2depth"": ""동구"", ""region_3depth"": ""홍도동""}",305.0,799.0,0.3817
ba_14766647,sbiz_commercial,,,,,,"{""competitor_count_1km"": 305, ""total_shops_1km"": 799, ""competition_density"": 0.3817, ""lat"": 36.3515062320984, ""lng"": 127.427818000838, ""address_name"": ""대전 동구 한남로 2-1"", ""region_2depth"": ""동구"", ""region_3depth"": ""홍도동""}",305.0,799.0,0.3817
ba_14766686,sbiz_commercial,,,,,,"{""competitor_count_1km"": 153, ""total_shops_1km"": 452, ""competition_density"": 0.3385, ""lat"": 37.7099612931198, ""lng"": 126.740115187471, ""address_name"": ""경기 파주시 한울로 84"", ""region_2depth"": ""파주시"", ""region_3depth"": ""동패동""}",153.0,452.0,0.3385
ba_14767892,sbiz_commercial,,,,,,"{""competitor_count_1km"": 274, ""total_shops_1km"": 1000, ""competition_density"": 0.274, ""lat"": 37.5272963699694, ""lng"": 127.131751099967, ""address_name"": ""서울 강동구 양재대로89길 69"", ""region_2depth"": ""강동구"", ""region_3depth"": ""성내동""}",274.0,1000.0,0.274
ba_14767931,sbiz_commercial,,,,,,"{""competitor_count_1km"": 239, ""total_shops_1km"": 1000, ""competition_density"": 0.239, ""lat"": 37.5009467603462, ""lng"": 126.773506716015, ""address_name"": ""경기 부천시 원미구 중동로248번길 86"", ""region_2depth"": ""부천시 원미구"", ""region_3depth"": ""중동""}",239.0,1000.0,0.239
ba_14767932,sbiz_commercial,,,,,,"{""competitor_count_1km"": 239, ""total_shops_1km"": 1000, ""competition_density"": 0.239, ""lat"": 37.5009467603462, ""lng"": 126.773506716015, ""address_name"": ""경기 부천시 원미구 중동로248번길 86"", ""region_2depth"": ""부천시 원미구"", ""region_3depth"": ""중동""}",239.0,1000.0,0.239
ba_14769185,sbiz_commercial,,,,,,"{""competitor_count_1km"": 56, ""total_shops_1km"": 191, ""competition_density"": 0.2932, ""lat"": 36.1426407359653, ""lng"": 128.114924961356, ""address_name"": ""경북 김천시 시청6길 46"", ""region_2depth"": ""김천시"", ""region_3depth"": ""신음동""}",56.0,191.0,0.2932
ba_14770149,sbiz_commercial,,,,,,"{""competitor_count_1km"": 130, ""total_shops_1km"": 1000, ""competition_density"": 0.13, ""lat"": 37.2100184007012, ""lng"": 127.098160594173, ""address_name"": ""경기 화성시 동탄구 동탄대로 635"", ""region_2depth"": ""화성시 동탄구"", ""region_3depth"": ""영천동""}",130.0,1000.0,0.13
ba_14772060,sbiz_commercial,,,,,,"{""competitor_count_1km"": 268, ""total_shops_1km"": 972, ""competition_density"": 0.2757, ""lat"": 37.5464691717347, ""lng"": 127.13598521123, ""address_name"": ""서울 강동구 상암로 122"", ""region_2depth"": ""강동구"", ""region_3depth"": ""천호동""}",268.0,972.0,0.2757
ba_14772844,sbiz_commercial,,,,,,"{""competitor_count_1km"": 65, ""total_shops_1km"": 224, ""competition_density"": 0.2902, ""lat"": 37.6186975124333, ""lng"": 126.622244764455, ""address_name"": ""경기 김포시 양촌읍 황금로109번길 3"", ""region_2depth"": ""김포시"", ""region_3depth"": ""양촌읍 학운리""}",65.0,224.0,0.2902
ba_14773134,sbiz_commercial,,,,,,"{""competitor_count_1km"": 184, ""total_shops_1km"": 611, ""competition_density"": 0.3011, ""lat"": 37.2536033082101, ""lng"": 127.109642886118, ""address_name"": ""경기 용인시 기흥구 한보라1로 14"", ""region_2depth"": ""용인시 기흥구"", ""region_3depth"": ""보라동""}",184.0,611.0,0.3011
ba_14773135,sbiz_commercial,,,,,,"{""competitor_count_1km"": 184, ""total_shops_1km"": 611, ""competition_density"": 0.3011, ""lat"": 37.2536033082101, ""lng"": 127.109642886118, ""address_name"": ""경기 용인시 기흥구 한보라1로 14"", ""region_2depth"": ""용인시 기흥구"", ""region_3depth"": ""보라동""}",184.0,611.0,0.3011
ba_14773140,sbiz_commercial,,,,,,"{""competitor_count_1km"": 103, ""total_shops_1km"": 508, ""competition_density"": 0.2028, ""lat"": 35.8044784018184, ""lng"": 127.129142151002, ""address_name"": ""전북특별자치도 전주시 완산구 효동3길 24"", ""region_2depth"": ""전주시 완산구"", ""region_3depth"": ""효자동1가""}",103.0,508.0,0.2028
ba_14773773,sbiz_commercial,,,,,,"{""competitor_count_1km"": 90, ""total_shops_1km"": 390, ""competition_density"": 0.2308, ""lat"": 37.0572802848504, ""lng"": 127.047438154389, ""address_name"": ""경기 평택시 고덕갈평6길 29"", ""region_2depth"": ""평택시"", ""region_3depth"": ""고덕동""}",90.0,390.0,0.2308
ba_14775022,sbiz_commercial,,,,,,"{""competitor_count_1km"": 175, ""total_shops_1km"": 386, ""competition_density"": 0.4534, ""lat"": 36.9898015268199, ""lng"": 127.444645327375, ""address_name"": ""충북 진천군 광혜원면 장기길 95"", ""region_2depth"": ""진천군"", ""region_3depth"": ""광혜원면 광혜원리""}",175.0,386.0,0.4534
ba_14775582,sbiz_commercial,,,,,,"{""competitor_count_1km"": 43, ""total_shops_1km"": 109, ""competition_density"": 0.3945, ""lat"": 37.3653496024812, ""lng"": 126.712516180176, ""address_name"": ""경기 시흥시 배곧1로 27-15"", ""region_2depth"": ""시흥시"", ""region_3depth"": ""배곧동""}",43.0,109.0,0.3945
ba_14775705,sbiz_commercial,,,,,,"{""competitor_count_1km"": 293, ""total_shops_1km"": 675, ""competition_density"": 0.4341, ""lat"": 35.9635428257991, ""lng"": 126.958191975679, ""address_name"": ""전북특별자치도 익산시 무왕로 898"", ""region_2depth"": ""익산시"", ""region_3depth"": ""신동""}",293.0,675.0,0.4341
ba_14775877,sbiz_commercial,,,,,,"{""competitor_count_1km"": 121, ""total_shops_1km"": 363, ""competition_density"": 0.3333, ""lat"": 36.5116348822129, ""lng"": 127.241037472993, ""address_name"": ""세종특별자치시 세종로 1219"", ""region_2depth"": """", ""region_3depth"": ""고운동""}",121.0,363.0,0.3333
ba_14776515,sbiz_commercial,,,,,,"{""competitor_count_1km"": 81, ""total_shops_1km"": 242, ""competition_density"": 0.3347, ""lat"": 36.9660116625003, ""lng"": 127.495072378768, ""address_name"": ""충북 음성군 대소읍 대화길 30-11"", ""region_2depth"": ""음성군"", ""region_3depth"": ""대소읍 태생리""}",81.0,242.0,0.3347
ba_14778106,sbiz_commercial,,,,,,"{""competitor_count_1km"": 137, ""total_shops_1km"": 1000, ""competition_density"": 0.137, ""lat"": 37.4840173195092, ""lng"": 126.892038946221, ""address_name"": ""서울 구로구 디지털로27가길 5-1"", ""region_2depth"": ""구로구"", ""region_3depth"": ""구로동""}",137.0,1000.0,0.137
ba_14778684,sbiz_commercial,,,,,,"{""competitor_count_1km"": 114, ""total_shops_1km"": 452, ""competition_density"": 0.2522, ""lat"": 35.8193842183495, ""lng"": 128.514970515412, ""address_name"": ""대구 달서구 조암남로32길 40"", ""region_2depth"": ""달서구"", ""region_3depth"": ""대천동""}",114.0,452.0,0.2522
ba_14780115,sbiz_commercial,,,,,,"{""competitor_count_1km"": 153, ""total_shops_1km"": 494, ""competition_density"": 0.3097, ""lat"": 36.3179680464438, ""lng"": 127.432334814514, ""address_name"": ""대전 중구 대종로 364"", ""region_2depth"": ""중구"", ""region_3depth"": ""부사동""}",153.0,494.0,0.3097
ba_14780432,sbiz_commercial,,,,,,"{""competitor_count_1km"": 99, ""total_shops_1km"": 453, ""competition_density"": 0.2185, ""lat"": 37.3804674824066, ""lng"": 127.231108974991, ""address_name"": ""경기 광주시 태봉로 145-2"", ""region_2depth"": ""광주시"", ""region_3depth"": ""태전동""}",99.0,453.0,0.2185
ba_14781731,sbiz_commercial,,,,,,"{""competitor_count_1km"": 218, ""total_shops_1km"": 1000, ""competition_density"": 0.218, ""lat"": 37.5405784823064, ""lng"": 127.213922021368, ""address_name"": ""경기 하남시 대청로 15"", ""region_2depth"": ""하남시"", ""region_3depth"": ""신장동""}",218.0,1000.0,0.218
ba_14782074,sbiz_commercial,,,,,,"{""competitor_count_1km"": 125, ""total_shops_1km"": 387, ""competition_density"": 0.323, ""lat"": 35.9376041587634, ""lng"": 128.544544429735, ""address_name"": ""대구 북구 관음중앙로 42"", ""region_2depth"": ""북구"", ""region_3depth"": ""관음동""}",125.0,387.0,0.323
ba_14782170,sbiz_commercial,,,,,,"{""competitor_count_1km"": 132, ""total_shops_1km"": 268, ""competition_density"": 0.4925, ""lat"": 35.3767664305536, ""lng"": 128.710345786516, ""address_name"": ""경남 밀양시 하남읍 수산로 20-1"", ""region_2depth"": ""밀양시"", ""region_3depth"": ""하남읍 수산리""}",132.0,268.0,0.4925
ba_14782523,sbiz_commercial,,,,,,"{""competitor_count_1km"": 20, ""total_shops_1km"": 65, ""competition_density"": 0.3077, ""lat"": 35.2039681340365, ""lng"": 129.205777133518, ""address_name"": ""부산 기장군 기장읍 기장대로 67"", ""region_2depth"": ""기장군"", ""region_3depth"": ""기장읍 내리""}",20.0,65.0,0.3077
ba_14782607,sbiz_commercial,,,,,,"{""competitor_count_1km"": 81, ""total_shops_1km"": 271, ""competition_density"": 0.2989, ""lat"": 35.8332849332437, ""lng"": 128.742160270663, ""address_name"": ""경북 경산시 남매공원로1길 12"", ""region_2depth"": ""경산시"", ""region_3depth"": ""계양동""}",81.0,271.0,0.2989
ba_14783137,sbiz_commercial,,,,,,"{""competitor_count_1km"": 46, ""total_shops_1km"": 95, ""competition_density"": 0.4842, ""lat"": 38.037121757206, ""lng"": 127.367180534418, ""address_name"": ""경기 포천시 이동면 장암1길 31-1"", ""region_2depth"": ""포천시"", ""region_3depth"": ""이동면 장암리""}",46.0,95.0,0.4842
ba_14783436,sbiz_commercial,,,,,,"{""competitor_count_1km"": 403, ""total_shops_1km"": 820, ""competition_density"": 0.4915, ""lat"": 35.2092326616502, ""lng"": 128.581877323665, ""address_name"": ""경남 창원시 마산합포구 회원천북길 491"", ""region_2depth"": ""창원시 마산합포구"", ""region_3depth"": ""산호동""}",403.0,820.0,0.4915
ba_14783596,sbiz_commercial,,,,,,"{""competitor_count_1km"": 433, ""total_shops_1km"": 1000, ""competition_density"": 0.433, ""lat"": 35.1631989886361, ""lng"": 128.984666883318, ""address_name"": ""부산 사상구 사상로202번길 6"", ""region_2depth"": ""사상구"", ""region_3depth"": ""괘법동""}",433.0,1000.0,0.433
ba_14785504,sbiz_commercial,,,,,,"{""competitor_count_1km"": 388, ""total_shops_1km"": 987, ""competition_density"": 0.3931, ""lat"": 36.7833835528268, ""lng"": 127.580762407749, ""address_name"": ""충북 증평군 증평읍 중앙로 194-5"", ""region_2depth"": ""증평군"", ""region_3depth"": ""증평읍 신동리""}",388.0,987.0,0.3931
ba_14786815,sbiz_commercial,,,,,,"{""competitor_count_1km"": 393, ""total_shops_1km"": 1000, ""competition_density"": 0.393, ""lat"": 35.1405830753071, ""lng"": 129.105883181804, ""address_name"": ""부산 수영구 수영로 377"", ""region_2depth"": ""수영구"", ""region_3depth"": ""남천동""}",393.0,1000.0,0.393
ba_14787229,sbiz_commercial,,,,,,"{""competitor_count_1km"": 117, ""total_shops_1km"": 537, ""competition_density"": 0.2179, ""lat"": 37.259465810768, ""lng"": 126.964251036891, ""address_name"": ""경기 수원시 권선구 호매실로90번길 86"", ""region_2depth"": ""수원시 권선구"", ""region_3depth"": ""호매실동""}",117.0,537.0,0.2179
ba_14787776,sbiz_commercial,,,,,,"{""competitor_count_1km"": 83, ""total_shops_1km"": 221, ""competition_density"": 0.3756, ""lat"": 37.0175518945867, ""lng"": 127.098143165246, ""address_name"": ""경기 평택시 상서재로5길 15"", ""region_2depth"": ""평택시"", ""region_3depth"": ""동삭동""}",83.0,221.0,0.3756
ba_14788152,sbiz_commercial,,,,,,"{""competitor_count_1km"": 200, ""total_shops_1km"": 533, ""competition_density"": 0.3752, ""lat"": 35.1784407805127, ""lng"": 129.047214940623, ""address_name"": ""부산 부산진구 초읍천로108번길 73"", ""region_2depth"": ""부산진구"", ""region_3depth"": ""초읍동""}",200.0,533.0,0.3752
ba_14788494,sbiz_commercial,,,,,,"{""competitor_count_1km"": 92, ""total_shops_1km"": 285, ""competition_density"": 0.3228, ""lat"": 35.1564561281266, ""lng"": 128.68103549579, ""address_name"": ""경남 창원시 진해구 중초로 37"", ""region_2depth"": ""창원시 진해구"", ""region_3depth"": ""경화동""}",92.0,285.0,0.3228
ba_14788679,sbiz_commercial,,,,,,"{""competitor_count_1km"": 361, ""total_shops_1km"": 1000, ""competition_density"": 0.361, ""lat"": 37.3365953473085, ""lng"": 126.810722261529, ""address_name"": ""경기 안산시 단원구 선부광장1로 56"", ""region_2depth"": ""안산시 단원구"", ""region_3depth"": ""선부동""}",361.0,1000.0,0.361
ba_14789833,sbiz_commercial,,,,,,"{""competitor_count_1km"": 117, ""total_shops_1km"": 454, ""competition_density"": 0.2577, ""lat"": 34.9408868999421, ""lng"": 127.504811480364, ""address_name"": ""전남 순천시 남산로 153"", ""region_2depth"": ""순천시"", ""region_3depth"": ""풍덕동""}",117.0,454.0,0.2577
ba_14789844,sbiz_commercial,,,,,,"{""competitor_count_1km"": 89, ""total_shops_1km"": 313, ""competition_density"": 0.2843, ""lat"": 35.1724804660659, ""lng"": 129.138756330029, ""address_name"": ""부산 해운대구 해운대로 361"", ""region_2depth"": ""해운대구"", ""region_3depth"": ""우동""}",89.0,313.0,0.2843
ba_14791302,sbiz_commercial,,,,,,"{""competitor_count_1km"": 200, ""total_shops_1km"": 533, ""competition_density"": 0.3752, ""lat"": 35.1784407805127, ""lng"": 129.047214940623, ""address_name"": ""부산 부산진구 초읍천로108번길 73"", ""region_2depth"": ""부산진구"", ""region_3depth"": ""초읍동""}",200.0,533.0,0.3752
ba_14791437,sbiz_commercial,,,,,,"{""competitor_count_1km"": 158, ""total_shops_1km"": 745, ""competition_density"": 0.2121, ""lat"": 37.5438480395093, ""lng"": 126.934854499348, ""address_name"": ""서울 마포구 토정로18길 11"", ""region_2depth"": ""마포구"", ""region_3depth"": ""현석동""}",158.0,745.0,0.2121
ba_14792754,sbiz_commercial,,,,,,"{""competitor_count_1km"": 177, ""total_shops_1km"": 550, ""competition_density"": 0.3218, ""lat"": 37.2516913242353, ""lng"": 127.108926727198, ""address_name"": ""경기 용인시 기흥구 한보라1로 42-4"", ""region_2depth"": ""용인시 기흥구"", ""region_3depth"": ""보라동""}",177.0,550.0,0.3218
ba_14793023,sbiz_commercial,,,,,,"{""competitor_count_1km"": 212, ""total_shops_1km"": 611, ""competition_density"": 0.347, ""lat"": 37.1166931625706, ""lng"": 127.629240748253, ""address_name"": ""경기 이천시 장호원읍 장감로 60"", ""region_2depth"": ""이천시"", ""region_3depth"": ""장호원읍 장호원리""}",212.0,611.0,0.347
ba_14794083,sbiz_commercial,,,,,,"{""competitor_count_1km"": 325, ""total_shops_1km"": 1000, ""competition_density"": 0.325, ""lat"": 35.1583516793015, ""lng"": 129.113652288614, ""address_name"": ""부산 수영구 수영로588번길 7"", ""region_2depth"": ""수영구"", ""region_3depth"": ""광안동""}",325.0,1000.0,0.325
ba_14794547,sbiz_commercial,,,,,,"{""competitor_count_1km"": 289, ""total_shops_1km"": 1000, ""competition_density"": 0.289, ""lat"": 37.5899007986358, ""lng"": 127.060610064015, ""address_name"": ""서울 동대문구 망우로 67"", ""region_2depth"": ""동대문구"", ""region_3depth"": ""휘경동""}",289.0,1000.0,0.289
ba_14795104,sbiz_commercial,,,,,,"{""competitor_count_1km"": 324, ""total_shops_1km"": 942, ""competition_density"": 0.3439, ""lat"": 37.4685047615936, ""lng"": 126.903752187174, ""address_name"": ""서울 금천구 독산로74길 24"", ""region_2depth"": ""금천구"", ""region_3depth"": ""독산동""}",324.0,942.0,0.3439
ba_14795563,sbiz_commercial,,,,,,"{""competitor_count_1km"": 75, ""total_shops_1km"": 615, ""competition_density"": 0.122, ""lat"": 37.512777866474, ""lng"": 127.011981173143, ""address_name"": ""서울 서초구 잠원로4길 50"", ""region_2depth"": ""서초구"", ""region_3depth"": ""잠원동""}",75.0,615.0,0.122
ba_14796833,sbiz_commercial,,,,,,"{""competitor_count_1km"": 20, ""total_shops_1km"": 43, ""competition_density"": 0.4651, ""lat"": 34.9369948139505, ""lng"": 127.679435026569, ""address_name"": ""전남 광양시 성황6길 14"", ""region_2depth"": ""광양시"", ""region_3depth"": ""성황동""}",20.0,43.0,0.4651
ba_14796835,sbiz_commercial,,,,,,"{""competitor_count_1km"": 287, ""total_shops_1km"": 723, ""competition_density"": 0.397, ""lat"": 35.1877642793139, ""lng"": 128.991065698873, ""address_name"": ""부산 사상구 백양대로 916"", ""region_2depth"": ""사상구"", ""region_3depth"": ""모라동""}",287.0,723.0,0.397
ba_14797330,sbiz_commercial,,,,,,"{""competitor_count_1km"": 225, ""total_shops_1km"": 670, ""competition_density"": 0.3358, ""lat"": 35.2096480762253, ""lng"": 128.113909610252, ""address_name"": ""경남 진주시 초전북로61번길 12-1"", ""region_2depth"": ""진주시"", ""region_3depth"": ""초전동""}",225.0,670.0,0.3358
ba_14797390,sbiz_commercial,,,,,,"{""competitor_count_1km"": 171, ""total_shops_1km"": 450, ""competition_density"": 0.38, ""lat"": 37.2984976226161, ""lng"": 127.029792072385, ""address_name"": ""경기 수원시 장안구 창훈로60번길 29"", ""region_2depth"": ""수원시 장안구"", ""region_3depth"": ""연무동""}",171.0,450.0,0.38
ba_14797999,sbiz_commercial,,,,,,"{""competitor_count_1km"": 318, ""total_shops_1km"": 1000, ""competition_density"": 0.318, ""lat"": 37.5473549419372, ""lng"": 126.943491184885, ""address_name"": ""서울 마포구 백범로 109"", ""region_2depth"": ""마포구"", ""region_3depth"": ""대흥동""}",318.0,1000.0,0.318
ba_14798760,sbiz_commercial,,,,,,"{""competitor_count_1km"": 96, ""total_shops_1km"": 416, ""competition_density"": 0.2308, ""lat"": 37.6301322413257, ""lng"": 126.870437414392, ""address_name"": ""경기 고양시 덕양구 도래울2로 9-1"", ""region_2depth"": ""고양시 덕양구"", ""region_3depth"": ""도내동""}",96.0,416.0,0.2308
ba_14798893,sbiz_commercial,,,,,,"{""competitor_count_1km"": 162, ""total_shops_1km"": 490, ""competition_density"": 0.3306, ""lat"": 37.6489774880873, ""lng"": 127.140359792757, ""address_name"": ""경기 남양주시 퇴계원읍 퇴계원로 21"", ""region_2depth"": ""남양주시"", ""region_3depth"": ""퇴계원읍 퇴계원리""}",162.0,490.0,0.3306
ba_14798894,sbiz_commercial,,,,,,"{""competitor_count_1km"": 162, ""total_shops_1km"": 490, ""competition_density"": 0.3306, ""lat"": 37.6489774880873, ""lng"": 127.140359792757, ""address_name"": ""경기 남양주시 퇴계원읍 퇴계원로 21"", ""region_2depth"": ""남양주시"", ""region_3depth"": ""퇴계원읍 퇴계원리""}",162.0,490.0,0.3306
ba_14799070,sbiz_commercial,,,,,,"{""competitor_count_1km"": 162, ""total_shops_1km"": 571, ""competition_density"": 0.2837, ""lat"": 35.0310189668506, ""lng"": 126.720122436156, ""address_name"": ""전남 나주시 중앙로 20"", ""region_2depth"": ""나주시"", ""region_3depth"": ""남내동""}",162.0,571.0,0.2837
ba_14799629,sbiz_commercial,,,,,,"{""competitor_count_1km"": 213, ""total_shops_1km"": 904, ""competition_density"": 0.2356, ""lat"": 37.2475256423766, ""lng"": 127.053223817376, ""address_name"": ""경기 수원시 영통구 덕영대로1499번길 79"", ""region_2depth"": ""수원시 영통구"", ""region_3depth"": ""망포동""}",213.0,904.0,0.2356
ba_14799660,sbiz_commercial,,,,,,"{""competitor_count_1km"": 259, ""total_shops_1km"": 1000, ""competition_density"": 0.259, ""lat"": 37.7409101222753, ""lng"": 127.049827902005, ""address_name"": ""경기 의정부시 시민로131번길 62"", ""region_2depth"": ""의정부시"", ""region_3depth"": ""의정부동""}",259.0,1000.0,0.259
ba_14799661,sbiz_commercial,,,,,,"{""competitor_count_1km"": 259, ""total_shops_1km"": 1000, ""competition_density"": 0.259, ""lat"": 37.7409101222753, ""lng"": 127.049827902005, ""address_name"": ""경기 의정부시 시민로131번길 62"", ""region_2depth"": ""의정부시"", ""region_3depth"": ""의정부동""}",259.0,1000.0,0.259
ba_14800284,sbiz_commercial,,,,,,"{""competitor_count_1km"": 164, ""total_shops_1km"": 589, ""competition_density"": 0.2784, ""lat"": 35.214099989239, ""lng"": 126.881981254427, ""address_name"": ""광주 북구 양산택지로 89"", ""region_2depth"": ""북구"", ""region_3depth"": ""본촌동""}",164.0,589.0,0.2784
ba_14800652,sbiz_commercial,,,,,,"{""competitor_count_1km"": 160, ""total_shops_1km"": 1000, ""competition_density"": 0.16, ""lat"": 37.4906951444372, ""lng"": 126.991486425642, ""address_name"": ""서울 서초구 방배로 195"", ""region_2depth"": ""서초구"", ""region_3depth"": ""방배동""}",160.0,1000.0,0.16
ba_14801006,sbiz_commercial,,,,,,"{""competitor_count_1km"": 312, ""total_shops_1km"": 1000, ""competition_density"": 0.312, ""lat"": 37.5934825791452, ""lng"": 127.086029571385, ""address_name"": ""서울 중랑구 면목로 465"", ""region_2depth"": ""중랑구"", ""region_3depth"": ""상봉동""}",312.0,1000.0,0.312
ba_14801139,sbiz_commercial,,,,,,"{""competitor_count_1km"": 247, ""total_shops_1km"": 619, ""competition_density"": 0.399, ""lat"": 35.1704976283968, ""lng"": 128.82368749737, ""address_name"": ""경남 김해시 율하숲길 16"", ""region_2depth"": ""김해시"", ""region_3depth"": ""장유동""}",247.0,619.0,0.399
ba_14801362,sbiz_commercial,,,,,,"{""competitor_count_1km"": 208, ""total_shops_1km"": 1000, ""competition_density"": 0.208, ""lat"": 36.6424521877916, ""lng"": 127.425915551562, ""address_name"": ""충북 청주시 흥덕구 대농로 33"", ""region_2depth"": ""청주시 흥덕구"", ""region_3depth"": ""복대동""}",208.0,1000.0,0.208
ba_14803437,sbiz_commercial,,,,,,"{""competitor_count_1km"": 474, ""total_shops_1km"": 1000, ""competition_density"": 0.474, ""lat"": 35.2464246642656, ""lng"": 128.650956810497, ""address_name"": ""경남 창원시 의창구 지귀로 38"", ""region_2depth"": ""창원시 의창구"", ""region_3depth"": ""봉곡동""}",474.0,1000.0,0.474
ba_14808489,sbiz_commercial,,,,,,"{""competitor_count_1km"": 39, ""total_shops_1km"": 186, ""competition_density"": 0.2097, ""lat"": 35.8026224500134, ""lng"": 127.14753342092, ""address_name"": ""전북특별자치도 전주시 완산구 장승배기로 341"", ""region_2depth"": ""전주시 완산구"", ""region_3depth"": ""서서학동""}",39.0,186.0,0.2097
ba_14809478,sbiz_commercial,,,,,,"{""competitor_count_1km"": 328, ""total_shops_1km"": 1000, ""competition_density"": 0.328, ""lat"": 37.2565414119086, ""lng"": 127.023372217723, ""address_name"": ""경기 수원시 권선구 경수대로338번길 17"", ""region_2depth"": ""수원시 권선구"", ""region_3depth"": ""권선동""}",328.0,1000.0,0.328
ba_14809544,sbiz_commercial,,,,,,"{""competitor_count_1km"": 109, ""total_shops_1km"": 576, ""competition_density"": 0.1892, ""lat"": 37.3995231669444, ""lng"": 126.629572683174, ""address_name"": ""인천 연수구 인천타워대로 323"", ""region_2depth"": ""연수구"", ""region_3depth"": ""송도동""}",109.0,576.0,0.1892
ba_14809938,sbiz_commercial,,,,,,"{""competitor_count_1km"": 176, ""total_shops_1km"": 1000, ""competition_density"": 0.176, ""lat"": 37.4845247702189, ""lng"": 127.043631715455, ""address_name"": ""서울 강남구 논현로34길 20"", ""region_2depth"": ""강남구"", ""region_3depth"": ""도곡동""}",176.0,1000.0,0.176
ba_14809961,sbiz_commercial,,,,,,"{""competitor_count_1km"": 251, ""total_shops_1km"": 641, ""competition_density"": 0.3916, ""lat"": 35.2649520412786, ""lng"": 128.628001736895, ""address_name"": ""경남 창원시 의창구 읍성로89번길 2"", ""region_2depth"": ""창원시 의창구"", ""region_3depth"": ""소답동""}",251.0,641.0,0.3916
ba_14810162,sbiz_commercial,,,,,,"{""competitor_count_1km"": 214, ""total_shops_1km"": 1000, ""competition_density"": 0.214, ""lat"": 37.383133453219, ""lng"": 127.125492233427, ""address_name"": ""경기 성남시 분당구 중앙공원로31번길 42"", ""region_2depth"": ""성남시 분당구"", ""region_3depth"": ""서현동""}",214.0,1000.0,0.214
ba_14810163,sbiz_commercial,,,,,,"{""competitor_count_1km"": 214, ""total_shops_1km"": 1000, ""competition_density"": 0.214, ""lat"": 37.383133453219, ""lng"": 127.125492233427, ""address_name"": ""경기 성남시 분당구 중앙공원로31번길 42"", ""region_2depth"": ""성남시 분당구"", ""region_3depth"": ""서현동""}",214.0,1000.0,0.214
ba_14810724,sbiz_commercial,,,,,,"{""competitor_count_1km"": 63, ""total_shops_1km"": 236, ""competition_density"": 0.2669, ""lat"": 35.8897161211344, ""lng"": 128.628530062002, ""address_name"": ""대구 동구 동북로75길 13"", ""region_2depth"": ""동구"", ""region_3depth"": ""신암동""}",63.0,236.0,0.2669
ba_14812126,sbiz_commercial,,,,,,"{""competitor_count_1km"": 101, ""total_shops_1km"": 245, ""competition_density"": 0.4122, ""lat"": 37.6781477686347, ""lng"": 127.490796174358, ""address_name"": ""경기 가평군 설악면 신천중앙로 118-1"", ""region_2depth"": ""가평군"", ""region_3depth"": ""설악면 신천리""}",101.0,245.0,0.4122
ba_14812426,sbiz_commercial,,,,,,"{""competitor_count_1km"": 98, ""total_shops_1km"": 468, ""competition_density"": 0.2094, ""lat"": 36.3365042066403, ""lng"": 127.419478191021, ""address_name"": ""대전 중구 대종로594번길 51"", ""region_2depth"": ""중구"", ""region_3depth"": ""선화동""}",98.0,468.0,0.2094
ba_14812430,sbiz_commercial,,,,,,"{""competitor_count_1km"": 98, ""total_shops_1km"": 468, ""competition_density"": 0.2094, ""lat"": 36.3365042066403, ""lng"": 127.419478191021, ""address_name"": ""대전 중구 대종로594번길 51"", ""region_2depth"": ""중구"", ""region_3depth"": ""선화동""}",98.0,468.0,0.2094
ba_14818313,sbiz_commercial,,,,,,"{""competitor_count_1km"": 168, ""total_shops_1km"": 499, ""competition_density"": 0.3367, ""lat"": 36.2994878845841, ""lng"": 127.378386555811, ""address_name"": ""대전 서구 복수동로 54"", ""region_2depth"": ""서구"", ""region_3depth"": ""복수동""}",168.0,499.0,0.3367
ba_14818314,sbiz_commercial,,,,,,"{""competitor_count_1km"": 168, ""total_shops_1km"": 499, ""competition_density"": 0.3367, ""lat"": 36.2994878845841, ""lng"": 127.378386555811, ""address_name"": ""대전 서구 복수동로 54"", ""region_2depth"": ""서구"", ""region_3depth"": ""복수동""}",168.0,499.0,0.3367
