{
  "classes": [
    -1,
    0,
    1
  ],
  "macro_f1": 0.5160380398913059,
  "weighted_f1": 0.5271298425598312,
  "confusion_matrix": [
    [
      412,
      85,
      444
    ],
    [
      64,
      129,
      81
    ],
    [
      89,
      29,
      324
    ]
  ],
  "report": "              precision    recall  f1-score   support\n\n          -1       0.73      0.44      0.55       941\n           0       0.53      0.47      0.50       274\n           1       0.38      0.73      0.50       442\n\n    accuracy                           0.52      1657\n   macro avg       0.55      0.55      0.52      1657\nweighted avg       0.60      0.52      0.53      1657\n"
}