{
  "RRI (응답개선)": 0.10264086149435346,
  "OPI (주문성과)": 0.5532208818651962,
  "SRI (감성개선)": 0.1084115478540262,
  "RSI (운영안정)": 0.23572670878642413
}