{
  "f1_optimal": 0.7255325317382812,
  "youden_optimal": 0.7255325317382812,
  "cost_optimal": 0.9374988079071045,
  "f1_at_default": 0.4970948999354422,
  "f1_at_f1_optimal": 0.5295202952029521
}